image_id,image_path,stage_label_standardized,case_id,district,source_dataset,green_pixel_ratio,canopy_density_proxy,vegetation_pixel_ratio,brightness_mean,saturation_mean,texture_proxy
mendeley_early_vegetative_Seedling_&_Plant_(1),data/raw/images/auxiliary_wheat_images/WheatPhenology A Multi-Stage Field Image Dataset o/1. Seedling & Plant/Seedling & Plant (1).jpg,early_vegetative,,,Mendeley_WheatPhenology,0.73504638671875,0.39999669883400196,0.714385986328125,112.22122192382812,162.3062286376953,32.06453323364258
mendeley_early_vegetative_Seedling_&_Plant_(10),data/raw/images/auxiliary_wheat_images/WheatPhenology A Multi-Stage Field Image Dataset o/1. Seedling & Plant/Seedling & Plant (10).jpg,early_vegetative,,,Mendeley_WheatPhenology,0.9324188232421875,0.4024742714640703,0.905853271484375,141.7024688720703,215.4249267578125,60.004451751708984
mendeley_early_vegetative_Seedling_&_Plant_(11),data/raw/images/auxiliary_wheat_images/WheatPhenology A Multi-Stage Field Image Dataset o/1. Seedling & Plant/Seedling & Plant (11).jpg,early_vegetative,,,Mendeley_WheatPhenology,0.8941192626953125,0.3701787726624924,0.8637847900390625,145.7186279296875,171.94923400878906,53.0524787902832
mendeley_early_vegetative_Seedling_&_Plant_(12),data/raw/images/auxiliary_wheat_images/WheatPhenology A Multi-Stage Field Image Dataset o/1. Seedling & Plant/Seedling & Plant (12).jpg,early_vegetative,,,Mendeley_WheatPhenology,0.923492431640625,0.41825458756648004,0.8872222900390625,134.78782653808594,200.282470703125,56.67539596557617
mendeley_early_vegetative_Seedling_&_Plant_(13),data/raw/images/auxiliary_wheat_images/WheatPhenology A Multi-Stage Field Image Dataset o/1. Seedling & Plant/Seedling & Plant (13).jpg,early_vegetative,,,Mendeley_WheatPhenology,0.919219970703125,0.4005903723083583,0.88995361328125,140.21812438964844,219.59461975097656,58.762420654296875
mendeley_early_vegetative_Seedling_&_Plant_(14),data/raw/images/auxiliary_wheat_images/WheatPhenology A Multi-Stage Field Image Dataset o/1. Seedling & Plant/Seedling & Plant (14).jpg,early_vegetative,,,Mendeley_WheatPhenology,0.9253082275390625,0.41674819877188574,0.9014892578125,137.1164093017578,195.35826110839844,44.701656341552734
mendeley_early_vegetative_Seedling_&_Plant_(15),data/raw/images/auxiliary_wheat_images/WheatPhenology A Multi-Stage Field Image Dataset o/1. Seedling & Plant/Seedling & Plant (15).jpg,early_vegetative,,,Mendeley_WheatPhenology,0.9243011474609375,0.413546778268966,0.91253662109375,139.43814086914062,196.95033264160156,45.1397819519043
mendeley_early_vegetative_Seedling_&_Plant_(16),data/raw/images/auxiliary_wheat_images/WheatPhenology A Multi-Stage Field Image Dataset o/1. Seedling & Plant/Seedling & Plant (16).jpg,early_vegetative,,,Mendeley_WheatPhenology,0.8399810791015625,0.32721403173225766,0.72698974609375,140.22592163085938,87.20187377929688,46.70242691040039
mendeley_early_vegetative_Seedling_&_Plant_(17),data/raw/images/auxiliary_wheat_images/WheatPhenology A Multi-Stage Field Image Dataset o/1. Seedling & Plant/Seedling & Plant (17).jpg,early_vegetative,,,Mendeley_WheatPhenology,0.857666015625,0.33432123918159334,0.7252197265625,137.44677734375,87.18086242675781,47.292415618896484
mendeley_early_vegetative_Seedling_&_Plant_(18),data/raw/images/auxiliary_wheat_images/WheatPhenology A Multi-Stage Field Image Dataset o/1. Seedling & Plant/Seedling & Plant (18).jpg,early_vegetative,,,Mendeley_WheatPhenology,0.82598876953125,0.284853501908262,0.7086639404296875,152.50057983398438,86.84469604492188,43.83219528198242
mendeley_early_vegetative_Seedling_&_Plant_(19),data/raw/images/auxiliary_wheat_images/WheatPhenology A Multi-Stage Field Image Dataset o/1. Seedling & Plant/Seedling & Plant (19).jpg,early_vegetative,,,Mendeley_WheatPhenology,0.835479736328125,0.33491515448298675,0.7281951904296875,137.71913146972656,90.99177551269531,52.70713806152344
mendeley_early_vegetative_Seedling_&_Plant_(2),data/raw/images/auxiliary_wheat_images/WheatPhenology A Multi-Stage Field Image Dataset o/1. Seedling & Plant/Seedling & Plant (2).jpg,early_vegetative,,,Mendeley_WheatPhenology,0.632537841796875,0.33212876030444805,0.6121063232421875,116.63705444335938,145.3116912841797,38.76171875
mendeley_early_vegetative_Seedling_&_Plant_(3),data/raw/images/auxiliary_wheat_images/WheatPhenology A Multi-Stage Field Image Dataset o/1. Seedling & Plant/Seedling & Plant (3).jpg,early_vegetative,,,Mendeley_WheatPhenology,0.9877471923828125,0.46371043420524577,0.9807281494140625,134.43023681640625,219.2730712890625,34.72809600830078
mendeley_early_vegetative_Seedling_&_Plant_(4),data/raw/images/auxiliary_wheat_images/WheatPhenology A Multi-Stage Field Image Dataset o/1. Seedling & Plant/Seedling & Plant (4).jpg,early_vegetative,,,Mendeley_WheatPhenology,0.92559814453125,0.4092339101046616,0.900726318359375,139.14389038085938,222.10826110839844,55.385250091552734
mendeley_early_vegetative_Seedling_&_Plant_(5),data/raw/images/auxiliary_wheat_images/WheatPhenology A Multi-Stage Field Image Dataset o/1. Seedling & Plant/Seedling & Plant (5).jpg,early_vegetative,,,Mendeley_WheatPhenology,0.94781494140625,0.38772084949282454,0.9234771728515625,147.93853759765625,217.4822998046875,56.306095123291016
mendeley_early_vegetative_Seedling_&_Plant_(6),data/raw/images/auxiliary_wheat_images/WheatPhenology A Multi-Stage Field Image Dataset o/1. Seedling & Plant/Seedling & Plant (6).jpg,early_vegetative,,,Mendeley_WheatPhenology,0.9731292724609375,0.4237177386478174,0.9473114013671875,140.94244384765625,233.48367309570312,49.6165771484375
mendeley_early_vegetative_Seedling_&_Plant_(7),data/raw/images/auxiliary_wheat_images/WheatPhenology A Multi-Stage Field Image Dataset o/1. Seedling & Plant/Seedling & Plant (7).jpg,early_vegetative,,,Mendeley_WheatPhenology,0.8891754150390625,0.40902140220882843,0.874847412109375,135.7786865234375,196.52532958984375,44.69971466064453
mendeley_early_vegetative_Seedling_&_Plant_(8),data/raw/images/auxiliary_wheat_images/WheatPhenology A Multi-Stage Field Image Dataset o/1. Seedling & Plant/Seedling & Plant (8).jpg,early_vegetative,,,Mendeley_WheatPhenology,0.899932861328125,0.4060725608265356,0.8849945068359375,137.9953155517578,206.57667541503906,48.34742736816406
mendeley_early_vegetative_Seedling_&_Plant_(9),data/raw/images/auxiliary_wheat_images/WheatPhenology A Multi-Stage Field Image Dataset o/1. Seedling & Plant/Seedling & Plant (9).jpg,early_vegetative,,,Mendeley_WheatPhenology,0.8661346435546875,0.37919726842904794,0.8288726806640625,138.3411865234375,160.39662170410156,56.704505920410156
mendeley_flowering_Wheat_Flowers_(1),data/raw/images/auxiliary_wheat_images/WheatPhenology A Multi-Stage Field Image Dataset o/2. Wheat Flowers/Wheat Flowers (1).jpg,flowering,,,Mendeley_WheatPhenology,0.7812347412109375,0.2834824145935914,0.773712158203125,161.56988525390625,107.47744750976562,51.62576675415039
mendeley_flowering_Wheat_Flowers_(10),data/raw/images/auxiliary_wheat_images/WheatPhenology A Multi-Stage Field Image Dataset o/2. Wheat Flowers/Wheat Flowers (10).jpg,flowering,,,Mendeley_WheatPhenology,0.78521728515625,0.25490674702450633,0.7353973388671875,166.61074829101562,95.39509582519531,51.502193450927734
mendeley_flowering_Wheat_Flowers_(11),data/raw/images/auxiliary_wheat_images/WheatPhenology A Multi-Stage Field Image Dataset o/2. Wheat Flowers/Wheat Flowers (11).jpg,flowering,,,Mendeley_WheatPhenology,0.8995208740234375,0.28315648847423935,0.804290771484375,165.22537231445312,93.92814636230469,52.52448654174805
mendeley_flowering_Wheat_Flowers_(12),data/raw/images/auxiliary_wheat_images/WheatPhenology A Multi-Stage Field Image Dataset o/2. Wheat Flowers/Wheat Flowers (12).jpg,flowering,,,Mendeley_WheatPhenology,0.9203033447265625,0.3370772918421483,0.7925872802734375,146.55174255371094,96.21823120117188,54.113155364990234
mendeley_flowering_Wheat_Flowers_(13),data/raw/images/auxiliary_wheat_images/WheatPhenology A Multi-Stage Field Image Dataset o/2. Wheat Flowers/Wheat Flowers (13).jpg,flowering,,,Mendeley_WheatPhenology,0.8989105224609375,0.27432726489325215,0.8072052001953125,168.3386993408203,90.54685974121094,47.307823181152344
mendeley_flowering_Wheat_Flowers_(14),data/raw/images/auxiliary_wheat_images/WheatPhenology A Multi-Stage Field Image Dataset o/2. Wheat Flowers/Wheat Flowers (14).jpg,flowering,,,Mendeley_WheatPhenology,0.8899688720703125,0.2595368605517947,0.7523345947265625,167.0312957763672,81.49237060546875,46.04420471191406
mendeley_flowering_Wheat_Flowers_(15),data/raw/images/auxiliary_wheat_images/WheatPhenology A Multi-Stage Field Image Dataset o/2. Wheat Flowers/Wheat Flowers (15).jpg,flowering,,,Mendeley_WheatPhenology,0.827667236328125,0.24290814064443111,0.66302490234375,161.57730102539062,80.94674682617188,54.48920822143555
mendeley_flowering_Wheat_Flowers_(16),data/raw/images/auxiliary_wheat_images/WheatPhenology A Multi-Stage Field Image Dataset o/2. Wheat Flowers/Wheat Flowers (16).jpg,flowering,,,Mendeley_WheatPhenology,0.870635986328125,0.3164964376601811,0.7830352783203125,151.93109130859375,94.85023498535156,54.420936584472656
mendeley_flowering_Wheat_Flowers_(17),data/raw/images/auxiliary_wheat_images/WheatPhenology A Multi-Stage Field Image Dataset o/2. Wheat Flowers/Wheat Flowers (17).jpg,flowering,,,Mendeley_WheatPhenology,0.8188018798828125,0.2738290118756612,0.7536773681640625,162.35240173339844,91.52912902832031,52.78661346435547
mendeley_flowering_Wheat_Flowers_(18),data/raw/images/auxiliary_wheat_images/WheatPhenology A Multi-Stage Field Image Dataset o/2. Wheat Flowers/Wheat Flowers (18).jpg,flowering,,,Mendeley_WheatPhenology,0.920074462890625,0.30328758126489963,0.823089599609375,161.0389862060547,88.915771484375,48.362281799316406
mendeley_flowering_Wheat_Flowers_(19),data/raw/images/auxiliary_wheat_images/WheatPhenology A Multi-Stage Field Image Dataset o/2. Wheat Flowers/Wheat Flowers (19).jpg,flowering,,,Mendeley_WheatPhenology,0.8256683349609375,0.2530662287976228,0.849395751953125,179.026123046875,123.04023742675781,42.91558074951172
mendeley_flowering_Wheat_Flowers_(2),data/raw/images/auxiliary_wheat_images/WheatPhenology A Multi-Stage Field Image Dataset o/2. Wheat Flowers/Wheat Flowers (2).jpg,flowering,,,Mendeley_WheatPhenology,0.909515380859375,0.35133062679247523,0.8677978515625,151.76246643066406,107.45486450195312,54.93833541870117
mendeley_flowering_Wheat_Flowers_(20),data/raw/images/auxiliary_wheat_images/WheatPhenology A Multi-Stage Field Image Dataset o/2. Wheat Flowers/Wheat Flowers (20).jpg,flowering,,,Mendeley_WheatPhenology,0.79296875,0.22096619965399017,0.829833984375,187.09921264648438,122.31434631347656,37.301605224609375
mendeley_flowering_Wheat_Flowers_(21),data/raw/images/auxiliary_wheat_images/WheatPhenology A Multi-Stage Field Image Dataset o/2. Wheat Flowers/Wheat Flowers (21).jpg,flowering,,,Mendeley_WheatPhenology,0.691802978515625,0.18425770795666707,0.756561279296875,192.89569091796875,129.63070678710938,32.31051254272461
mendeley_flowering_Wheat_Flowers_(22),data/raw/images/auxiliary_wheat_images/WheatPhenology A Multi-Stage Field Image Dataset o/2. Wheat Flowers/Wheat Flowers (22).jpg,flowering,,,Mendeley_WheatPhenology,0.87042236328125,0.24519554481239,0.908843994140625,186.20396423339844,129.385498046875,37.58055877685547
mendeley_flowering_Wheat_Flowers_(23),data/raw/images/auxiliary_wheat_images/WheatPhenology A Multi-Stage Field Image Dataset o/2. Wheat Flowers/Wheat Flowers (23).jpg,flowering,,,Mendeley_WheatPhenology,0.8057861328125,0.2265377297851385,0.85943603515625,187.78485107421875,139.12271118164062,33.751792907714844
mendeley_flowering_Wheat_Flowers_(24),data/raw/images/auxiliary_wheat_images/WheatPhenology A Multi-Stage Field Image Dataset o/2. Wheat Flowers/Wheat Flowers (24).jpg,flowering,,,Mendeley_WheatPhenology,0.9029083251953125,0.3223113233680088,0.9230499267578125,165.95889282226562,134.18968200683594,42.973758697509766
mendeley_flowering_Wheat_Flowers_(25),data/raw/images/auxiliary_wheat_images/WheatPhenology A Multi-Stage Field Image Dataset o/2. Wheat Flowers/Wheat Flowers (25).jpg,flowering,,,Mendeley_WheatPhenology,0.8941497802734375,0.31356522151469896,0.9174346923828125,167.84487915039062,135.81198120117188,42.00409698486328
mendeley_flowering_Wheat_Flowers_(26),data/raw/images/auxiliary_wheat_images/WheatPhenology A Multi-Stage Field Image Dataset o/2. Wheat Flowers/Wheat Flowers (26).jpg,flowering,,,Mendeley_WheatPhenology,0.697601318359375,0.2389207342484345,0.5740509033203125,148.86866760253906,61.98710632324219,36.657135009765625
mendeley_flowering_Wheat_Flowers_(27),data/raw/images/auxiliary_wheat_images/WheatPhenology A Multi-Stage Field Image Dataset o/2. Wheat Flowers/Wheat Flowers (27).jpg,flowering,,,Mendeley_WheatPhenology,0.7094879150390625,0.23955645648872154,0.609619140625,154.79498291015625,69.55567932128906,38.02994155883789
mendeley_flowering_Wheat_Flowers_(28),data/raw/images/auxiliary_wheat_images/WheatPhenology A Multi-Stage Field Image Dataset o/2. Wheat Flowers/Wheat Flowers (28).jpg,flowering,,,Mendeley_WheatPhenology,0.7203521728515625,0.25863224708785615,0.653167724609375,154.02865600585938,77.16294860839844,38.70518493652344
mendeley_flowering_Wheat_Flowers_(29),data/raw/images/auxiliary_wheat_images/WheatPhenology A Multi-Stage Field Image Dataset o/2. Wheat Flowers/Wheat Flowers (29).jpg,flowering,,,Mendeley_WheatPhenology,0.7046661376953125,0.25733004484106514,0.605712890625,146.66622924804688,67.37373352050781,37.9724235534668
mendeley_flowering_Wheat_Flowers_(3),data/raw/images/auxiliary_wheat_images/WheatPhenology A Multi-Stage Field Image Dataset o/2. Wheat Flowers/Wheat Flowers (3).jpg,flowering,,,Mendeley_WheatPhenology,0.933685302734375,0.3394557242610437,0.889984130859375,157.7384796142578,97.5819091796875,48.43907165527344
mendeley_flowering_Wheat_Flowers_(30),data/raw/images/auxiliary_wheat_images/WheatPhenology A Multi-Stage Field Image Dataset o/2. Wheat Flowers/Wheat Flowers (30).jpg,flowering,,,Mendeley_WheatPhenology,0.6616973876953125,0.21441400134935976,0.567535400390625,158.66139221191406,78.48478698730469,51.6567268371582
mendeley_flowering_Wheat_Flowers_(31),data/raw/images/auxiliary_wheat_images/WheatPhenology A Multi-Stage Field Image Dataset o/2. Wheat Flowers/Wheat Flowers (31).jpg,flowering,,,Mendeley_WheatPhenology,0.758544921875,0.2515374800400334,0.6542205810546875,156.95652770996094,77.38755798339844,51.880462646484375
mendeley_flowering_Wheat_Flowers_(32),data/raw/images/auxiliary_wheat_images/WheatPhenology A Multi-Stage Field Image Dataset o/2. Wheat Flowers/Wheat Flowers (32).jpg,flowering,,,Mendeley_WheatPhenology,0.54833984375,0.16880578082967915,0.422210693359375,153.0474090576172,65.04856872558594,43.08180236816406
mendeley_flowering_Wheat_Flowers_(33),data/raw/images/auxiliary_wheat_images/WheatPhenology A Multi-Stage Field Image Dataset o/2. Wheat Flowers/Wheat Flowers (33).jpg,flowering,,,Mendeley_WheatPhenology,0.5995330810546875,0.20417585902500385,0.4952850341796875,149.8790283203125,64.78884887695312,38.882896423339844
mendeley_flowering_Wheat_Flowers_(34),data/raw/images/auxiliary_wheat_images/WheatPhenology A Multi-Stage Field Image Dataset o/2. Wheat Flowers/Wheat Flowers (34).jpg,flowering,,,Mendeley_WheatPhenology,0.46441650390625,0.1615659929519775,0.49029541015625,170.97039794921875,108.126953125,46.53034591674805
mendeley_flowering_Wheat_Flowers_(35),data/raw/images/auxiliary_wheat_images/WheatPhenology A Multi-Stage Field Image Dataset o/2. Wheat Flowers/Wheat Flowers (35).jpg,flowering,,,Mendeley_WheatPhenology,0.437164306640625,0.15116493491565478,0.464630126953125,172.037109375,105.008544921875,49.441795349121094
mendeley_flowering_Wheat_Flowers_(36),data/raw/images/auxiliary_wheat_images/WheatPhenology A Multi-Stage Field Image Dataset o/2. Wheat Flowers/Wheat Flowers (36).jpg,flowering,,,Mendeley_WheatPhenology,0.7831268310546875,0.005189414322376251,0.0156707763671875,170.55615234375,16.7568359375,15.966900825500488
mendeley_flowering_Wheat_Flowers_(37),data/raw/images/auxiliary_wheat_images/WheatPhenology A Multi-Stage Field Image Dataset o/2. Wheat Flowers/Wheat Flowers (37).jpg,flowering,,,Mendeley_WheatPhenology,0.6195068359375,0.011785769615979757,0.03533935546875,169.95681762695312,21.496917724609375,22.58636474609375
mendeley_flowering_Wheat_Flowers_(38),data/raw/images/auxiliary_wheat_images/WheatPhenology A Multi-Stage Field Image Dataset o/2. Wheat Flowers/Wheat Flowers (38).jpg,flowering,,,Mendeley_WheatPhenology,0.2958526611328125,0.10823557427079947,0.2897796630859375,159.75497436523438,114.75265502929688,55.34321594238281
mendeley_flowering_Wheat_Flowers_(39),data/raw/images/auxiliary_wheat_images/WheatPhenology A Multi-Stage Field Image Dataset o/2. Wheat Flowers/Wheat Flowers (39).jpg,flowering,,,Mendeley_WheatPhenology,0.2899627685546875,0.1029538445129041,0.2909393310546875,164.76390075683594,110.87763977050781,53.27284622192383
mendeley_flowering_Wheat_Flowers_(4),data/raw/images/auxiliary_wheat_images/WheatPhenology A Multi-Stage Field Image Dataset o/2. Wheat Flowers/Wheat Flowers (4).jpg,flowering,,,Mendeley_WheatPhenology,0.9419708251953125,0.3748215933275574,0.891265869140625,147.75982666015625,107.11473083496094,50.5434684753418
mendeley_flowering_Wheat_Flowers_(40),data/raw/images/auxiliary_wheat_images/WheatPhenology A Multi-Stage Field Image Dataset o/2. Wheat Flowers/Wheat Flowers (40).jpg,flowering,,,Mendeley_WheatPhenology,0.387298583984375,0.141574831688594,0.3663787841796875,156.46377563476562,100.79066467285156,52.75737380981445
mendeley_flowering_Wheat_Flowers_(41),data/raw/images/auxiliary_wheat_images/WheatPhenology A Multi-Stage Field Image Dataset o/2. Wheat Flowers/Wheat Flowers (41).jpg,flowering,,,Mendeley_WheatPhenology,0.3343353271484375,0.132244101298206,0.30230712890625,143.45037841796875,106.23876953125,52.27714157104492
mendeley_flowering_Wheat_Flowers_(42),data/raw/images/auxiliary_wheat_images/WheatPhenology A Multi-Stage Field Image Dataset o/2. Wheat Flowers/Wheat Flowers (42).jpg,flowering,,,Mendeley_WheatPhenology,0.544647216796875,0.2361613010558501,0.4843292236328125,130.66075134277344,102.34539794921875,54.74687957763672
mendeley_flowering_Wheat_Flowers_(43),data/raw/images/auxiliary_wheat_images/WheatPhenology A Multi-Stage Field Image Dataset o/2. Wheat Flowers/Wheat Flowers (43).jpg,flowering,,,Mendeley_WheatPhenology,0.3141021728515625,0.11484868369686108,0.2989349365234375,157.0308074951172,109.00474548339844,52.40058135986328
mendeley_flowering_Wheat_Flowers_(44),data/raw/images/auxiliary_wheat_images/WheatPhenology A Multi-Stage Field Image Dataset o/2. Wheat Flowers/Wheat Flowers (44).jpg,flowering,,,Mendeley_WheatPhenology,0.620941162109375,0.27242419428612086,0.54595947265625,127.75947570800781,89.76875305175781,55.93375015258789
mendeley_flowering_Wheat_Flowers_(45),data/raw/images/auxiliary_wheat_images/WheatPhenology A Multi-Stage Field Image Dataset o/2. Wheat Flowers/Wheat Flowers (45).jpg,flowering,,,Mendeley_WheatPhenology,0.7755584716796875,0.3596382833442048,0.7109832763671875,126.01277160644531,98.82525634765625,52.0966796875
mendeley_flowering_Wheat_Flowers_(46),data/raw/images/auxiliary_wheat_images/WheatPhenology A Multi-Stage Field Image Dataset o/2. Wheat Flowers/Wheat Flowers (46).jpg,flowering,,,Mendeley_WheatPhenology,0.4535369873046875,0.07796715758832208,0.2030792236328125,157.0991668701172,58.66978454589844,49.025428771972656
mendeley_flowering_Wheat_Flowers_(47),data/raw/images/auxiliary_wheat_images/WheatPhenology A Multi-Stage Field Image Dataset o/2. Wheat Flowers/Wheat Flowers (47).jpg,flowering,,,Mendeley_WheatPhenology,0.348907470703125,0.041513398170982506,0.1233978271484375,169.21310424804688,55.18019104003906,40.86273956298828
mendeley_flowering_Wheat_Flowers_(48),data/raw/images/auxiliary_wheat_images/WheatPhenology A Multi-Stage Field Image Dataset o/2. Wheat Flowers/Wheat Flowers (48).jpg,flowering,,,Mendeley_WheatPhenology,0.4305572509765625,0.035380602971303694,0.0697021484375,125.56275939941406,34.088531494140625,40.415260314941406
mendeley_flowering_Wheat_Flowers_(49),data/raw/images/auxiliary_wheat_images/WheatPhenology A Multi-Stage Field Image Dataset o/2. Wheat Flowers/Wheat Flowers (49).jpg,flowering,,,Mendeley_WheatPhenology,0.411163330078125,0.03769912528257598,0.0775909423828125,131.1031036376953,34.10203552246094,37.565406799316406
mendeley_flowering_Wheat_Flowers_(5),data/raw/images/auxiliary_wheat_images/WheatPhenology A Multi-Stage Field Image Dataset o/2. Wheat Flowers/Wheat Flowers (5).jpg,flowering,,,Mendeley_WheatPhenology,0.968719482421875,0.3927249915021307,0.898193359375,143.5041046142578,108.46591186523438,49.728946685791016
mendeley_flowering_Wheat_Flowers_(50),data/raw/images/auxiliary_wheat_images/WheatPhenology A Multi-Stage Field Image Dataset o/2. Wheat Flowers/Wheat Flowers (50).jpg,flowering,,,Mendeley_WheatPhenology,0.391845703125,0.021506148755696473,0.0424957275390625,125.95013427734375,32.752685546875,34.60363006591797
mendeley_flowering_Wheat_Flowers_(51),data/raw/images/auxiliary_wheat_images/WheatPhenology A Multi-Stage Field Image Dataset o/2. Wheat Flowers/Wheat Flowers (51).jpg,flowering,,,Mendeley_WheatPhenology,0.4000091552734375,0.051743261671314635,0.1102447509765625,135.31600952148438,35.39990234375,40.95657730102539
mendeley_flowering_Wheat_Flowers_(52),data/raw/images/auxiliary_wheat_images/WheatPhenology A Multi-Stage Field Image Dataset o/2. Wheat Flowers/Wheat Flowers (52).jpg,flowering,,,Mendeley_WheatPhenology,0.6001434326171875,0.12321339468197787,0.249481201171875,129.0609893798828,49.1595458984375,32.33506774902344
mendeley_flowering_Wheat_Flowers_(53),data/raw/images/auxiliary_wheat_images/WheatPhenology A Multi-Stage Field Image Dataset o/2. Wheat Flowers/Wheat Flowers (53).jpg,flowering,,,Mendeley_WheatPhenology,0.7508544921875,0.22675922243198487,0.4451446533203125,125.10154724121094,54.9031982421875,37.80397415161133
mendeley_flowering_Wheat_Flowers_(54),data/raw/images/auxiliary_wheat_images/WheatPhenology A Multi-Stage Field Image Dataset o/2. Wheat Flowers/Wheat Flowers (54).jpg,flowering,,,Mendeley_WheatPhenology,0.6910552978515625,0.2185361230965046,0.43341064453125,126.42283630371094,56.671478271484375,39.551326751708984
mendeley_flowering_Wheat_Flowers_(55),data/raw/images/auxiliary_wheat_images/WheatPhenology A Multi-Stage Field Image Dataset o/2. Wheat Flowers/Wheat Flowers (55).jpg,flowering,,,Mendeley_WheatPhenology,0.7993316650390625,0.2822271152591223,0.5671234130859375,128.10008239746094,60.83662414550781,40.38460922241211
mendeley_flowering_Wheat_Flowers_(56),data/raw/images/auxiliary_wheat_images/WheatPhenology A Multi-Stage Field Image Dataset o/2. Wheat Flowers/Wheat Flowers (56).jpg,flowering,,,Mendeley_WheatPhenology,0.845184326171875,0.27984087661493057,0.56903076171875,129.59478759765625,56.571868896484375,36.08197021484375
mendeley_flowering_Wheat_Flowers_(57),data/raw/images/auxiliary_wheat_images/WheatPhenology A Multi-Stage Field Image Dataset o/2. Wheat Flowers/Wheat Flowers (57).jpg,flowering,,,Mendeley_WheatPhenology,0.6375732421875,0.23674616254226977,0.4351348876953125,116.26078796386719,55.48289489746094,38.705902099609375
mendeley_flowering_Wheat_Flowers_(58),data/raw/images/auxiliary_wheat_images/WheatPhenology A Multi-Stage Field Image Dataset o/2. Wheat Flowers/Wheat Flowers (58).jpg,flowering,,,Mendeley_WheatPhenology,0.4886016845703125,0.17196424542834945,0.3384857177734375,125.4498291015625,62.193084716796875,60.80086135864258
mendeley_flowering_Wheat_Flowers_(59),data/raw/images/auxiliary_wheat_images/WheatPhenology A Multi-Stage Field Image Dataset o/2. Wheat Flowers/Wheat Flowers (59).jpg,flowering,,,Mendeley_WheatPhenology,0.3090362548828125,0.08974112895883474,0.1746673583984375,123.98532104492188,55.29777526855469,57.09867477416992
mendeley_flowering_Wheat_Flowers_(6),data/raw/images/auxiliary_wheat_images/WheatPhenology A Multi-Stage Field Image Dataset o/2. Wheat Flowers/Wheat Flowers (6).jpg,flowering,,,Mendeley_WheatPhenology,0.831146240234375,0.2728598517046182,0.7553253173828125,162.88172912597656,91.13121032714844,51.77253723144531
mendeley_flowering_Wheat_Flowers_(60),data/raw/images/auxiliary_wheat_images/WheatPhenology A Multi-Stage Field Image Dataset o/2. Wheat Flowers/Wheat Flowers (60).jpg,flowering,,,Mendeley_WheatPhenology,0.40789794921875,0.11146100510240477,0.2881317138671875,156.35568237304688,74.33854675292969,40.66481399536133
mendeley_flowering_Wheat_Flowers_(61),data/raw/images/auxiliary_wheat_images/WheatPhenology A Multi-Stage Field Image Dataset o/2. Wheat Flowers/Wheat Flowers (61).jpg,flowering,,,Mendeley_WheatPhenology,0.448822021484375,0.09274812819910984,0.2509765625,160.7650146484375,72.3248291015625,40.2181282043457
mendeley_flowering_Wheat_Flowers_(62),data/raw/images/auxiliary_wheat_images/WheatPhenology A Multi-Stage Field Image Dataset o/2. Wheat Flowers/Wheat Flowers (62).jpg,flowering,,,Mendeley_WheatPhenology,0.42327880859375,0.08813592413549913,0.244110107421875,162.93228149414062,71.52214050292969,44.40239334106445
mendeley_flowering_Wheat_Flowers_(63),data/raw/images/auxiliary_wheat_images/WheatPhenology A Multi-Stage Field Image Dataset o/2. Wheat Flowers/Wheat Flowers (63).jpg,flowering,,,Mendeley_WheatPhenology,0.4927978515625,0.09993503857403993,0.26080322265625,157.2886505126953,70.9024658203125,40.04999542236328
mendeley_flowering_Wheat_Flowers_(7),data/raw/images/auxiliary_wheat_images/WheatPhenology A Multi-Stage Field Image Dataset o/2. Wheat Flowers/Wheat Flowers (7).jpg,flowering,,,Mendeley_WheatPhenology,0.8498687744140625,0.3141057164079564,0.687042236328125,138.41770935058594,103.03855895996094,61.968021392822266
mendeley_flowering_Wheat_Flowers_(8),data/raw/images/auxiliary_wheat_images/WheatPhenology A Multi-Stage Field Image Dataset o/2. Wheat Flowers/Wheat Flowers (8).jpg,flowering,,,Mendeley_WheatPhenology,0.794158935546875,0.24800100473997494,0.6814422607421875,162.1964569091797,85.28358459472656,53.23542785644531
mendeley_flowering_Wheat_Flowers_(9),data/raw/images/auxiliary_wheat_images/WheatPhenology A Multi-Stage Field Image Dataset o/2. Wheat Flowers/Wheat Flowers (9).jpg,flowering,,,Mendeley_WheatPhenology,0.8111114501953125,0.2439016356333798,0.6722869873046875,162.487548828125,82.08436584472656,53.417152404785156
mendeley_grain_filling_initial_Plant_with_Fruit_(1),data/raw/images/auxiliary_wheat_images/WheatPhenology A Multi-Stage Field Image Dataset o/3. Plant with Fruit/Plant with Fruit (1).jpg,grain_filling_initial,,,Mendeley_WheatPhenology,0.9899139404296875,0.4615473316279331,0.9821929931640625,135.17164611816406,215.97857666015625,35.095977783203125
mendeley_grain_filling_initial_Plant_with_Fruit_(10),data/raw/images/auxiliary_wheat_images/WheatPhenology A Multi-Stage Field Image Dataset o/3. Plant with Fruit/Plant with Fruit (10).jpg,grain_filling_initial,,,Mendeley_WheatPhenology,0.1732940673828125,0.04323886969017194,0.1423187255859375,177.52662658691406,83.71736145019531,55.85731506347656
mendeley_grain_filling_initial_Plant_with_Fruit_(100),data/raw/images/auxiliary_wheat_images/WheatPhenology A Multi-Stage Field Image Dataset o/3. Plant with Fruit/Plant with Fruit (100).jpg,grain_filling_initial,,,Mendeley_WheatPhenology,0.967437744140625,0.3346680229529739,0.9797515869140625,167.89593505859375,173.02145385742188,31.7663516998291
mendeley_grain_filling_initial_Plant_with_Fruit_(101),data/raw/images/auxiliary_wheat_images/WheatPhenology A Multi-Stage Field Image Dataset o/3. Plant with Fruit/Plant with Fruit (101).jpg,grain_filling_initial,,,Mendeley_WheatPhenology,0.7538604736328125,0.25504216602272994,0.8133392333984375,175.03858947753906,176.50721740722656,22.983800888061523
mendeley_grain_filling_initial_Plant_with_Fruit_(102),data/raw/images/auxiliary_wheat_images/WheatPhenology A Multi-Stage Field Image Dataset o/3. Plant with Fruit/Plant with Fruit (102).jpg,grain_filling_initial,,,Mendeley_WheatPhenology,0.6581878662109375,0.21004533679224552,0.6730499267578125,175.4196319580078,158.7878875732422,29.16080665588379
mendeley_grain_filling_initial_Plant_with_Fruit_(103),data/raw/images/auxiliary_wheat_images/WheatPhenology A Multi-Stage Field Image Dataset o/3. Plant with Fruit/Plant with Fruit (103).jpg,grain_filling_initial,,,Mendeley_WheatPhenology,0.9501190185546875,0.3506613976048196,0.9651336669921875,162.35101318359375,181.45346069335938,33.81729507446289
mendeley_grain_filling_initial_Plant_with_Fruit_(104),data/raw/images/auxiliary_wheat_images/WheatPhenology A Multi-Stage Field Image Dataset o/3. Plant with Fruit/Plant with Fruit (104).jpg,grain_filling_initial,,,Mendeley_WheatPhenology,0.65631103515625,0.23185363032252473,0.719329833984375,172.8086700439453,180.999267578125,24.203126907348633
mendeley_grain_filling_initial_Plant_with_Fruit_(105),data/raw/images/auxiliary_wheat_images/WheatPhenology A Multi-Stage Field Image Dataset o/3. Plant with Fruit/Plant with Fruit (105).jpg,grain_filling_initial,,,Mendeley_WheatPhenology,0.985076904296875,0.3602533607469762,0.9790496826171875,161.16961669921875,148.06655883789062,43.45073318481445
mendeley_grain_filling_initial_Plant_with_Fruit_(106),data/raw/images/auxiliary_wheat_images/WheatPhenology A Multi-Stage Field Image Dataset o/3. Plant with Fruit/Plant with Fruit (106).jpg,grain_filling_initial,,,Mendeley_WheatPhenology,0.9890594482421875,0.36268341587856406,0.9844207763671875,161.05209350585938,149.2541961669922,43.457550048828125
mendeley_grain_filling_initial_Plant_with_Fruit_(107),data/raw/images/auxiliary_wheat_images/WheatPhenology A Multi-Stage Field Image Dataset o/3. Plant with Fruit/Plant with Fruit (107).jpg,grain_filling_initial,,,Mendeley_WheatPhenology,0.67340087890625,0.30118885823689834,0.667816162109375,139.99356079101562,126.09260559082031,49.803611755371094
mendeley_grain_filling_initial_Plant_with_Fruit_(108),data/raw/images/auxiliary_wheat_images/WheatPhenology A Multi-Stage Field Image Dataset o/3. Plant with Fruit/Plant with Fruit (108).jpg,grain_filling_initial,,,Mendeley_WheatPhenology,0.9098968505859375,0.2834872905027998,0.9485321044921875,178.7882843017578,118.29612731933594,49.50181579589844
mendeley_grain_filling_initial_Plant_with_Fruit_(109),data/raw/images/auxiliary_wheat_images/WheatPhenology A Multi-Stage Field Image Dataset o/3. Plant with Fruit/Plant with Fruit (109).jpg,grain_filling_initial,,,Mendeley_WheatPhenology,0.758056640625,0.22080352179085216,0.8075103759765625,185.27346801757812,119.06684875488281,48.65786361694336
mendeley_grain_filling_initial_Plant_with_Fruit_(11),data/raw/images/auxiliary_wheat_images/WheatPhenology A Multi-Stage Field Image Dataset o/3. Plant with Fruit/Plant with Fruit (11).jpg,grain_filling_initial,,,Mendeley_WheatPhenology,0.4071044921875,0.07736188097692588,0.237823486328125,172.05075073242188,66.59861755371094,40.58045959472656
mendeley_grain_filling_initial_Plant_with_Fruit_(110),data/raw/images/auxiliary_wheat_images/WheatPhenology A Multi-Stage Field Image Dataset o/3. Plant with Fruit/Plant with Fruit (110).jpg,grain_filling_initial,,,Mendeley_WheatPhenology,0.966033935546875,0.34445920240079214,0.9799957275390625,165.3699188232422,140.79931640625,41.352928161621094
mendeley_grain_filling_initial_Plant_with_Fruit_(111),data/raw/images/auxiliary_wheat_images/WheatPhenology A Multi-Stage Field Image Dataset o/3. Plant with Fruit/Plant with Fruit (111).jpg,grain_filling_initial,,,Mendeley_WheatPhenology,0.97705078125,0.35207841244215765,0.986602783203125,164.00086975097656,138.03067016601562,42.12697982788086
mendeley_grain_filling_initial_Plant_with_Fruit_(112),data/raw/images/auxiliary_wheat_images/WheatPhenology A Multi-Stage Field Image Dataset o/3. Plant with Fruit/Plant with Fruit (112).jpg,grain_filling_initial,,,Mendeley_WheatPhenology,0.294586181640625,0.09965475912151094,0.3517608642578125,182.75784301757812,142.17776489257812,27.171947479248047
mendeley_grain_filling_initial_Plant_with_Fruit_(113),data/raw/images/auxiliary_wheat_images/WheatPhenology A Multi-Stage Field Image Dataset o/3. Plant with Fruit/Plant with Fruit (113).jpg,grain_filling_initial,,,Mendeley_WheatPhenology,0.3630523681640625,0.12089553020675393,0.4309234619140625,183.45977783203125,144.3441925048828,27.217844009399414
mendeley_grain_filling_initial_Plant_with_Fruit_(114),data/raw/images/auxiliary_wheat_images/WheatPhenology A Multi-Stage Field Image Dataset o/3. Plant with Fruit/Plant with Fruit (114).jpg,grain_filling_initial,,,Mendeley_WheatPhenology,0.9319610595703125,0.3452113646447804,0.9134063720703125,158.62570190429688,106.87001037597656,44.2065544128418
mendeley_grain_filling_initial_Plant_with_Fruit_(115),data/raw/images/auxiliary_wheat_images/WheatPhenology A Multi-Stage Field Image Dataset o/3. Plant with Fruit/Plant with Fruit (115).jpg,grain_filling_initial,,,Mendeley_WheatPhenology,0.977325439453125,0.29402027296486727,0.980682373046875,178.54795837402344,112.53193664550781,46.80582046508789
mendeley_grain_filling_initial_Plant_with_Fruit_(116),data/raw/images/auxiliary_wheat_images/WheatPhenology A Multi-Stage Field Image Dataset o/3. Plant with Fruit/Plant with Fruit (116).jpg,grain_filling_initial,,,Mendeley_WheatPhenology,0.942718505859375,0.2809437781225379,0.967742919921875,180.9713897705078,114.27957153320312,45.92802429199219
mendeley_grain_filling_initial_Plant_with_Fruit_(117),data/raw/images/auxiliary_wheat_images/WheatPhenology A Multi-Stage Field Image Dataset o/3. Plant with Fruit/Plant with Fruit (117).jpg,grain_filling_initial,,,Mendeley_WheatPhenology,0.8348236083984375,0.3132379022289944,0.8185577392578125,157.4190216064453,105.0364990234375,47.207115173339844
mendeley_grain_filling_initial_Plant_with_Fruit_(118),data/raw/images/auxiliary_wheat_images/WheatPhenology A Multi-Stage Field Image Dataset o/3. Plant with Fruit/Plant with Fruit (118).jpg,grain_filling_initial,,,Mendeley_WheatPhenology,0.860260009765625,0.3277206602634168,0.837310791015625,155.19384765625,109.85450744628906,52.900489807128906
mendeley_grain_filling_initial_Plant_with_Fruit_(119),data/raw/images/auxiliary_wheat_images/WheatPhenology A Multi-Stage Field Image Dataset o/3. Plant with Fruit/Plant with Fruit (119).jpg,grain_filling_initial,,,Mendeley_WheatPhenology,0.592559814453125,0.26063086822921155,0.5770263671875,139.82177734375,116.93357849121094,56.577667236328125
mendeley_grain_filling_initial_Plant_with_Fruit_(12),data/raw/images/auxiliary_wheat_images/WheatPhenology A Multi-Stage Field Image Dataset o/3. Plant with Fruit/Plant with Fruit (12).jpg,grain_filling_initial,,,Mendeley_WheatPhenology,0.160675048828125,0.05928398429361336,0.175079345703125,168.65391540527344,114.24932861328125,25.678319931030273
mendeley_grain_filling_initial_Plant_with_Fruit_(120),data/raw/images/auxiliary_wheat_images/WheatPhenology A Multi-Stage Field Image Dataset o/3. Plant with Fruit/Plant with Fruit (120).jpg,grain_filling_initial,,,Mendeley_WheatPhenology,0.5556793212890625,0.25115481512073207,0.53375244140625,135.01089477539062,118.71678161621094,58.964019775390625
mendeley_grain_filling_initial_Plant_with_Fruit_(121),data/raw/images/auxiliary_wheat_images/WheatPhenology A Multi-Stage Field Image Dataset o/3. Plant with Fruit/Plant with Fruit (121).jpg,grain_filling_initial,,,Mendeley_WheatPhenology,0.5781402587890625,0.2654367862963209,0.55859375,133.82717895507812,118.31658935546875,58.28708267211914
mendeley_grain_filling_initial_Plant_with_Fruit_(122),data/raw/images/auxiliary_wheat_images/WheatPhenology A Multi-Stage Field Image Dataset o/3. Plant with Fruit/Plant with Fruit (122).jpg,grain_filling_initial,,,Mendeley_WheatPhenology,0.735382080078125,0.3251605726340238,0.726470947265625,140.86474609375,127.53511047363281,52.50114440917969
mendeley_grain_filling_initial_Plant_with_Fruit_(123),data/raw/images/auxiliary_wheat_images/WheatPhenology A Multi-Stage Field Image Dataset o/3. Plant with Fruit/Plant with Fruit (123).jpg,grain_filling_initial,,,Mendeley_WheatPhenology,0.7689208984375,0.34379993247087387,0.757476806640625,139.26182556152344,125.73991394042969,50.94486999511719
mendeley_grain_filling_initial_Plant_with_Fruit_(124),data/raw/images/auxiliary_wheat_images/WheatPhenology A Multi-Stage Field Image Dataset o/3. Plant with Fruit/Plant with Fruit (124).jpg,grain_filling_initial,,,Mendeley_WheatPhenology,0.917572021484375,0.4348622315873702,0.8853759765625,129.75392150878906,126.87533569335938,48.209388732910156
mendeley_grain_filling_initial_Plant_with_Fruit_(125),data/raw/images/auxiliary_wheat_images/WheatPhenology A Multi-Stage Field Image Dataset o/3. Plant with Fruit/Plant with Fruit (125).jpg,grain_filling_initial,,,Mendeley_WheatPhenology,0.829803466796875,0.3242816375358505,0.8053131103515625,152.3171844482422,104.95701599121094,51.935577392578125
mendeley_grain_filling_initial_Plant_with_Fruit_(126),data/raw/images/auxiliary_wheat_images/WheatPhenology A Multi-Stage Field Image Dataset o/3. Plant with Fruit/Plant with Fruit (126).jpg,grain_filling_initial,,,Mendeley_WheatPhenology,0.8806915283203125,0.33119908197983805,0.8416748046875,154.65748596191406,104.73782348632812,57.62900924682617
mendeley_grain_filling_initial_Plant_with_Fruit_(127),data/raw/images/auxiliary_wheat_images/WheatPhenology A Multi-Stage Field Image Dataset o/3. Plant with Fruit/Plant with Fruit (127).jpg,grain_filling_initial,,,Mendeley_WheatPhenology,0.8585357666015625,0.3299920956878101,0.8387451171875,154.6739501953125,110.3837890625,57.73836135864258
mendeley_grain_filling_initial_Plant_with_Fruit_(128),data/raw/images/auxiliary_wheat_images/WheatPhenology A Multi-Stage Field Image Dataset o/3. Plant with Fruit/Plant with Fruit (128).jpg,grain_filling_initial,,,Mendeley_WheatPhenology,0.6679229736328125,0.19525346700102092,0.693878173828125,183.24441528320312,113.23310852050781,54.90180587768555
mendeley_grain_filling_initial_Plant_with_Fruit_(129),data/raw/images/auxiliary_wheat_images/WheatPhenology A Multi-Stage Field Image Dataset o/3. Plant with Fruit/Plant with Fruit (129).jpg,grain_filling_initial,,,Mendeley_WheatPhenology,0.5723114013671875,0.22245180554797547,0.558624267578125,153.4555206298828,106.85301208496094,52.17253494262695
mendeley_grain_filling_initial_Plant_with_Fruit_(13),data/raw/images/auxiliary_wheat_images/WheatPhenology A Multi-Stage Field Image Dataset o/3. Plant with Fruit/Plant with Fruit (13).jpg,grain_filling_initial,,,Mendeley_WheatPhenology,0.5688934326171875,0.08596208221279082,0.3525238037109375,192.81886291503906,61.02772521972656,31.879940032958984
mendeley_grain_filling_initial_Plant_with_Fruit_(130),data/raw/images/auxiliary_wheat_images/WheatPhenology A Multi-Stage Field Image Dataset o/3. Plant with Fruit/Plant with Fruit (130).jpg,grain_filling_initial,,,Mendeley_WheatPhenology,0.8121490478515625,0.31791567293214884,0.7987518310546875,153.5060272216797,117.89308166503906,58.6082763671875
mendeley_grain_filling_initial_Plant_with_Fruit_(131),data/raw/images/auxiliary_wheat_images/WheatPhenology A Multi-Stage Field Image Dataset o/3. Plant with Fruit/Plant with Fruit (131).jpg,grain_filling_initial,,,Mendeley_WheatPhenology,0.805450439453125,0.318328011598365,0.795440673828125,152.95135498046875,117.21905517578125,58.64276885986328
mendeley_grain_filling_initial_Plant_with_Fruit_(132),data/raw/images/auxiliary_wheat_images/WheatPhenology A Multi-Stage Field Image Dataset o/3. Plant with Fruit/Plant with Fruit (132).jpg,grain_filling_initial,,,Mendeley_WheatPhenology,0.81475830078125,0.32750058237134533,0.805816650390625,151.3627166748047,116.86506652832031,58.41082763671875
mendeley_grain_filling_initial_Plant_with_Fruit_(133),data/raw/images/auxiliary_wheat_images/WheatPhenology A Multi-Stage Field Image Dataset o/3. Plant with Fruit/Plant with Fruit (133).jpg,grain_filling_initial,,,Mendeley_WheatPhenology,0.91864013671875,0.4022341481117787,0.894805908203125,140.3721160888672,109.185302734375,46.886009216308594
mendeley_grain_filling_initial_Plant_with_Fruit_(134),data/raw/images/auxiliary_wheat_images/WheatPhenology A Multi-Stage Field Image Dataset o/3. Plant with Fruit/Plant with Fruit (134).jpg,grain_filling_initial,,,Mendeley_WheatPhenology,0.8886871337890625,0.3482542324619477,0.8686065673828125,152.76173400878906,98.23744201660156,44.927032470703125
mendeley_grain_filling_initial_Plant_with_Fruit_(135),data/raw/images/auxiliary_wheat_images/WheatPhenology A Multi-Stage Field Image Dataset o/3. Plant with Fruit/Plant with Fruit (135).jpg,grain_filling_initial,,,Mendeley_WheatPhenology,0.90673828125,0.3645200741824274,0.908233642578125,152.65560913085938,97.81089782714844,37.49660110473633
mendeley_grain_filling_initial_Plant_with_Fruit_(136),data/raw/images/auxiliary_wheat_images/WheatPhenology A Multi-Stage Field Image Dataset o/3. Plant with Fruit/Plant with Fruit (136).jpg,grain_filling_initial,,,Mendeley_WheatPhenology,0.92169189453125,0.3689835982981558,0.9003448486328125,150.49468994140625,102.80229187011719,44.72725296020508
mendeley_grain_filling_initial_Plant_with_Fruit_(137),data/raw/images/auxiliary_wheat_images/WheatPhenology A Multi-Stage Field Image Dataset o/3. Plant with Fruit/Plant with Fruit (137).jpg,grain_filling_initial,,,Mendeley_WheatPhenology,0.912872314453125,0.37065179006415694,0.8916778564453125,149.00184631347656,103.54890441894531,46.82156753540039
mendeley_grain_filling_initial_Plant_with_Fruit_(138),data/raw/images/auxiliary_wheat_images/WheatPhenology A Multi-Stage Field Image Dataset o/3. Plant with Fruit/Plant with Fruit (138).jpg,grain_filling_initial,,,Mendeley_WheatPhenology,0.714935302734375,0.26231415685375825,0.667144775390625,154.7367401123047,97.34877014160156,42.78959655761719
mendeley_grain_filling_initial_Plant_with_Fruit_(139),data/raw/images/auxiliary_wheat_images/WheatPhenology A Multi-Stage Field Image Dataset o/3. Plant with Fruit/Plant with Fruit (139).jpg,grain_filling_initial,,,Mendeley_WheatPhenology,0.7940826416015625,0.23216910492080975,0.572723388671875,151.62876892089844,66.85234069824219,40.20234298706055
mendeley_grain_filling_initial_Plant_with_Fruit_(14),data/raw/images/auxiliary_wheat_images/WheatPhenology A Multi-Stage Field Image Dataset o/3. Plant with Fruit/Plant with Fruit (14).jpg,grain_filling_initial,,,Mendeley_WheatPhenology,0.63739013671875,0.10902922943818803,0.386962890625,183.1521453857422,60.86836242675781,32.69068145751953
mendeley_grain_filling_initial_Plant_with_Fruit_(140),data/raw/images/auxiliary_wheat_images/WheatPhenology A Multi-Stage Field Image Dataset o/3. Plant with Fruit/Plant with Fruit (140).jpg,grain_filling_initial,,,Mendeley_WheatPhenology,0.7531890869140625,0.24890797194458694,0.6036376953125,149.8516082763672,76.15211486816406,48.39881896972656
mendeley_grain_filling_initial_Plant_with_Fruit_(141),data/raw/images/auxiliary_wheat_images/WheatPhenology A Multi-Stage Field Image Dataset o/3. Plant with Fruit/Plant with Fruit (141).jpg,grain_filling_initial,,,Mendeley_WheatPhenology,0.7881927490234375,0.2539432374669202,0.6188201904296875,150.35647583007812,73.04438781738281,36.86561965942383
mendeley_grain_filling_initial_Plant_with_Fruit_(142),data/raw/images/auxiliary_wheat_images/WheatPhenology A Multi-Stage Field Image Dataset o/3. Plant with Fruit/Plant with Fruit (142).jpg,grain_filling_initial,,,Mendeley_WheatPhenology,0.81634521484375,0.2629429157823324,0.63812255859375,149.92544555664062,73.49557495117188,40.50577163696289
mendeley_grain_filling_initial_Plant_with_Fruit_(143),data/raw/images/auxiliary_wheat_images/WheatPhenology A Multi-Stage Field Image Dataset o/3. Plant with Fruit/Plant with Fruit (143).jpg,grain_filling_initial,,,Mendeley_WheatPhenology,0.822021484375,0.26445379702684785,0.6305999755859375,148.06101989746094,72.61282348632812,39.561439514160156
mendeley_grain_filling_initial_Plant_with_Fruit_(144),data/raw/images/auxiliary_wheat_images/WheatPhenology A Multi-Stage Field Image Dataset o/3. Plant with Fruit/Plant with Fruit (144).jpg,grain_filling_initial,,,Mendeley_WheatPhenology,0.7944793701171875,0.2523568601018804,0.609283447265625,149.3824920654297,70.25323486328125,39.08208084106445
mendeley_grain_filling_initial_Plant_with_Fruit_(145),data/raw/images/auxiliary_wheat_images/WheatPhenology A Multi-Stage Field Image Dataset o/3. Plant with Fruit/Plant with Fruit (145).jpg,grain_filling_initial,,,Mendeley_WheatPhenology,0.3798065185546875,0.13912745306414423,0.386383056640625,163.1804962158203,98.77032470703125,45.63742446899414
mendeley_grain_filling_initial_Plant_with_Fruit_(146),data/raw/images/auxiliary_wheat_images/WheatPhenology A Multi-Stage Field Image Dataset o/3. Plant with Fruit/Plant with Fruit (146).jpg,grain_filling_initial,,,Mendeley_WheatPhenology,0.6219024658203125,0.21703716175283724,0.5629730224609375,156.69248962402344,99.857666015625,42.54430389404297
mendeley_grain_filling_initial_Plant_with_Fruit_(147),data/raw/images/auxiliary_wheat_images/WheatPhenology A Multi-Stage Field Image Dataset o/3. Plant with Fruit/Plant with Fruit (147).jpg,grain_filling_initial,,,Mendeley_WheatPhenology,0.65252685546875,0.22180035989183716,0.577728271484375,157.1008758544922,103.74104309082031,45.97465133666992
mendeley_grain_filling_initial_Plant_with_Fruit_(148),data/raw/images/auxiliary_wheat_images/WheatPhenology A Multi-Stage Field Image Dataset o/3. Plant with Fruit/Plant with Fruit (148).jpg,grain_filling_initial,,,Mendeley_WheatPhenology,0.5558319091796875,0.20184814478635932,0.5249481201171875,156.9497833251953,106.68572998046875,42.68478775024414
mendeley_grain_filling_initial_Plant_with_Fruit_(149),data/raw/images/auxiliary_wheat_images/WheatPhenology A Multi-Stage Field Image Dataset o/3. Plant with Fruit/Plant with Fruit (149).jpg,grain_filling_initial,,,Mendeley_WheatPhenology,0.542022705078125,0.1777318894169202,0.47857666015625,160.2991180419922,92.15910339355469,51.493202209472656
mendeley_grain_filling_initial_Plant_with_Fruit_(15),data/raw/images/auxiliary_wheat_images/WheatPhenology A Multi-Stage Field Image Dataset o/3. Plant with Fruit/Plant with Fruit (15).jpg,grain_filling_initial,,,Mendeley_WheatPhenology,0.4155120849609375,0.06011507168923522,0.22674560546875,187.3940887451172,65.81199645996094,32.70125961303711
mendeley_grain_filling_initial_Plant_with_Fruit_(150),data/raw/images/auxiliary_wheat_images/WheatPhenology A Multi-Stage Field Image Dataset o/3. Plant with Fruit/Plant with Fruit (150).jpg,grain_filling_initial,,,Mendeley_WheatPhenology,0.41888427734375,0.1394955299931633,0.3771514892578125,160.6841583251953,96.04747009277344,52.203712463378906
mendeley_grain_filling_initial_Plant_with_Fruit_(151),data/raw/images/auxiliary_wheat_images/WheatPhenology A Multi-Stage Field Image Dataset o/3. Plant with Fruit/Plant with Fruit (151).jpg,grain_filling_initial,,,Mendeley_WheatPhenology,0.6428985595703125,0.1993506104101007,0.548187255859375,162.26817321777344,88.3922119140625,51.59187698364258
mendeley_grain_filling_initial_Plant_with_Fruit_(152),data/raw/images/auxiliary_wheat_images/WheatPhenology A Multi-Stage Field Image Dataset o/3. Plant with Fruit/Plant with Fruit (152).jpg,grain_filling_initial,,,Mendeley_WheatPhenology,0.462921142578125,0.14954015273673862,0.4140625,162.9058380126953,99.40585327148438,52.03216552734375
mendeley_grain_filling_initial_Plant_with_Fruit_(153),data/raw/images/auxiliary_wheat_images/WheatPhenology A Multi-Stage Field Image Dataset o/3. Plant with Fruit/Plant with Fruit (153).jpg,grain_filling_initial,,,Mendeley_WheatPhenology,0.00927734375,0.001086652928999826,0.0023040771484375,134.7364501953125,35.58514404296875,27.5631103515625
mendeley_grain_filling_initial_Plant_with_Fruit_(154),data/raw/images/auxiliary_wheat_images/WheatPhenology A Multi-Stage Field Image Dataset o/3. Plant with Fruit/Plant with Fruit (154).jpg,grain_filling_initial,,,Mendeley_WheatPhenology,0.0018463134765625,0.0,0.0,160.3909912109375,23.43609619140625,37.45893096923828
mendeley_grain_filling_initial_Plant_with_Fruit_(155),data/raw/images/auxiliary_wheat_images/WheatPhenology A Multi-Stage Field Image Dataset o/3. Plant with Fruit/Plant with Fruit (155).jpg,grain_filling_initial,,,Mendeley_WheatPhenology,0.1358184814453125,0.004418270994781279,0.0111846923828125,154.26776123046875,30.082672119140625,40.70447540283203
mendeley_grain_filling_initial_Plant_with_Fruit_(156),data/raw/images/auxiliary_wheat_images/WheatPhenology A Multi-Stage Field Image Dataset o/3. Plant with Fruit/Plant with Fruit (156).jpg,grain_filling_initial,,,Mendeley_WheatPhenology,0.20166015625,0.007404250999474351,0.0195465087890625,158.4055633544922,33.91107177734375,42.0303840637207
mendeley_grain_filling_initial_Plant_with_Fruit_(157),data/raw/images/auxiliary_wheat_images/WheatPhenology A Multi-Stage Field Image Dataset o/3. Plant with Fruit/Plant with Fruit (157).jpg,grain_filling_initial,,,Mendeley_WheatPhenology,0.2168426513671875,0.0090107845206398,0.0240020751953125,159.26869201660156,33.320037841796875,37.84829330444336
mendeley_grain_filling_initial_Plant_with_Fruit_(158),data/raw/images/auxiliary_wheat_images/WheatPhenology A Multi-Stage Field Image Dataset o/3. Plant with Fruit/Plant with Fruit (158).jpg,grain_filling_initial,,,Mendeley_WheatPhenology,0.223785400390625,0.00898558719668026,0.024139404296875,160.07948303222656,33.630889892578125,34.794559478759766
mendeley_grain_filling_initial_Plant_with_Fruit_(159),data/raw/images/auxiliary_wheat_images/WheatPhenology A Multi-Stage Field Image Dataset o/3. Plant with Fruit/Plant with Fruit (159).jpg,grain_filling_initial,,,Mendeley_WheatPhenology,0.012908935546875,0.0,0.0,148.8273162841797,28.85601806640625,48.235374450683594
mendeley_grain_filling_initial_Plant_with_Fruit_(16),data/raw/images/auxiliary_wheat_images/WheatPhenology A Multi-Stage Field Image Dataset o/3. Plant with Fruit/Plant with Fruit (16).jpg,grain_filling_initial,,,Mendeley_WheatPhenology,0.359527587890625,0.06952921508756632,0.2637176513671875,187.76919555664062,71.84698486328125,29.77499771118164
mendeley_grain_filling_initial_Plant_with_Fruit_(160),data/raw/images/auxiliary_wheat_images/WheatPhenology A Multi-Stage Field Image Dataset o/3. Plant with Fruit/Plant with Fruit (160).jpg,grain_filling_initial,,,Mendeley_WheatPhenology,0.256988525390625,0.010160696180537344,0.0261993408203125,156.10523986816406,32.7965087890625,43.08663558959961
mendeley_grain_filling_initial_Plant_with_Fruit_(161),data/raw/images/auxiliary_wheat_images/WheatPhenology A Multi-Stage Field Image Dataset o/3. Plant with Fruit/Plant with Fruit (161).jpg,grain_filling_initial,,,Mendeley_WheatPhenology,0.2064056396484375,0.009708012901611772,0.024200439453125,152.70668029785156,27.038955688476562,34.41033172607422
mendeley_grain_filling_initial_Plant_with_Fruit_(162),data/raw/images/auxiliary_wheat_images/WheatPhenology A Multi-Stage Field Image Dataset o/3. Plant with Fruit/Plant with Fruit (162).jpg,grain_filling_initial,,,Mendeley_WheatPhenology,0.2203216552734375,0.008903473070548737,0.0195465087890625,138.8470001220703,24.65130615234375,33.10505676269531
mendeley_grain_filling_initial_Plant_with_Fruit_(163),data/raw/images/auxiliary_wheat_images/WheatPhenology A Multi-Stage Field Image Dataset o/3. Plant with Fruit/Plant with Fruit (163).jpg,grain_filling_initial,,,Mendeley_WheatPhenology,0.1290130615234375,0.009540552894274395,0.02099609375,139.12887573242188,26.662811279296875,38.258445739746094
mendeley_grain_filling_initial_Plant_with_Fruit_(164),data/raw/images/auxiliary_wheat_images/WheatPhenology A Multi-Stage Field Image Dataset o/3. Plant with Fruit/Plant with Fruit (164).jpg,grain_filling_initial,,,Mendeley_WheatPhenology,0.11102294921875,0.005395471881709846,0.01177978515625,138.20285034179688,26.162551879882812,38.77182388305664
mendeley_grain_filling_initial_Plant_with_Fruit_(165),data/raw/images/auxiliary_wheat_images/WheatPhenology A Multi-Stage Field Image Dataset o/3. Plant with Fruit/Plant with Fruit (165).jpg,grain_filling_initial,,,Mendeley_WheatPhenology,0.12432861328125,0.006801200984045864,0.0146942138671875,136.97352600097656,24.996810913085938,38.491512298583984
mendeley_grain_filling_initial_Plant_with_Fruit_(166),data/raw/images/auxiliary_wheat_images/WheatPhenology A Multi-Stage Field Image Dataset o/3. Plant with Fruit/Plant with Fruit (166).jpg,grain_filling_initial,,,Mendeley_WheatPhenology,0.574951171875,0.025025005721687976,0.0540008544921875,136.82823181152344,30.663528442382812,36.70994567871094
mendeley_grain_filling_initial_Plant_with_Fruit_(167),data/raw/images/auxiliary_wheat_images/WheatPhenology A Multi-Stage Field Image Dataset o/3. Plant with Fruit/Plant with Fruit (167).jpg,grain_filling_initial,,,Mendeley_WheatPhenology,0.51123046875,0.02146913466573346,0.046112060546875,136.27554321289062,28.83282470703125,37.295379638671875
mendeley_grain_filling_initial_Plant_with_Fruit_(168),data/raw/images/auxiliary_wheat_images/WheatPhenology A Multi-Stage Field Image Dataset o/3. Plant with Fruit/Plant with Fruit (168).jpg,grain_filling_initial,,,Mendeley_WheatPhenology,0.4676361083984375,0.019803757123722166,0.0437774658203125,139.64480590820312,31.52587890625,37.353363037109375
mendeley_grain_filling_initial_Plant_with_Fruit_(169),data/raw/images/auxiliary_wheat_images/WheatPhenology A Multi-Stage Field Image Dataset o/3. Plant with Fruit/Plant with Fruit (169).jpg,grain_filling_initial,,,Mendeley_WheatPhenology,0.447479248046875,0.027148096399454803,0.0609893798828125,141.49229431152344,32.98176574707031,35.05402374267578
mendeley_grain_filling_initial_Plant_with_Fruit_(17),data/raw/images/auxiliary_wheat_images/WheatPhenology A Multi-Stage Field Image Dataset o/3. Plant with Fruit/Plant with Fruit (17).jpg,grain_filling_initial,,,Mendeley_WheatPhenology,0.6029510498046875,0.1641488488051383,0.5362701416015625,176.94613647460938,74.33534240722656,38.54547119140625
mendeley_grain_filling_initial_Plant_with_Fruit_(170),data/raw/images/auxiliary_wheat_images/WheatPhenology A Multi-Stage Field Image Dataset o/3. Plant with Fruit/Plant with Fruit (170).jpg,grain_filling_initial,,,Mendeley_WheatPhenology,0.2855682373046875,0.016963301002796666,0.0260162353515625,88.73298645019531,38.198150634765625,49.661041259765625
mendeley_grain_filling_initial_Plant_with_Fruit_(171),data/raw/images/auxiliary_wheat_images/WheatPhenology A Multi-Stage Field Image Dataset o/3. Plant with Fruit/Plant with Fruit (171).jpg,grain_filling_initial,,,Mendeley_WheatPhenology,0.455810546875,0.015072845908648828,0.024566650390625,98.54498291015625,31.343597412109375,48.048519134521484
mendeley_grain_filling_initial_Plant_with_Fruit_(172),data/raw/images/auxiliary_wheat_images/WheatPhenology A Multi-Stage Field Image Dataset o/3. Plant with Fruit/Plant with Fruit (172).jpg,grain_filling_initial,,,Mendeley_WheatPhenology,0.1918182373046875,0.005337235397275757,0.00897216796875,103.30923461914062,25.198165893554688,41.60435485839844
mendeley_grain_filling_initial_Plant_with_Fruit_(173),data/raw/images/auxiliary_wheat_images/WheatPhenology A Multi-Stage Field Image Dataset o/3. Plant with Fruit/Plant with Fruit (173).jpg,grain_filling_initial,,,Mendeley_WheatPhenology,0.1083526611328125,0.004314534566091264,0.0096282958984375,140.7319793701172,24.314773559570312,43.16450119018555
mendeley_grain_filling_initial_Plant_with_Fruit_(174),data/raw/images/auxiliary_wheat_images/WheatPhenology A Multi-Stage Field Image Dataset o/3. Plant with Fruit/Plant with Fruit (174).jpg,grain_filling_initial,,,Mendeley_WheatPhenology,0.1114349365234375,0.007072837242637486,0.0167999267578125,147.6439666748047,27.841522216796875,44.88702392578125
mendeley_grain_filling_initial_Plant_with_Fruit_(175),data/raw/images/auxiliary_wheat_images/WheatPhenology A Multi-Stage Field Image Dataset o/3. Plant with Fruit/Plant with Fruit (175).jpg,grain_filling_initial,,,Mendeley_WheatPhenology,0.094024658203125,0.005251240465497854,0.0121612548828125,144.89077758789062,26.7857666015625,41.36564636230469
mendeley_grain_filling_initial_Plant_with_Fruit_(176),data/raw/images/auxiliary_wheat_images/WheatPhenology A Multi-Stage Field Image Dataset o/3. Plant with Fruit/Plant with Fruit (176).jpg,grain_filling_initial,,,Mendeley_WheatPhenology,0.2891693115234375,0.01612829370789376,0.0432281494140625,159.86026000976562,28.214187622070312,38.920318603515625
mendeley_grain_filling_initial_Plant_with_Fruit_(177),data/raw/images/auxiliary_wheat_images/WheatPhenology A Multi-Stage Field Image Dataset o/3. Plant with Fruit/Plant with Fruit (177).jpg,grain_filling_initial,,,Mendeley_WheatPhenology,0.799285888671875,0.024645372783290403,0.06695556640625,161.13819885253906,28.199127197265625,34.3912467956543
mendeley_grain_filling_initial_Plant_with_Fruit_(178),data/raw/images/auxiliary_wheat_images/WheatPhenology A Multi-Stage Field Image Dataset o/3. Plant with Fruit/Plant with Fruit (178).jpg,grain_filling_initial,,,Mendeley_WheatPhenology,0.387664794921875,0.010550615001542895,0.02459716796875,145.62127685546875,25.462783813476562,34.2983512878418
mendeley_grain_filling_initial_Plant_with_Fruit_(179),data/raw/images/auxiliary_wheat_images/WheatPhenology A Multi-Stage Field Image Dataset o/3. Plant with Fruit/Plant with Fruit (179).jpg,grain_filling_initial,,,Mendeley_WheatPhenology,0.485443115234375,0.010697623795154048,0.026123046875,150.5751953125,25.123626708984375,36.36857986450195
mendeley_grain_filling_initial_Plant_with_Fruit_(18),data/raw/images/auxiliary_wheat_images/WheatPhenology A Multi-Stage Field Image Dataset o/3. Plant with Fruit/Plant with Fruit (18).jpg,grain_filling_initial,,,Mendeley_WheatPhenology,0.1551513671875,0.04745730730595396,0.1679534912109375,182.94664001464844,84.27796936035156,25.765775680541992
mendeley_grain_filling_initial_Plant_with_Fruit_(180),data/raw/images/auxiliary_wheat_images/WheatPhenology A Multi-Stage Field Image Dataset o/3. Plant with Fruit/Plant with Fruit (180).jpg,grain_filling_initial,,,Mendeley_WheatPhenology,0.5074462890625,0.012025157109304678,0.0320281982421875,159.25889587402344,26.32568359375,33.04879379272461
mendeley_grain_filling_initial_Plant_with_Fruit_(181),data/raw/images/auxiliary_wheat_images/WheatPhenology A Multi-Stage Field Image Dataset o/3. Plant with Fruit/Plant with Fruit (181).jpg,grain_filling_initial,,,Mendeley_WheatPhenology,0.49969482421875,0.015884540547781132,0.043243408203125,161.33120727539062,26.747039794921875,32.05472946166992
mendeley_grain_filling_initial_Plant_with_Fruit_(182),data/raw/images/auxiliary_wheat_images/WheatPhenology A Multi-Stage Field Image Dataset o/3. Plant with Fruit/Plant with Fruit (182).jpg,grain_filling_initial,,,Mendeley_WheatPhenology,0.7982025146484375,0.00811180457217144,0.0180206298828125,140.21432495117188,25.520233154296875,33.717437744140625
mendeley_grain_filling_initial_Plant_with_Fruit_(183),data/raw/images/auxiliary_wheat_images/WheatPhenology A Multi-Stage Field Image Dataset o/3. Plant with Fruit/Plant with Fruit (183).jpg,grain_filling_initial,,,Mendeley_WheatPhenology,0.8293609619140625,0.00783140630570843,0.0163726806640625,133.0279998779297,23.437728881835938,33.20697784423828
mendeley_grain_filling_initial_Plant_with_Fruit_(184),data/raw/images/auxiliary_wheat_images/WheatPhenology A Multi-Stage Field Image Dataset o/3. Plant with Fruit/Plant with Fruit (184).jpg,grain_filling_initial,,,Mendeley_WheatPhenology,0.8385162353515625,0.0014804002984116476,0.0036773681640625,152.34449768066406,19.953842163085938,28.10870361328125
mendeley_grain_filling_initial_Plant_with_Fruit_(185),data/raw/images/auxiliary_wheat_images/WheatPhenology A Multi-Stage Field Image Dataset o/3. Plant with Fruit/Plant with Fruit (185).jpg,grain_filling_initial,,,Mendeley_WheatPhenology,0.6428985595703125,0.006421910047385039,0.0163116455078125,154.60626220703125,23.457809448242188,31.852449417114258
mendeley_grain_filling_initial_Plant_with_Fruit_(19),data/raw/images/auxiliary_wheat_images/WheatPhenology A Multi-Stage Field Image Dataset o/3. Plant with Fruit/Plant with Fruit (19).jpg,grain_filling_initial,,,Mendeley_WheatPhenology,0.2572174072265625,0.1111595738386991,0.2379150390625,135.85792541503906,119.78457641601562,53.335018157958984
mendeley_grain_filling_initial_Plant_with_Fruit_(2),data/raw/images/auxiliary_wheat_images/WheatPhenology A Multi-Stage Field Image Dataset o/3. Plant with Fruit/Plant with Fruit (2).jpg,grain_filling_initial,,,Mendeley_WheatPhenology,0.9329833984375,0.44400660210362103,0.9208221435546875,132.04283142089844,203.4498291015625,36.51658630371094
mendeley_grain_filling_initial_Plant_with_Fruit_(20),data/raw/images/auxiliary_wheat_images/WheatPhenology A Multi-Stage Field Image Dataset o/3. Plant with Fruit/Plant with Fruit (20).jpg,grain_filling_initial,,,Mendeley_WheatPhenology,0.2708587646484375,0.1148726680288639,0.2465972900390625,136.2130889892578,119.61451721191406,53.687232971191406
mendeley_grain_filling_initial_Plant_with_Fruit_(21),data/raw/images/auxiliary_wheat_images/WheatPhenology A Multi-Stage Field Image Dataset o/3. Plant with Fruit/Plant with Fruit (21).jpg,grain_filling_initial,,,Mendeley_WheatPhenology,0.376678466796875,0.17550789664554245,0.382476806640625,137.98764038085938,114.6600341796875,43.395633697509766
mendeley_grain_filling_initial_Plant_with_Fruit_(22),data/raw/images/auxiliary_wheat_images/WheatPhenology A Multi-Stage Field Image Dataset o/3. Plant with Fruit/Plant with Fruit (22).jpg,grain_filling_initial,,,Mendeley_WheatPhenology,0.385040283203125,0.18158483549441193,0.3933868408203125,137.29364013671875,117.02835083007812,40.440460205078125
mendeley_grain_filling_initial_Plant_with_Fruit_(23),data/raw/images/auxiliary_wheat_images/WheatPhenology A Multi-Stage Field Image Dataset o/3. Plant with Fruit/Plant with Fruit (23).jpg,grain_filling_initial,,,Mendeley_WheatPhenology,0.3782806396484375,0.17867338955402376,0.3859405517578125,136.9462890625,119.62490844726562,40.2437629699707
mendeley_grain_filling_initial_Plant_with_Fruit_(24),data/raw/images/auxiliary_wheat_images/WheatPhenology A Multi-Stage Field Image Dataset o/3. Plant with Fruit/Plant with Fruit (24).jpg,grain_filling_initial,,,Mendeley_WheatPhenology,0.326171875,0.14185562734218204,0.329345703125,145.16651916503906,100.89363098144531,36.48855209350586
mendeley_grain_filling_initial_Plant_with_Fruit_(25),data/raw/images/auxiliary_wheat_images/WheatPhenology A Multi-Stage Field Image Dataset o/3. Plant with Fruit/Plant with Fruit (25).jpg,grain_filling_initial,,,Mendeley_WheatPhenology,0.545074462890625,0.1376940618378713,0.3363189697265625,150.59915161132812,66.86228942871094,39.28413391113281
mendeley_grain_filling_initial_Plant_with_Fruit_(26),data/raw/images/auxiliary_wheat_images/WheatPhenology A Multi-Stage Field Image Dataset o/3. Plant with Fruit/Plant with Fruit (26).jpg,grain_filling_initial,,,Mendeley_WheatPhenology,0.61981201171875,0.16046858245287748,0.389923095703125,150.0575408935547,65.46504211425781,38.92129898071289
mendeley_grain_filling_initial_Plant_with_Fruit_(27),data/raw/images/auxiliary_wheat_images/WheatPhenology A Multi-Stage Field Image Dataset o/3. Plant with Fruit/Plant with Fruit (27).jpg,grain_filling_initial,,,Mendeley_WheatPhenology,0.349151611328125,0.16273156652847925,0.370208740234375,142.910400390625,109.83055114746094,25.66362190246582
mendeley_grain_filling_initial_Plant_with_Fruit_(28),data/raw/images/auxiliary_wheat_images/WheatPhenology A Multi-Stage Field Image Dataset o/3. Plant with Fruit/Plant with Fruit (28).jpg,grain_filling_initial,,,Mendeley_WheatPhenology,0.514556884765625,0.08553834983750302,0.24359130859375,165.45542907714844,57.16021728515625,34.24949645996094
mendeley_grain_filling_initial_Plant_with_Fruit_(29),data/raw/images/auxiliary_wheat_images/WheatPhenology A Multi-Stage Field Image Dataset o/3. Plant with Fruit/Plant with Fruit (29).jpg,grain_filling_initial,,,Mendeley_WheatPhenology,0.5112762451171875,0.25551421457134627,0.5002288818359375,124.74737548828125,94.81881713867188,43.01779556274414
mendeley_grain_filling_initial_Plant_with_Fruit_(3),data/raw/images/auxiliary_wheat_images/WheatPhenology A Multi-Stage Field Image Dataset o/3. Plant with Fruit/Plant with Fruit (3).jpg,grain_filling_initial,,,Mendeley_WheatPhenology,0.6969757080078125,0.24204500217593328,0.6732330322265625,163.32078552246094,97.11199951171875,49.22611618041992
mendeley_grain_filling_initial_Plant_with_Fruit_(30),data/raw/images/auxiliary_wheat_images/WheatPhenology A Multi-Stage Field Image Dataset o/3. Plant with Fruit/Plant with Fruit (30).jpg,grain_filling_initial,,,Mendeley_WheatPhenology,0.3924560546875,0.19537941229474895,0.40069580078125,130.6619110107422,103.42427062988281,32.83000564575195
mendeley_grain_filling_initial_Plant_with_Fruit_(31),data/raw/images/auxiliary_wheat_images/WheatPhenology A Multi-Stage Field Image Dataset o/3. Plant with Fruit/Plant with Fruit (31).jpg,grain_filling_initial,,,Mendeley_WheatPhenology,0.5217742919921875,0.10387094758049237,0.277801513671875,159.6546173095703,63.619110107421875,38.070289611816406
mendeley_grain_filling_initial_Plant_with_Fruit_(32),data/raw/images/auxiliary_wheat_images/WheatPhenology A Multi-Stage Field Image Dataset o/3. Plant with Fruit/Plant with Fruit (32).jpg,grain_filling_initial,,,Mendeley_WheatPhenology,0.556915283203125,0.12447478830193481,0.311676025390625,153.16004943847656,65.52908325195312,37.67496109008789
mendeley_grain_filling_initial_Plant_with_Fruit_(33),data/raw/images/auxiliary_wheat_images/WheatPhenology A Multi-Stage Field Image Dataset o/3. Plant with Fruit/Plant with Fruit (33).jpg,grain_filling_initial,,,Mendeley_WheatPhenology,0.60162353515625,0.18183050404357562,0.4561920166015625,153.36126708984375,73.83268737792969,40.737701416015625
mendeley_grain_filling_initial_Plant_with_Fruit_(34),data/raw/images/auxiliary_wheat_images/WheatPhenology A Multi-Stage Field Image Dataset o/3. Plant with Fruit/Plant with Fruit (34).jpg,grain_filling_initial,,,Mendeley_WheatPhenology,0.609283447265625,0.10778078926891525,0.2645416259765625,151.10670471191406,54.58660888671875,37.86509323120117
mendeley_grain_filling_initial_Plant_with_Fruit_(35),data/raw/images/auxiliary_wheat_images/WheatPhenology A Multi-Stage Field Image Dataset o/3. Plant with Fruit/Plant with Fruit (35).jpg,grain_filling_initial,,,Mendeley_WheatPhenology,0.660919189453125,0.1256423477357363,0.3339996337890625,159.07534790039062,54.337158203125,36.66704559326172
mendeley_grain_filling_initial_Plant_with_Fruit_(36),data/raw/images/auxiliary_wheat_images/WheatPhenology A Multi-Stage Field Image Dataset o/3. Plant with Fruit/Plant with Fruit (36).jpg,grain_filling_initial,,,Mendeley_WheatPhenology,0.6609649658203125,0.1309464351968,0.347869873046875,159.01197814941406,55.03617858886719,36.852783203125
mendeley_grain_filling_initial_Plant_with_Fruit_(37),data/raw/images/auxiliary_wheat_images/WheatPhenology A Multi-Stage Field Image Dataset o/3. Plant with Fruit/Plant with Fruit (37).jpg,grain_filling_initial,,,Mendeley_WheatPhenology,0.5990753173828125,0.10062641411307544,0.2816314697265625,163.8889617919922,56.39381408691406,39.84919357299805
mendeley_grain_filling_initial_Plant_with_Fruit_(38),data/raw/images/auxiliary_wheat_images/WheatPhenology A Multi-Stage Field Image Dataset o/3. Plant with Fruit/Plant with Fruit (38).jpg,grain_filling_initial,,,Mendeley_WheatPhenology,0.6122589111328125,0.10885511904626208,0.3018035888671875,163.02609252929688,55.30987548828125,39.28428649902344
mendeley_grain_filling_initial_Plant_with_Fruit_(39),data/raw/images/auxiliary_wheat_images/WheatPhenology A Multi-Stage Field Image Dataset o/3. Plant with Fruit/Plant with Fruit (39).jpg,grain_filling_initial,,,Mendeley_WheatPhenology,0.6330718994140625,0.11516307388414064,0.324127197265625,164.39796447753906,54.68763732910156,38.66465377807617
mendeley_grain_filling_initial_Plant_with_Fruit_(4),data/raw/images/auxiliary_wheat_images/WheatPhenology A Multi-Stage Field Image Dataset o/3. Plant with Fruit/Plant with Fruit (4).jpg,grain_filling_initial,,,Mendeley_WheatPhenology,0.9388580322265625,0.35325035471377864,0.9597320556640625,161.1416778564453,107.86875915527344,34.05055618286133
mendeley_grain_filling_initial_Plant_with_Fruit_(40),data/raw/images/auxiliary_wheat_images/WheatPhenology A Multi-Stage Field Image Dataset o/3. Plant with Fruit/Plant with Fruit (40).jpg,grain_filling_initial,,,Mendeley_WheatPhenology,0.644073486328125,0.12342829557281791,0.3432159423828125,163.29617309570312,54.892242431640625,38.33106231689453
mendeley_grain_filling_initial_Plant_with_Fruit_(41),data/raw/images/auxiliary_wheat_images/WheatPhenology A Multi-Stage Field Image Dataset o/3. Plant with Fruit/Plant with Fruit (41).jpg,grain_filling_initial,,,Mendeley_WheatPhenology,0.6564483642578125,0.13121422972785785,0.367462158203125,163.9440155029297,55.51838684082031,38.52123260498047
mendeley_grain_filling_initial_Plant_with_Fruit_(42),data/raw/images/auxiliary_wheat_images/WheatPhenology A Multi-Stage Field Image Dataset o/3. Plant with Fruit/Plant with Fruit (42).jpg,grain_filling_initial,,,Mendeley_WheatPhenology,0.2644805908203125,0.036244326224550594,0.1450042724609375,191.26185607910156,127.51931762695312,41.6255989074707
mendeley_grain_filling_initial_Plant_with_Fruit_(43),data/raw/images/auxiliary_wheat_images/WheatPhenology A Multi-Stage Field Image Dataset o/3. Plant with Fruit/Plant with Fruit (43).jpg,grain_filling_initial,,,Mendeley_WheatPhenology,0.608917236328125,0.25977193763771766,0.689056396484375,158.86585998535156,129.25425720214844,38.27541732788086
mendeley_grain_filling_initial_Plant_with_Fruit_(44),data/raw/images/auxiliary_wheat_images/WheatPhenology A Multi-Stage Field Image Dataset o/3. Plant with Fruit/Plant with Fruit (44).jpg,grain_filling_initial,,,Mendeley_WheatPhenology,0.8016357421875,0.3206045944773245,0.849212646484375,158.7294464111328,129.7935028076172,41.34025573730469
mendeley_grain_filling_initial_Plant_with_Fruit_(45),data/raw/images/auxiliary_wheat_images/WheatPhenology A Multi-Stage Field Image Dataset o/3. Plant with Fruit/Plant with Fruit (45).jpg,grain_filling_initial,,,Mendeley_WheatPhenology,0.8121337890625,0.32659089601982166,0.8569183349609375,157.81375122070312,129.7400665283203,41.603851318359375
mendeley_grain_filling_initial_Plant_with_Fruit_(46),data/raw/images/auxiliary_wheat_images/WheatPhenology A Multi-Stage Field Image Dataset o/3. Plant with Fruit/Plant with Fruit (46).jpg,grain_filling_initial,,,Mendeley_WheatPhenology,0.739501953125,0.31039251842919513,0.8273162841796875,159.3291015625,134.60972595214844,35.300941467285156
mendeley_grain_filling_initial_Plant_with_Fruit_(47),data/raw/images/auxiliary_wheat_images/WheatPhenology A Multi-Stage Field Image Dataset o/3. Plant with Fruit/Plant with Fruit (47).jpg,grain_filling_initial,,,Mendeley_WheatPhenology,0.8557586669921875,0.3388959118055508,0.901214599609375,159.10890197753906,128.04351806640625,42.20464324951172
mendeley_grain_filling_initial_Plant_with_Fruit_(48),data/raw/images/auxiliary_wheat_images/WheatPhenology A Multi-Stage Field Image Dataset o/3. Plant with Fruit/Plant with Fruit (48).jpg,grain_filling_initial,,,Mendeley_WheatPhenology,0.69158935546875,0.24429823610219445,0.7430267333984375,171.15907287597656,130.48590087890625,45.955787658691406
mendeley_grain_filling_initial_Plant_with_Fruit_(49),data/raw/images/auxiliary_wheat_images/WheatPhenology A Multi-Stage Field Image Dataset o/3. Plant with Fruit/Plant with Fruit (49).jpg,grain_filling_initial,,,Mendeley_WheatPhenology,0.53070068359375,0.12179362831235514,0.61016845703125,204.10032653808594,134.32444763183594,28.271495819091797
mendeley_grain_filling_initial_Plant_with_Fruit_(5),data/raw/images/auxiliary_wheat_images/WheatPhenology A Multi-Stage Field Image Dataset o/3. Plant with Fruit/Plant with Fruit (5).jpg,grain_filling_initial,,,Mendeley_WheatPhenology,0.892578125,0.3577452882275205,0.9199676513671875,155.83885192871094,110.00372314453125,38.3587646484375
mendeley_grain_filling_initial_Plant_with_Fruit_(50),data/raw/images/auxiliary_wheat_images/WheatPhenology A Multi-Stage Field Image Dataset o/3. Plant with Fruit/Plant with Fruit (50).jpg,grain_filling_initial,,,Mendeley_WheatPhenology,0.72125244140625,0.1807176234739303,0.7715911865234375,195.27537536621094,120.29570007324219,38.121585845947266
mendeley_grain_filling_initial_Plant_with_Fruit_(51),data/raw/images/auxiliary_wheat_images/WheatPhenology A Multi-Stage Field Image Dataset o/3. Plant with Fruit/Plant with Fruit (51).jpg,grain_filling_initial,,,Mendeley_WheatPhenology,0.64825439453125,0.16615353915475167,0.699066162109375,194.39178466796875,118.04618835449219,35.41504669189453
mendeley_grain_filling_initial_Plant_with_Fruit_(52),data/raw/images/auxiliary_wheat_images/WheatPhenology A Multi-Stage Field Image Dataset o/3. Plant with Fruit/Plant with Fruit (52).jpg,grain_filling_initial,,,Mendeley_WheatPhenology,0.3089141845703125,0.09805709718836143,0.3806610107421875,189.3127899169922,150.22232055664062,33.79669189453125
mendeley_grain_filling_initial_Plant_with_Fruit_(53),data/raw/images/auxiliary_wheat_images/WheatPhenology A Multi-Stage Field Image Dataset o/3. Plant with Fruit/Plant with Fruit (53).jpg,grain_filling_initial,,,Mendeley_WheatPhenology,0.6187286376953125,0.15049237084629785,0.6872406005859375,199.15994262695312,126.29757690429688,31.301462173461914
mendeley_grain_filling_initial_Plant_with_Fruit_(54),data/raw/images/auxiliary_wheat_images/WheatPhenology A Multi-Stage Field Image Dataset o/3. Plant with Fruit/Plant with Fruit (54).jpg,grain_filling_initial,,,Mendeley_WheatPhenology,0.76007080078125,0.20974014409927325,0.8204498291015625,189.8116912841797,126.27340698242188,33.27521896362305
mendeley_grain_filling_initial_Plant_with_Fruit_(55),data/raw/images/auxiliary_wheat_images/WheatPhenology A Multi-Stage Field Image Dataset o/3. Plant with Fruit/Plant with Fruit (55).jpg,grain_filling_initial,,,Mendeley_WheatPhenology,0.6982421875,0.18022973216047478,0.7783203125,195.9515838623047,133.06275939941406,27.383119583129883
mendeley_grain_filling_initial_Plant_with_Fruit_(56),data/raw/images/auxiliary_wheat_images/WheatPhenology A Multi-Stage Field Image Dataset o/3. Plant with Fruit/Plant with Fruit (56).jpg,grain_filling_initial,,,Mendeley_WheatPhenology,0.56658935546875,0.1768697218668154,0.6766204833984375,188.3425750732422,131.892333984375,25.195602416992188
mendeley_grain_filling_initial_Plant_with_Fruit_(57),data/raw/images/auxiliary_wheat_images/WheatPhenology A Multi-Stage Field Image Dataset o/3. Plant with Fruit/Plant with Fruit (57).jpg,grain_filling_initial,,,Mendeley_WheatPhenology,0.9903564453125,0.4286601812122207,0.972991943359375,142.65750122070312,128.2723388671875,46.10251998901367
mendeley_grain_filling_initial_Plant_with_Fruit_(58),data/raw/images/auxiliary_wheat_images/WheatPhenology A Multi-Stage Field Image Dataset o/3. Plant with Fruit/Plant with Fruit (58).jpg,grain_filling_initial,,,Mendeley_WheatPhenology,0.9908447265625,0.4248534447714394,0.97314453125,143.67262268066406,125.16690063476562,45.98829650878906
mendeley_grain_filling_initial_Plant_with_Fruit_(59),data/raw/images/auxiliary_wheat_images/WheatPhenology A Multi-Stage Field Image Dataset o/3. Plant with Fruit/Plant with Fruit (59).jpg,grain_filling_initial,,,Mendeley_WheatPhenology,0.9679107666015625,0.4135200979790705,0.9289398193359375,141.48605346679688,85.15916442871094,39.05221176147461
mendeley_grain_filling_initial_Plant_with_Fruit_(6),data/raw/images/auxiliary_wheat_images/WheatPhenology A Multi-Stage Field Image Dataset o/3. Plant with Fruit/Plant with Fruit (6).jpg,grain_filling_initial,,,Mendeley_WheatPhenology,0.889190673828125,0.28745966585462585,0.8475494384765625,168.51275634765625,97.38587951660156,44.210636138916016
mendeley_grain_filling_initial_Plant_with_Fruit_(60),data/raw/images/auxiliary_wheat_images/WheatPhenology A Multi-Stage Field Image Dataset o/3. Plant with Fruit/Plant with Fruit (60).jpg,grain_filling_initial,,,Mendeley_WheatPhenology,0.9662933349609375,0.39020323913233973,0.8889617919921875,143.0696258544922,76.99580383300781,38.31472396850586
mendeley_grain_filling_initial_Plant_with_Fruit_(61),data/raw/images/auxiliary_wheat_images/WheatPhenology A Multi-Stage Field Image Dataset o/3. Plant with Fruit/Plant with Fruit (61).jpg,grain_filling_initial,,,Mendeley_WheatPhenology,0.71533203125,0.35624180819254875,0.7151336669921875,127.97247314453125,130.68849182128906,43.20927047729492
mendeley_grain_filling_initial_Plant_with_Fruit_(62),data/raw/images/auxiliary_wheat_images/WheatPhenology A Multi-Stage Field Image Dataset o/3. Plant with Fruit/Plant with Fruit (62).jpg,grain_filling_initial,,,Mendeley_WheatPhenology,0.7265625,0.2736042176975923,0.56768798828125,132.099609375,118.51641845703125,54.912227630615234
mendeley_grain_filling_initial_Plant_with_Fruit_(63),data/raw/images/auxiliary_wheat_images/WheatPhenology A Multi-Stage Field Image Dataset o/3. Plant with Fruit/Plant with Fruit (63).jpg,grain_filling_initial,,,Mendeley_WheatPhenology,0.9402313232421875,0.4771693077860583,0.9056243896484375,120.64167785644531,109.56358337402344,43.86001968383789
mendeley_grain_filling_initial_Plant_with_Fruit_(64),data/raw/images/auxiliary_wheat_images/WheatPhenology A Multi-Stage Field Image Dataset o/3. Plant with Fruit/Plant with Fruit (64).jpg,grain_filling_initial,,,Mendeley_WheatPhenology,0.941864013671875,0.47764822947518787,0.909393310546875,121.06422424316406,112.24859619140625,43.752830505371094
mendeley_grain_filling_initial_Plant_with_Fruit_(65),data/raw/images/auxiliary_wheat_images/WheatPhenology A Multi-Stage Field Image Dataset o/3. Plant with Fruit/Plant with Fruit (65).jpg,grain_filling_initial,,,Mendeley_WheatPhenology,0.960693359375,0.4947609671528506,0.8648529052734375,109.12080383300781,88.66792297363281,44.08464050292969
mendeley_grain_filling_initial_Plant_with_Fruit_(66),data/raw/images/auxiliary_wheat_images/WheatPhenology A Multi-Stage Field Image Dataset o/3. Plant with Fruit/Plant with Fruit (66).jpg,grain_filling_initial,,,Mendeley_WheatPhenology,0.9603729248046875,0.29642497578307114,0.6067657470703125,130.42413330078125,57.564422607421875,34.63422775268555
mendeley_grain_filling_initial_Plant_with_Fruit_(67),data/raw/images/auxiliary_wheat_images/WheatPhenology A Multi-Stage Field Image Dataset o/3. Plant with Fruit/Plant with Fruit (67).jpg,grain_filling_initial,,,Mendeley_WheatPhenology,0.9823760986328125,0.4649182432385929,0.957916259765625,131.23745727539062,133.67828369140625,46.552833557128906
mendeley_grain_filling_initial_Plant_with_Fruit_(68),data/raw/images/auxiliary_wheat_images/WheatPhenology A Multi-Stage Field Image Dataset o/3. Plant with Fruit/Plant with Fruit (68).jpg,grain_filling_initial,,,Mendeley_WheatPhenology,0.9814300537109375,0.4715351691250415,0.956634521484375,129.30783081054688,135.602783203125,46.6331787109375
mendeley_grain_filling_initial_Plant_with_Fruit_(69),data/raw/images/auxiliary_wheat_images/WheatPhenology A Multi-Stage Field Image Dataset o/3. Plant with Fruit/Plant with Fruit (69).jpg,grain_filling_initial,,,Mendeley_WheatPhenology,0.7789306640625,0.3154110990692952,0.7725982666015625,150.89695739746094,140.35659790039062,49.85395050048828
mendeley_grain_filling_initial_Plant_with_Fruit_(7),data/raw/images/auxiliary_wheat_images/WheatPhenology A Multi-Stage Field Image Dataset o/3. Plant with Fruit/Plant with Fruit (7).jpg,grain_filling_initial,,,Mendeley_WheatPhenology,0.9462432861328125,0.35785413704556873,0.882537841796875,151.60182189941406,101.08479309082031,44.44852066040039
mendeley_grain_filling_initial_Plant_with_Fruit_(70),data/raw/images/auxiliary_wheat_images/WheatPhenology A Multi-Stage Field Image Dataset o/3. Plant with Fruit/Plant with Fruit (70).jpg,grain_filling_initial,,,Mendeley_WheatPhenology,0.7642822265625,0.3086104048991247,0.7600250244140625,151.4564971923828,139.9815216064453,49.57734680175781
mendeley_grain_filling_initial_Plant_with_Fruit_(71),data/raw/images/auxiliary_wheat_images/WheatPhenology A Multi-Stage Field Image Dataset o/3. Plant with Fruit/Plant with Fruit (71).jpg,grain_filling_initial,,,Mendeley_WheatPhenology,0.6981353759765625,0.2607963191418379,0.61346435546875,146.59425354003906,131.03671264648438,47.18320083618164
mendeley_grain_filling_initial_Plant_with_Fruit_(72),data/raw/images/auxiliary_wheat_images/WheatPhenology A Multi-Stage Field Image Dataset o/3. Plant with Fruit/Plant with Fruit (72).jpg,grain_filling_initial,,,Mendeley_WheatPhenology,0.69146728515625,0.25654791421530876,0.60333251953125,146.5693817138672,130.11962890625,47.34565353393555
mendeley_grain_filling_initial_Plant_with_Fruit_(73),data/raw/images/auxiliary_wheat_images/WheatPhenology A Multi-Stage Field Image Dataset o/3. Plant with Fruit/Plant with Fruit (73).jpg,grain_filling_initial,,,Mendeley_WheatPhenology,0.6864776611328125,0.27517771366618426,0.5755615234375,133.08372497558594,125.88511657714844,51.57362747192383
mendeley_grain_filling_initial_Plant_with_Fruit_(74),data/raw/images/auxiliary_wheat_images/WheatPhenology A Multi-Stage Field Image Dataset o/3. Plant with Fruit/Plant with Fruit (74).jpg,grain_filling_initial,,,Mendeley_WheatPhenology,0.8421783447265625,0.4572604402023203,0.789306640625,107.27362060546875,114.68699645996094,48.052818298339844
mendeley_grain_filling_initial_Plant_with_Fruit_(75),data/raw/images/auxiliary_wheat_images/WheatPhenology A Multi-Stage Field Image Dataset o/3. Plant with Fruit/Plant with Fruit (75).jpg,grain_filling_initial,,,Mendeley_WheatPhenology,0.9021759033203125,0.3686491055414081,0.799163818359375,137.37014770507812,89.15509033203125,40.96538162231445
mendeley_grain_filling_initial_Plant_with_Fruit_(76),data/raw/images/auxiliary_wheat_images/WheatPhenology A Multi-Stage Field Image Dataset o/3. Plant with Fruit/Plant with Fruit (76).jpg,grain_filling_initial,,,Mendeley_WheatPhenology,0.895172119140625,0.37459687116994134,0.8027801513671875,136.01075744628906,91.07427978515625,40.663509368896484
mendeley_grain_filling_initial_Plant_with_Fruit_(77),data/raw/images/auxiliary_wheat_images/WheatPhenology A Multi-Stage Field Image Dataset o/3. Plant with Fruit/Plant with Fruit (77).jpg,grain_filling_initial,,,Mendeley_WheatPhenology,0.9251251220703125,0.4564161639770164,0.88897705078125,124.07859802246094,111.42460632324219,45.93697738647461
mendeley_grain_filling_initial_Plant_with_Fruit_(78),data/raw/images/auxiliary_wheat_images/WheatPhenology A Multi-Stage Field Image Dataset o/3. Plant with Fruit/Plant with Fruit (78).jpg,grain_filling_initial,,,Mendeley_WheatPhenology,0.81494140625,0.41968976463300783,0.7932586669921875,120.08702087402344,125.44528198242188,41.649391174316406
mendeley_grain_filling_initial_Plant_with_Fruit_(79),data/raw/images/auxiliary_wheat_images/WheatPhenology A Multi-Stage Field Image Dataset o/3. Plant with Fruit/Plant with Fruit (79).jpg,grain_filling_initial,,,Mendeley_WheatPhenology,0.9654693603515625,0.3346176003416379,0.781005859375,145.74667358398438,64.45262145996094,37.839881896972656
mendeley_grain_filling_initial_Plant_with_Fruit_(8),data/raw/images/auxiliary_wheat_images/WheatPhenology A Multi-Stage Field Image Dataset o/3. Plant with Fruit/Plant with Fruit (8).jpg,grain_filling_initial,,,Mendeley_WheatPhenology,0.0824432373046875,0.018723323845359335,0.0709686279296875,187.7245330810547,87.27909851074219,45.68608474731445
mendeley_grain_filling_initial_Plant_with_Fruit_(80),data/raw/images/auxiliary_wheat_images/WheatPhenology A Multi-Stage Field Image Dataset o/3. Plant with Fruit/Plant with Fruit (80).jpg,grain_filling_initial,,,Mendeley_WheatPhenology,0.8348541259765625,0.4227840220007827,0.7806396484375,116.89540100097656,138.91156005859375,45.720848083496094
mendeley_grain_filling_initial_Plant_with_Fruit_(81),data/raw/images/auxiliary_wheat_images/WheatPhenology A Multi-Stage Field Image Dataset o/3. Plant with Fruit/Plant with Fruit (81).jpg,grain_filling_initial,,,Mendeley_WheatPhenology,0.76849365234375,0.10507704096974113,0.454345703125,196.02586364746094,58.21649169921875,32.22012710571289
mendeley_grain_filling_initial_Plant_with_Fruit_(82),data/raw/images/auxiliary_wheat_images/WheatPhenology A Multi-Stage Field Image Dataset o/3. Plant with Fruit/Plant with Fruit (82).jpg,grain_filling_initial,,,Mendeley_WheatPhenology,0.7944488525390625,0.10524183050455417,0.461517333984375,196.85122680664062,57.226806640625,31.698537826538086
mendeley_grain_filling_initial_Plant_with_Fruit_(83),data/raw/images/auxiliary_wheat_images/WheatPhenology A Multi-Stage Field Image Dataset o/3. Plant with Fruit/Plant with Fruit (83).jpg,grain_filling_initial,,,Mendeley_WheatPhenology,0.7774200439453125,0.08771242080804179,0.3790283203125,195.9894561767578,53.322021484375,32.24066162109375
mendeley_grain_filling_initial_Plant_with_Fruit_(84),data/raw/images/auxiliary_wheat_images/WheatPhenology A Multi-Stage Field Image Dataset o/3. Plant with Fruit/Plant with Fruit (84).jpg,grain_filling_initial,,,Mendeley_WheatPhenology,0.7666015625,0.0876873654185557,0.3743743896484375,195.27294921875,52.35060119628906,32.72955322265625
mendeley_grain_filling_initial_Plant_with_Fruit_(85),data/raw/images/auxiliary_wheat_images/WheatPhenology A Multi-Stage Field Image Dataset o/3. Plant with Fruit/Plant with Fruit (85).jpg,grain_filling_initial,,,Mendeley_WheatPhenology,0.4049072265625,0.1394885363504656,0.3856964111328125,162.77830505371094,118.8372802734375,51.99434280395508
mendeley_grain_filling_initial_Plant_with_Fruit_(86),data/raw/images/auxiliary_wheat_images/WheatPhenology A Multi-Stage Field Image Dataset o/3. Plant with Fruit/Plant with Fruit (86).jpg,grain_filling_initial,,,Mendeley_WheatPhenology,0.4176788330078125,0.14177113590104617,0.445953369140625,173.9340362548828,134.07237243652344,45.0720100402832
mendeley_grain_filling_initial_Plant_with_Fruit_(87),data/raw/images/auxiliary_wheat_images/WheatPhenology A Multi-Stage Field Image Dataset o/3. Plant with Fruit/Plant with Fruit (87).jpg,grain_filling_initial,,,Mendeley_WheatPhenology,0.41326904296875,0.14118370376527306,0.442291259765625,173.60150146484375,134.87440490722656,45.137630462646484
mendeley_grain_filling_initial_Plant_with_Fruit_(88),data/raw/images/auxiliary_wheat_images/WheatPhenology A Multi-Stage Field Image Dataset o/3. Plant with Fruit/Plant with Fruit (88).jpg,grain_filling_initial,,,Mendeley_WheatPhenology,0.618560791015625,0.22414773732113338,0.6456451416015625,166.4720001220703,131.5869140625,46.528289794921875
mendeley_grain_filling_initial_Plant_with_Fruit_(89),data/raw/images/auxiliary_wheat_images/WheatPhenology A Multi-Stage Field Image Dataset o/3. Plant with Fruit/Plant with Fruit (89).jpg,grain_filling_initial,,,Mendeley_WheatPhenology,0.634674072265625,0.2223476186778177,0.6573944091796875,168.75247192382812,129.1351318359375,45.45523452758789
mendeley_grain_filling_initial_Plant_with_Fruit_(9),data/raw/images/auxiliary_wheat_images/WheatPhenology A Multi-Stage Field Image Dataset o/3. Plant with Fruit/Plant with Fruit (9).jpg,grain_filling_initial,,,Mendeley_WheatPhenology,0.14691162109375,0.042602325223532383,0.15594482421875,185.33694458007812,85.51254272460938,32.89013671875
mendeley_grain_filling_initial_Plant_with_Fruit_(90),data/raw/images/auxiliary_wheat_images/WheatPhenology A Multi-Stage Field Image Dataset o/3. Plant with Fruit/Plant with Fruit (90).jpg,grain_filling_initial,,,Mendeley_WheatPhenology,0.932159423828125,0.3816109533366912,0.9270782470703125,150.03497314453125,154.5594482421875,36.41768264770508
mendeley_grain_filling_initial_Plant_with_Fruit_(91),data/raw/images/auxiliary_wheat_images/WheatPhenology A Multi-Stage Field Image Dataset o/3. Plant with Fruit/Plant with Fruit (91).jpg,grain_filling_initial,,,Mendeley_WheatPhenology,0.887542724609375,0.35890399875009765,0.88330078125,151.38804626464844,145.02774047851562,35.87664031982422
mendeley_grain_filling_initial_Plant_with_Fruit_(92),data/raw/images/auxiliary_wheat_images/WheatPhenology A Multi-Stage Field Image Dataset o/3. Plant with Fruit/Plant with Fruit (92).jpg,grain_filling_initial,,,Mendeley_WheatPhenology,0.8850555419921875,0.3571972773885172,0.882598876953125,151.7987518310547,146.21324157714844,35.777557373046875
mendeley_grain_filling_initial_Plant_with_Fruit_(93),data/raw/images/auxiliary_wheat_images/WheatPhenology A Multi-Stage Field Image Dataset o/3. Plant with Fruit/Plant with Fruit (93).jpg,grain_filling_initial,,,Mendeley_WheatPhenology,0.9902801513671875,0.4004165415104259,0.9842376708984375,151.25857543945312,161.92791748046875,38.08185958862305
mendeley_grain_filling_initial_Plant_with_Fruit_(94),data/raw/images/auxiliary_wheat_images/WheatPhenology A Multi-Stage Field Image Dataset o/3. Plant with Fruit/Plant with Fruit (94).jpg,grain_filling_initial,,,Mendeley_WheatPhenology,0.9906463623046875,0.405287188162808,0.9860076904296875,150.18516540527344,163.83013916015625,37.927337646484375
mendeley_grain_filling_initial_Plant_with_Fruit_(95),data/raw/images/auxiliary_wheat_images/WheatPhenology A Multi-Stage Field Image Dataset o/3. Plant with Fruit/Plant with Fruit (95).jpg,grain_filling_initial,,,Mendeley_WheatPhenology,0.9900054931640625,0.35852092957836307,0.9902801513671875,162.67982482910156,178.10499572753906,38.09750747680664
mendeley_grain_filling_initial_Plant_with_Fruit_(96),data/raw/images/auxiliary_wheat_images/WheatPhenology A Multi-Stage Field Image Dataset o/3. Plant with Fruit/Plant with Fruit (96).jpg,grain_filling_initial,,,Mendeley_WheatPhenology,0.993408203125,0.356725002867261,0.9914398193359375,163.24972534179688,179.41033935546875,38.84705352783203
mendeley_grain_filling_initial_Plant_with_Fruit_(97),data/raw/images/auxiliary_wheat_images/WheatPhenology A Multi-Stage Field Image Dataset o/3. Plant with Fruit/Plant with Fruit (97).jpg,grain_filling_initial,,,Mendeley_WheatPhenology,0.985504150390625,0.35078719459638436,0.9917449951171875,164.80470275878906,176.4727325439453,34.84031677246094
mendeley_grain_filling_initial_Plant_with_Fruit_(98),data/raw/images/auxiliary_wheat_images/WheatPhenology A Multi-Stage Field Image Dataset o/3. Plant with Fruit/Plant with Fruit (98).jpg,grain_filling_initial,,,Mendeley_WheatPhenology,0.987091064453125,0.3503780130516081,0.992431640625,164.9722442626953,181.4210662841797,32.8941535949707
mendeley_grain_filling_initial_Plant_with_Fruit_(99),data/raw/images/auxiliary_wheat_images/WheatPhenology A Multi-Stage Field Image Dataset o/3. Plant with Fruit/Plant with Fruit (99).jpg,grain_filling_initial,,,Mendeley_WheatPhenology,0.9928131103515625,0.3537034804284499,0.9967193603515625,164.5087432861328,183.26153564453125,33.76676559448242
mendeley_grain_filling_Fruit_with_Seeds_(1),data/raw/images/auxiliary_wheat_images/WheatPhenology A Multi-Stage Field Image Dataset o/4. Fruit with Seeds/Fruit with Seeds (1).jpg,grain_filling,,,Mendeley_WheatPhenology,0.0428314208984375,0.0166747524110856,0.049224853515625,168.61961364746094,84.52957153320312,35.26291275024414
mendeley_grain_filling_Fruit_with_Seeds_(10),data/raw/images/auxiliary_wheat_images/WheatPhenology A Multi-Stage Field Image Dataset o/4. Fruit with Seeds/Fruit with Seeds (10).jpg,grain_filling,,,Mendeley_WheatPhenology,0.009613037109375,0.002145404998651322,0.011016845703125,205.34165954589844,88.50025939941406,34.77132797241211
mendeley_grain_filling_Fruit_with_Seeds_(100),data/raw/images/auxiliary_wheat_images/WheatPhenology A Multi-Stage Field Image Dataset o/4. Fruit with Seeds/Fruit with Seeds (100).jpg,grain_filling,,,Mendeley_WheatPhenology,0.312469482421875,0.06887992602480832,0.1927947998046875,163.89598083496094,69.93264770507812,38.06361389160156
mendeley_grain_filling_Fruit_with_Seeds_(101),data/raw/images/auxiliary_wheat_images/WheatPhenology A Multi-Stage Field Image Dataset o/4. Fruit with Seeds/Fruit with Seeds (101).jpg,grain_filling,,,Mendeley_WheatPhenology,0.2050323486328125,0.054491893421201136,0.1588134765625,167.50469970703125,79.59622192382812,35.35211181640625
mendeley_grain_filling_Fruit_with_Seeds_(102),data/raw/images/auxiliary_wheat_images/WheatPhenology A Multi-Stage Field Image Dataset o/4. Fruit with Seeds/Fruit with Seeds (102).jpg,grain_filling,,,Mendeley_WheatPhenology,0.20001220703125,0.05060032283722916,0.1487884521484375,168.2790069580078,77.68846130371094,35.647239685058594
mendeley_grain_filling_Fruit_with_Seeds_(103),data/raw/images/auxiliary_wheat_images/WheatPhenology A Multi-Stage Field Image Dataset o/4. Fruit with Seeds/Fruit with Seeds (103).jpg,grain_filling,,,Mendeley_WheatPhenology,0.173797607421875,0.0392864148771646,0.1132354736328125,166.5291748046875,75.31192016601562,38.44382095336914
mendeley_grain_filling_Fruit_with_Seeds_(104),data/raw/images/auxiliary_wheat_images/WheatPhenology A Multi-Stage Field Image Dataset o/4. Fruit with Seeds/Fruit with Seeds (104).jpg,grain_filling,,,Mendeley_WheatPhenology,0.6183929443359375,0.18771176168001166,0.4762725830078125,154.4976806640625,76.76982116699219,42.587615966796875
mendeley_grain_filling_Fruit_with_Seeds_(105),data/raw/images/auxiliary_wheat_images/WheatPhenology A Multi-Stage Field Image Dataset o/4. Fruit with Seeds/Fruit with Seeds (105).jpg,grain_filling,,,Mendeley_WheatPhenology,0.1074066162109375,0.034822495357480415,0.1066741943359375,171.7583465576172,93.10087585449219,37.156925201416016
mendeley_grain_filling_Fruit_with_Seeds_(106),data/raw/images/auxiliary_wheat_images/WheatPhenology A Multi-Stage Field Image Dataset o/4. Fruit with Seeds/Fruit with Seeds (106).jpg,grain_filling,,,Mendeley_WheatPhenology,0.1388397216796875,0.04068274655762841,0.1258544921875,172.5706787109375,91.2843017578125,39.23146438598633
mendeley_grain_filling_Fruit_with_Seeds_(107),data/raw/images/auxiliary_wheat_images/WheatPhenology A Multi-Stage Field Image Dataset o/4. Fruit with Seeds/Fruit with Seeds (107).jpg,grain_filling,,,Mendeley_WheatPhenology,0.144622802734375,0.04065063555779703,0.125396728515625,172.33506774902344,90.47715759277344,39.17976379394531
mendeley_grain_filling_Fruit_with_Seeds_(108),data/raw/images/auxiliary_wheat_images/WheatPhenology A Multi-Stage Field Image Dataset o/4. Fruit with Seeds/Fruit with Seeds (108).jpg,grain_filling,,,Mendeley_WheatPhenology,0.5277557373046875,0.14863259053843864,0.3865966796875,156.9616241455078,77.48054504394531,44.65726089477539
mendeley_grain_filling_Fruit_with_Seeds_(109),data/raw/images/auxiliary_wheat_images/WheatPhenology A Multi-Stage Field Image Dataset o/4. Fruit with Seeds/Fruit with Seeds (109).jpg,grain_filling,,,Mendeley_WheatPhenology,0.638427734375,0.1444935750252768,0.36468505859375,153.9652557373047,68.06936645507812,50.91647720336914
mendeley_grain_filling_Fruit_with_Seeds_(11),data/raw/images/auxiliary_wheat_images/WheatPhenology A Multi-Stage Field Image Dataset o/4. Fruit with Seeds/Fruit with Seeds (11).jpg,grain_filling,,,Mendeley_WheatPhenology,0.0056304931640625,0.0013583858479179587,0.00689697265625,204.77674865722656,87.67190551757812,34.96669006347656
mendeley_grain_filling_Fruit_with_Seeds_(110),data/raw/images/auxiliary_wheat_images/WheatPhenology A Multi-Stage Field Image Dataset o/4. Fruit with Seeds/Fruit with Seeds (110).jpg,grain_filling,,,Mendeley_WheatPhenology,0.3399505615234375,0.024709278231888426,0.14141845703125,210.4452362060547,58.13548278808594,45.68098449707031
mendeley_grain_filling_Fruit_with_Seeds_(111),data/raw/images/auxiliary_wheat_images/WheatPhenology A Multi-Stage Field Image Dataset o/4. Fruit with Seeds/Fruit with Seeds (111).jpg,grain_filling,,,Mendeley_WheatPhenology,0.321868896484375,0.027079393881756588,0.1459503173828125,207.6876983642578,60.37701416015625,45.89114761352539
mendeley_grain_filling_Fruit_with_Seeds_(112),data/raw/images/auxiliary_wheat_images/WheatPhenology A Multi-Stage Field Image Dataset o/4. Fruit with Seeds/Fruit with Seeds (112).jpg,grain_filling,,,Mendeley_WheatPhenology,0.322540283203125,0.027335386102398232,0.14422607421875,206.66946411132812,60.00787353515625,50.66899108886719
mendeley_grain_filling_Fruit_with_Seeds_(113),data/raw/images/auxiliary_wheat_images/WheatPhenology A Multi-Stage Field Image Dataset o/4. Fruit with Seeds/Fruit with Seeds (113).jpg,grain_filling,,,Mendeley_WheatPhenology,0.1770172119140625,0.05628013046020094,0.164520263671875,167.7679901123047,95.21281433105469,53.81741714477539
mendeley_grain_filling_Fruit_with_Seeds_(114),data/raw/images/auxiliary_wheat_images/WheatPhenology A Multi-Stage Field Image Dataset o/4. Fruit with Seeds/Fruit with Seeds (114).jpg,grain_filling,,,Mendeley_WheatPhenology,0.154571533203125,0.040265568188738596,0.124481201171875,172.51589965820312,97.32752990722656,55.78814697265625
mendeley_grain_filling_Fruit_with_Seeds_(115),data/raw/images/auxiliary_wheat_images/WheatPhenology A Multi-Stage Field Image Dataset o/4. Fruit with Seeds/Fruit with Seeds (115).jpg,grain_filling,,,Mendeley_WheatPhenology,0.2396697998046875,0.05722888931358124,0.1557464599609375,161.3004913330078,78.06602478027344,54.491756439208984
mendeley_grain_filling_Fruit_with_Seeds_(116),data/raw/images/auxiliary_wheat_images/WheatPhenology A Multi-Stage Field Image Dataset o/4. Fruit with Seeds/Fruit with Seeds (116).jpg,grain_filling,,,Mendeley_WheatPhenology,0.310760498046875,0.099096217930463,0.26849365234375,160.88404846191406,88.87518310546875,44.24211502075195
mendeley_grain_filling_Fruit_with_Seeds_(117),data/raw/images/auxiliary_wheat_images/WheatPhenology A Multi-Stage Field Image Dataset o/4. Fruit with Seeds/Fruit with Seeds (117).jpg,grain_filling,,,Mendeley_WheatPhenology,0.321533203125,0.09945299462780503,0.2712554931640625,161.5069122314453,84.41664123535156,44.195011138916016
mendeley_grain_filling_Fruit_with_Seeds_(118),data/raw/images/auxiliary_wheat_images/WheatPhenology A Multi-Stage Field Image Dataset o/4. Fruit with Seeds/Fruit with Seeds (118).jpg,grain_filling,,,Mendeley_WheatPhenology,0.161529541015625,0.04483439488537317,0.1318206787109375,168.27027893066406,94.19010925292969,52.2325325012207
mendeley_grain_filling_Fruit_with_Seeds_(119),data/raw/images/auxiliary_wheat_images/WheatPhenology A Multi-Stage Field Image Dataset o/4. Fruit with Seeds/Fruit with Seeds (119).jpg,grain_filling,,,Mendeley_WheatPhenology,0.057525634765625,0.013005193890821115,0.0413970947265625,174.88992309570312,92.25468444824219,45.600341796875
mendeley_grain_filling_Fruit_with_Seeds_(12),data/raw/images/auxiliary_wheat_images/WheatPhenology A Multi-Stage Field Image Dataset o/4. Fruit with Seeds/Fruit with Seeds (12).jpg,grain_filling,,,Mendeley_WheatPhenology,7.62939453125e-05,2.7620321249260615e-05,0.00018310546875,216.5348358154297,125.0853271484375,38.50238037109375
mendeley_grain_filling_Fruit_with_Seeds_(120),data/raw/images/auxiliary_wheat_images/WheatPhenology A Multi-Stage Field Image Dataset o/4. Fruit with Seeds/Fruit with Seeds (120).jpg,grain_filling,,,Mendeley_WheatPhenology,0.0515289306640625,0.012894317179041753,0.040924072265625,174.65484619140625,94.87031555175781,46.08269500732422
mendeley_grain_filling_Fruit_with_Seeds_(121),data/raw/images/auxiliary_wheat_images/WheatPhenology A Multi-Stage Field Image Dataset o/4. Fruit with Seeds/Fruit with Seeds (121).jpg,grain_filling,,,Mendeley_WheatPhenology,0.0300140380859375,0.006764284017331459,0.0233001708984375,180.9708251953125,95.30038452148438,44.74530029296875
mendeley_grain_filling_Fruit_with_Seeds_(122),data/raw/images/auxiliary_wheat_images/WheatPhenology A Multi-Stage Field Image Dataset o/4. Fruit with Seeds/Fruit with Seeds (122).jpg,grain_filling,,,Mendeley_WheatPhenology,0.0512542724609375,0.012304526324584786,0.038299560546875,173.0759735107422,105.79570007324219,56.68363952636719
mendeley_grain_filling_Fruit_with_Seeds_(123),data/raw/images/auxiliary_wheat_images/WheatPhenology A Multi-Stage Field Image Dataset o/4. Fruit with Seeds/Fruit with Seeds (123).jpg,grain_filling,,,Mendeley_WheatPhenology,0.0511474609375,0.011787430739358944,0.037078857421875,173.93507385253906,105.28150939941406,56.62415313720703
mendeley_grain_filling_Fruit_with_Seeds_(124),data/raw/images/auxiliary_wheat_images/WheatPhenology A Multi-Stage Field Image Dataset o/4. Fruit with Seeds/Fruit with Seeds (124).jpg,grain_filling,,,Mendeley_WheatPhenology,0.03759765625,0.007960123661905528,0.029571533203125,186.3585968017578,98.96726989746094,34.512325286865234
mendeley_grain_filling_Fruit_with_Seeds_(125),data/raw/images/auxiliary_wheat_images/WheatPhenology A Multi-Stage Field Image Dataset o/4. Fruit with Seeds/Fruit with Seeds (125).jpg,grain_filling,,,Mendeley_WheatPhenology,0.001251220703125,9.374671213913196e-05,0.0004730224609375,204.46241760253906,103.32763671875,55.610618591308594
mendeley_grain_filling_Fruit_with_Seeds_(126),data/raw/images/auxiliary_wheat_images/WheatPhenology A Multi-Stage Field Image Dataset o/4. Fruit with Seeds/Fruit with Seeds (126).jpg,grain_filling,,,Mendeley_WheatPhenology,0.0050201416015625,0.00034944133504348637,0.00189208984375,207.9052276611328,95.66865539550781,50.75129699707031
mendeley_grain_filling_Fruit_with_Seeds_(127),data/raw/images/auxiliary_wheat_images/WheatPhenology A Multi-Stage Field Image Dataset o/4. Fruit with Seeds/Fruit with Seeds (127).jpg,grain_filling,,,Mendeley_WheatPhenology,0.0184173583984375,0.0030035875025479233,0.0130767822265625,196.42941284179688,102.50996398925781,56.91397476196289
mendeley_grain_filling_Fruit_with_Seeds_(128),data/raw/images/auxiliary_wheat_images/WheatPhenology A Multi-Stage Field Image Dataset o/4. Fruit with Seeds/Fruit with Seeds (128).jpg,grain_filling,,,Mendeley_WheatPhenology,0.040191650390625,0.011713356459878529,0.0440216064453125,187.1490936279297,109.62583923339844,57.676448822021484
mendeley_grain_filling_Fruit_with_Seeds_(129),data/raw/images/auxiliary_wheat_images/WheatPhenology A Multi-Stage Field Image Dataset o/4. Fruit with Seeds/Fruit with Seeds (129).jpg,grain_filling,,,Mendeley_WheatPhenology,0.067047119140625,0.015775960152420925,0.0736846923828125,200.40426635742188,103.04669189453125,49.07210922241211
mendeley_grain_filling_Fruit_with_Seeds_(13),data/raw/images/auxiliary_wheat_images/WheatPhenology A Multi-Stage Field Image Dataset o/4. Fruit with Seeds/Fruit with Seeds (13).jpg,grain_filling,,,Mendeley_WheatPhenology,1.52587890625e-05,3.758087462069942e-06,3.0517578125e-05,223.5980224609375,117.02354431152344,32.61906814575195
mendeley_grain_filling_Fruit_with_Seeds_(130),data/raw/images/auxiliary_wheat_images/WheatPhenology A Multi-Stage Field Image Dataset o/4. Fruit with Seeds/Fruit with Seeds (130).jpg,grain_filling,,,Mendeley_WheatPhenology,0.0,0.0,0.0,214.52125549316406,100.89549255371094,41.96369171142578
mendeley_grain_filling_Fruit_with_Seeds_(131),data/raw/images/auxiliary_wheat_images/WheatPhenology A Multi-Stage Field Image Dataset o/4. Fruit with Seeds/Fruit with Seeds (131).jpg,grain_filling,,,Mendeley_WheatPhenology,0.0,0.0,0.0,225.53636169433594,111.47084045410156,31.980491638183594
mendeley_grain_filling_Fruit_with_Seeds_(132),data/raw/images/auxiliary_wheat_images/WheatPhenology A Multi-Stage Field Image Dataset o/4. Fruit with Seeds/Fruit with Seeds (132).jpg,grain_filling,,,Mendeley_WheatPhenology,0.0,0.0,0.0,227.51255798339844,111.04397583007812,30.594070434570312
mendeley_grain_filling_Fruit_with_Seeds_(133),data/raw/images/auxiliary_wheat_images/WheatPhenology A Multi-Stage Field Image Dataset o/4. Fruit with Seeds/Fruit with Seeds (133).jpg,grain_filling,,,Mendeley_WheatPhenology,9.1552734375e-05,2.6456798043321156e-05,0.0001068115234375,191.83749389648438,110.10105895996094,36.342838287353516
mendeley_grain_filling_Fruit_with_Seeds_(134),data/raw/images/auxiliary_wheat_images/WheatPhenology A Multi-Stage Field Image Dataset o/4. Fruit with Seeds/Fruit with Seeds (134).jpg,grain_filling,,,Mendeley_WheatPhenology,0.0,3.33364359011837e-06,3.0517578125e-05,227.1446075439453,116.97370910644531,23.015100479125977
mendeley_grain_filling_Fruit_with_Seeds_(135),data/raw/images/auxiliary_wheat_images/WheatPhenology A Multi-Stage Field Image Dataset o/4. Fruit with Seeds/Fruit with Seeds (135).jpg,grain_filling,,,Mendeley_WheatPhenology,0.0,0.0,0.0,225.48626708984375,117.75804138183594,22.646360397338867
mendeley_grain_filling_Fruit_with_Seeds_(136),data/raw/images/auxiliary_wheat_images/WheatPhenology A Multi-Stage Field Image Dataset o/4. Fruit with Seeds/Fruit with Seeds (136).jpg,grain_filling,,,Mendeley_WheatPhenology,0.0,0.0,0.0,225.7858428955078,118.71485900878906,21.600431442260742
mendeley_grain_filling_Fruit_with_Seeds_(137),data/raw/images/auxiliary_wheat_images/WheatPhenology A Multi-Stage Field Image Dataset o/4. Fruit with Seeds/Fruit with Seeds (137).jpg,grain_filling,,,Mendeley_WheatPhenology,0.1723175048828125,0.04502521252040478,0.1337127685546875,169.13363647460938,94.0843505859375,54.70505142211914
mendeley_grain_filling_Fruit_with_Seeds_(138),data/raw/images/auxiliary_wheat_images/WheatPhenology A Multi-Stage Field Image Dataset o/4. Fruit with Seeds/Fruit with Seeds (138).jpg,grain_filling,,,Mendeley_WheatPhenology,0.161834716796875,0.04231224902814218,0.126312255859375,169.5797576904297,95.43975830078125,54.568965911865234
mendeley_grain_filling_Fruit_with_Seeds_(139),data/raw/images/auxiliary_wheat_images/WheatPhenology A Multi-Stage Field Image Dataset o/4. Fruit with Seeds/Fruit with Seeds (139).jpg,grain_filling,,,Mendeley_WheatPhenology,0.157623291015625,0.039979563112936774,0.1198577880859375,169.942626953125,100.60488891601562,54.59764099121094
mendeley_grain_filling_Fruit_with_Seeds_(14),data/raw/images/auxiliary_wheat_images/WheatPhenology A Multi-Stage Field Image Dataset o/4. Fruit with Seeds/Fruit with Seeds (14).jpg,grain_filling,,,Mendeley_WheatPhenology,0.0,0.0,0.0,224.45265197753906,112.36419677734375,32.99452209472656
mendeley_grain_filling_Fruit_with_Seeds_(140),data/raw/images/auxiliary_wheat_images/WheatPhenology A Multi-Stage Field Image Dataset o/4. Fruit with Seeds/Fruit with Seeds (140).jpg,grain_filling,,,Mendeley_WheatPhenology,0.1351318359375,0.02886789030961547,0.105987548828125,185.54550170898438,81.86553955078125,47.70703887939453
mendeley_grain_filling_Fruit_with_Seeds_(141),data/raw/images/auxiliary_wheat_images/WheatPhenology A Multi-Stage Field Image Dataset o/4. Fruit with Seeds/Fruit with Seeds (141).jpg,grain_filling,,,Mendeley_WheatPhenology,0.0806427001953125,0.01760165704523816,0.0633544921875,184.15383911132812,85.55253601074219,49.463111877441406
mendeley_grain_filling_Fruit_with_Seeds_(142),data/raw/images/auxiliary_wheat_images/WheatPhenology A Multi-Stage Field Image Dataset o/4. Fruit with Seeds/Fruit with Seeds (142).jpg,grain_filling,,,Mendeley_WheatPhenology,0.2428741455078125,0.08327455465754896,0.2358245849609375,164.95420837402344,100.35804748535156,48.588741302490234
mendeley_grain_filling_Fruit_with_Seeds_(143),data/raw/images/auxiliary_wheat_images/WheatPhenology A Multi-Stage Field Image Dataset o/4. Fruit with Seeds/Fruit with Seeds (143).jpg,grain_filling,,,Mendeley_WheatPhenology,0.1906890869140625,0.05690428682548159,0.195281982421875,180.69415283203125,103.5042724609375,47.138187408447266
mendeley_grain_filling_Fruit_with_Seeds_(144),data/raw/images/auxiliary_wheat_images/WheatPhenology A Multi-Stage Field Image Dataset o/4. Fruit with Seeds/Fruit with Seeds (144).jpg,grain_filling,,,Mendeley_WheatPhenology,0.1282958984375,0.03255315544083715,0.1299591064453125,191.12564086914062,95.58576965332031,42.81199645996094
mendeley_grain_filling_Fruit_with_Seeds_(145),data/raw/images/auxiliary_wheat_images/WheatPhenology A Multi-Stage Field Image Dataset o/4. Fruit with Seeds/Fruit with Seeds (145).jpg,grain_filling,,,Mendeley_WheatPhenology,0.1287994384765625,0.032823911747511696,0.1314697265625,191.33441162109375,95.56254577636719,42.46833419799805
mendeley_grain_filling_Fruit_with_Seeds_(146),data/raw/images/auxiliary_wheat_images/WheatPhenology A Multi-Stage Field Image Dataset o/4. Fruit with Seeds/Fruit with Seeds (146).jpg,grain_filling,,,Mendeley_WheatPhenology,0.05438232421875,0.01643214226590798,0.0525970458984375,175.33399963378906,95.35322570800781,36.8505859375
mendeley_grain_filling_Fruit_with_Seeds_(147),data/raw/images/auxiliary_wheat_images/WheatPhenology A Multi-Stage Field Image Dataset o/4. Fruit with Seeds/Fruit with Seeds (147).jpg,grain_filling,,,Mendeley_WheatPhenology,0.0451202392578125,0.012378983815912816,0.0405731201171875,177.19871520996094,95.41773986816406,41.85578918457031
mendeley_grain_filling_Fruit_with_Seeds_(148),data/raw/images/auxiliary_wheat_images/WheatPhenology A Multi-Stage Field Image Dataset o/4. Fruit with Seeds/Fruit with Seeds (148).jpg,grain_filling,,,Mendeley_WheatPhenology,0.033721923828125,0.008711711474347348,0.027862548828125,175.26980590820312,96.3880615234375,45.34791564941406
mendeley_grain_filling_Fruit_with_Seeds_(149),data/raw/images/auxiliary_wheat_images/WheatPhenology A Multi-Stage Field Image Dataset o/4. Fruit with Seeds/Fruit with Seeds (149).jpg,grain_filling,,,Mendeley_WheatPhenology,0.04193115234375,0.012176287927500468,0.0401458740234375,177.65821838378906,97.80348205566406,34.52788162231445
mendeley_grain_filling_Fruit_with_Seeds_(15),data/raw/images/auxiliary_wheat_images/WheatPhenology A Multi-Stage Field Image Dataset o/4. Fruit with Seeds/Fruit with Seeds (15).jpg,grain_filling,,,Mendeley_WheatPhenology,0.0,0.0,0.0,229.20526123046875,127.760986328125,26.871740341186523
mendeley_grain_filling_Fruit_with_Seeds_(150),data/raw/images/auxiliary_wheat_images/WheatPhenology A Multi-Stage Field Image Dataset o/4. Fruit with Seeds/Fruit with Seeds (150).jpg,grain_filling,,,Mendeley_WheatPhenology,0.059539794921875,0.01824343305300264,0.05853271484375,175.52178955078125,82.15016174316406,34.97768020629883
mendeley_grain_filling_Fruit_with_Seeds_(151),data/raw/images/auxiliary_wheat_images/WheatPhenology A Multi-Stage Field Image Dataset o/4. Fruit with Seeds/Fruit with Seeds (151).jpg,grain_filling,,,Mendeley_WheatPhenology,0.014068603515625,0.0022233721480577015,0.0084991455078125,188.29212951660156,97.72938537597656,38.96795654296875
mendeley_grain_filling_Fruit_with_Seeds_(152),data/raw/images/auxiliary_wheat_images/WheatPhenology A Multi-Stage Field Image Dataset o/4. Fruit with Seeds/Fruit with Seeds (152).jpg,grain_filling,,,Mendeley_WheatPhenology,0.0,0.0,0.0,197.9219512939453,119.0987548828125,23.16057777404785
mendeley_grain_filling_Fruit_with_Seeds_(153),data/raw/images/auxiliary_wheat_images/WheatPhenology A Multi-Stage Field Image Dataset o/4. Fruit with Seeds/Fruit with Seeds (153).jpg,grain_filling,,,Mendeley_WheatPhenology,0.010162353515625,0.001168269747137731,0.0042877197265625,185.5204620361328,117.927734375,33.57147216796875
mendeley_grain_filling_Fruit_with_Seeds_(154),data/raw/images/auxiliary_wheat_images/WheatPhenology A Multi-Stage Field Image Dataset o/4. Fruit with Seeds/Fruit with Seeds (154).jpg,grain_filling,,,Mendeley_WheatPhenology,0.0003814697265625,9.840330401179837e-05,0.000396728515625,191.75059509277344,117.05210876464844,26.401899337768555
mendeley_grain_filling_Fruit_with_Seeds_(155),data/raw/images/auxiliary_wheat_images/WheatPhenology A Multi-Stage Field Image Dataset o/4. Fruit with Seeds/Fruit with Seeds (155).jpg,grain_filling,,,Mendeley_WheatPhenology,0.14697265625,0.05700142484925249,0.152496337890625,159.68385314941406,124.36177062988281,49.53807067871094
mendeley_grain_filling_Fruit_with_Seeds_(156),data/raw/images/auxiliary_wheat_images/WheatPhenology A Multi-Stage Field Image Dataset o/4. Fruit with Seeds/Fruit with Seeds (156).jpg,grain_filling,,,Mendeley_WheatPhenology,0.0445709228515625,0.009787012329872915,0.03155517578125,175.91033935546875,83.28089904785156,44.896400451660156
mendeley_grain_filling_Fruit_with_Seeds_(157),data/raw/images/auxiliary_wheat_images/WheatPhenology A Multi-Stage Field Image Dataset o/4. Fruit with Seeds/Fruit with Seeds (157).jpg,grain_filling,,,Mendeley_WheatPhenology,0.0458221435546875,0.009855103567607845,0.032073974609375,176.6482696533203,85.73773193359375,46.820369720458984
mendeley_grain_filling_Fruit_with_Seeds_(158),data/raw/images/auxiliary_wheat_images/WheatPhenology A Multi-Stage Field Image Dataset o/4. Fruit with Seeds/Fruit with Seeds (158).jpg,grain_filling,,,Mendeley_WheatPhenology,0.1465911865234375,0.022169686705969714,0.061065673828125,162.42311096191406,76.56477355957031,43.17661666870117
mendeley_grain_filling_Fruit_with_Seeds_(159),data/raw/images/auxiliary_wheat_images/WheatPhenology A Multi-Stage Field Image Dataset o/4. Fruit with Seeds/Fruit with Seeds (159).jpg,grain_filling,,,Mendeley_WheatPhenology,0.16351318359375,0.020524253296282362,0.0571136474609375,163.36367797851562,86.86294555664062,49.29756164550781
mendeley_grain_filling_Fruit_with_Seeds_(16),data/raw/images/auxiliary_wheat_images/WheatPhenology A Multi-Stage Field Image Dataset o/4. Fruit with Seeds/Fruit with Seeds (16).jpg,grain_filling,,,Mendeley_WheatPhenology,0.0046234130859375,0.0008363750005396555,0.0054779052734375,216.0662078857422,88.22222900390625,26.298664093017578
mendeley_grain_filling_Fruit_with_Seeds_(160),data/raw/images/auxiliary_wheat_images/WheatPhenology A Multi-Stage Field Image Dataset o/4. Fruit with Seeds/Fruit with Seeds (160).jpg,grain_filling,,,Mendeley_WheatPhenology,0.2971649169921875,0.058609414458567016,0.154144287109375,158.04278564453125,73.19877624511719,46.9947624206543
mendeley_grain_filling_Fruit_with_Seeds_(161),data/raw/images/auxiliary_wheat_images/WheatPhenology A Multi-Stage Field Image Dataset o/4. Fruit with Seeds/Fruit with Seeds (161).jpg,grain_filling,,,Mendeley_WheatPhenology,0.1625518798828125,0.03894901766496547,0.1037750244140625,159.29296875,82.78157043457031,44.75151824951172
mendeley_grain_filling_Fruit_with_Seeds_(162),data/raw/images/auxiliary_wheat_images/WheatPhenology A Multi-Stage Field Image Dataset o/4. Fruit with Seeds/Fruit with Seeds (162).jpg,grain_filling,,,Mendeley_WheatPhenology,0.0184173583984375,0.0013758458891043475,0.00579833984375,194.49290466308594,96.6851806640625,28.774612426757812
mendeley_grain_filling_Fruit_with_Seeds_(163),data/raw/images/auxiliary_wheat_images/WheatPhenology A Multi-Stage Field Image Dataset o/4. Fruit with Seeds/Fruit with Seeds (163).jpg,grain_filling,,,Mendeley_WheatPhenology,0.0,0.0,0.0,189.85980224609375,94.76712036132812,28.007673263549805
mendeley_grain_filling_Fruit_with_Seeds_(164),data/raw/images/auxiliary_wheat_images/WheatPhenology A Multi-Stage Field Image Dataset o/4. Fruit with Seeds/Fruit with Seeds (164).jpg,grain_filling,,,Mendeley_WheatPhenology,0.0006103515625,0.0,0.0,217.44668579101562,93.93672180175781,34.830955505371094
mendeley_grain_filling_Fruit_with_Seeds_(165),data/raw/images/auxiliary_wheat_images/WheatPhenology A Multi-Stage Field Image Dataset o/4. Fruit with Seeds/Fruit with Seeds (165).jpg,grain_filling,,,Mendeley_WheatPhenology,0.0,0.0,0.0,227.26861572265625,98.19181823730469,21.218090057373047
mendeley_grain_filling_Fruit_with_Seeds_(166),data/raw/images/auxiliary_wheat_images/WheatPhenology A Multi-Stage Field Image Dataset o/4. Fruit with Seeds/Fruit with Seeds (166).jpg,grain_filling,,,Mendeley_WheatPhenology,0.0091705322265625,0.0008559270634078509,0.0057525634765625,217.05841064453125,92.33979797363281,36.06272506713867
mendeley_grain_filling_Fruit_with_Seeds_(167),data/raw/images/auxiliary_wheat_images/WheatPhenology A Multi-Stage Field Image Dataset o/4. Fruit with Seeds/Fruit with Seeds (167).jpg,grain_filling,,,Mendeley_WheatPhenology,0.0015411376953125,0.00021966519108151684,0.0013885498046875,214.6596221923828,93.11396789550781,31.12728500366211
mendeley_grain_filling_Fruit_with_Seeds_(168),data/raw/images/auxiliary_wheat_images/WheatPhenology A Multi-Stage Field Image Dataset o/4. Fruit with Seeds/Fruit with Seeds (168).jpg,grain_filling,,,Mendeley_WheatPhenology,0.0,0.0,0.0,228.29791259765625,100.1929931640625,20.642147064208984
mendeley_grain_filling_Fruit_with_Seeds_(169),data/raw/images/auxiliary_wheat_images/WheatPhenology A Multi-Stage Field Image Dataset o/4. Fruit with Seeds/Fruit with Seeds (169).jpg,grain_filling,,,Mendeley_WheatPhenology,0.0,0.0,0.0,187.71865844726562,97.22677612304688,31.61882781982422
mendeley_grain_filling_Fruit_with_Seeds_(17),data/raw/images/auxiliary_wheat_images/WheatPhenology A Multi-Stage Field Image Dataset o/4. Fruit with Seeds/Fruit with Seeds (17).jpg,grain_filling,,,Mendeley_WheatPhenology,0.0414581298828125,0.00965689699001172,0.03472900390625,184.09359741210938,89.74366760253906,41.41543197631836
mendeley_grain_filling_Fruit_with_Seeds_(170),data/raw/images/auxiliary_wheat_images/WheatPhenology A Multi-Stage Field Image Dataset o/4. Fruit with Seeds/Fruit with Seeds (170).jpg,grain_filling,,,Mendeley_WheatPhenology,0.0,0.0,0.0,195.1876983642578,97.5452880859375,23.303287506103516
mendeley_grain_filling_Fruit_with_Seeds_(171),data/raw/images/auxiliary_wheat_images/WheatPhenology A Multi-Stage Field Image Dataset o/4. Fruit with Seeds/Fruit with Seeds (171).jpg,grain_filling,,,Mendeley_WheatPhenology,0.01611328125,0.002884520911702923,0.0107421875,186.52671813964844,89.58071899414062,33.44776153564453
mendeley_grain_filling_Fruit_with_Seeds_(172),data/raw/images/auxiliary_wheat_images/WheatPhenology A Multi-Stage Field Image Dataset o/4. Fruit with Seeds/Fruit with Seeds (172).jpg,grain_filling,,,Mendeley_WheatPhenology,0.0132904052734375,0.002407477985994489,0.009002685546875,186.8084716796875,89.03507995605469,32.42791748046875
mendeley_grain_filling_Fruit_with_Seeds_(173),data/raw/images/auxiliary_wheat_images/WheatPhenology A Multi-Stage Field Image Dataset o/4. Fruit with Seeds/Fruit with Seeds (173).jpg,grain_filling,,,Mendeley_WheatPhenology,0.0,0.0,0.0,188.15655517578125,99.23733520507812,31.515649795532227
mendeley_grain_filling_Fruit_with_Seeds_(174),data/raw/images/auxiliary_wheat_images/WheatPhenology A Multi-Stage Field Image Dataset o/4. Fruit with Seeds/Fruit with Seeds (174).jpg,grain_filling,,,Mendeley_WheatPhenology,0.0,0.0,0.0,214.894775390625,98.22483825683594,31.883230209350586
mendeley_grain_filling_Fruit_with_Seeds_(175),data/raw/images/auxiliary_wheat_images/WheatPhenology A Multi-Stage Field Image Dataset o/4. Fruit with Seeds/Fruit with Seeds (175).jpg,grain_filling,,,Mendeley_WheatPhenology,0.0,0.0,0.0,223.96322631835938,97.57020568847656,23.572797775268555
mendeley_grain_filling_Fruit_with_Seeds_(176),data/raw/images/auxiliary_wheat_images/WheatPhenology A Multi-Stage Field Image Dataset o/4. Fruit with Seeds/Fruit with Seeds (176).jpg,grain_filling,,,Mendeley_WheatPhenology,0.0,0.0,0.0,229.7874298095703,100.93858337402344,21.842376708984375
mendeley_grain_filling_Fruit_with_Seeds_(177),data/raw/images/auxiliary_wheat_images/WheatPhenology A Multi-Stage Field Image Dataset o/4. Fruit with Seeds/Fruit with Seeds (177).jpg,grain_filling,,,Mendeley_WheatPhenology,0.0,0.0,0.0,233.775634765625,93.48295593261719,19.713565826416016
mendeley_grain_filling_Fruit_with_Seeds_(178),data/raw/images/auxiliary_wheat_images/WheatPhenology A Multi-Stage Field Image Dataset o/4. Fruit with Seeds/Fruit with Seeds (178).jpg,grain_filling,,,Mendeley_WheatPhenology,0.0,0.0,0.0,230.23646545410156,99.31590270996094,20.221412658691406
mendeley_grain_filling_Fruit_with_Seeds_(179),data/raw/images/auxiliary_wheat_images/WheatPhenology A Multi-Stage Field Image Dataset o/4. Fruit with Seeds/Fruit with Seeds (179).jpg,grain_filling,,,Mendeley_WheatPhenology,0.0,0.0,0.0,186.69956970214844,101.18655395507812,30.503259658813477
mendeley_grain_filling_Fruit_with_Seeds_(18),data/raw/images/auxiliary_wheat_images/WheatPhenology A Multi-Stage Field Image Dataset o/4. Fruit with Seeds/Fruit with Seeds (18).jpg,grain_filling,,,Mendeley_WheatPhenology,0.0418853759765625,0.009682112840899067,0.034820556640625,184.09536743164062,89.66802978515625,42.11967468261719
mendeley_grain_filling_Fruit_with_Seeds_(180),data/raw/images/auxiliary_wheat_images/WheatPhenology A Multi-Stage Field Image Dataset o/4. Fruit with Seeds/Fruit with Seeds (180).jpg,grain_filling,,,Mendeley_WheatPhenology,0.0,0.0,0.0,184.7212677001953,106.22430419921875,31.269840240478516
mendeley_grain_filling_Fruit_with_Seeds_(181),data/raw/images/auxiliary_wheat_images/WheatPhenology A Multi-Stage Field Image Dataset o/4. Fruit with Seeds/Fruit with Seeds (181).jpg,grain_filling,,,Mendeley_WheatPhenology,0.0001068115234375,5.567363079856424e-05,0.0001220703125,138.70001220703125,95.75758361816406,36.220340728759766
mendeley_grain_filling_Fruit_with_Seeds_(182),data/raw/images/auxiliary_wheat_images/WheatPhenology A Multi-Stage Field Image Dataset o/4. Fruit with Seeds/Fruit with Seeds (182).jpg,grain_filling,,,Mendeley_WheatPhenology,3.0517578125e-05,2.1613312556463128e-05,4.57763671875e-05,134.60174560546875,94.352783203125,33.328651428222656
mendeley_grain_filling_Fruit_with_Seeds_(183),data/raw/images/auxiliary_wheat_images/WheatPhenology A Multi-Stage Field Image Dataset o/4. Fruit with Seeds/Fruit with Seeds (183).jpg,grain_filling,,,Mendeley_WheatPhenology,0.0018310546875,0.00020303459399763276,0.000457763671875,141.8983612060547,88.43460083007812,26.663949966430664
mendeley_grain_filling_Fruit_with_Seeds_(184),data/raw/images/auxiliary_wheat_images/WheatPhenology A Multi-Stage Field Image Dataset o/4. Fruit with Seeds/Fruit with Seeds (184).jpg,grain_filling,,,Mendeley_WheatPhenology,0.00018310546875,0.00011532994297643503,0.0002593994140625,141.6260528564453,91.12010192871094,26.831180572509766
mendeley_grain_filling_Fruit_with_Seeds_(185),data/raw/images/auxiliary_wheat_images/WheatPhenology A Multi-Stage Field Image Dataset o/4. Fruit with Seeds/Fruit with Seeds (185).jpg,grain_filling,,,Mendeley_WheatPhenology,0.0002288818359375,0.00012855127764244874,0.0002899169921875,141.93116760253906,90.51275634765625,26.756824493408203
mendeley_grain_filling_Fruit_with_Seeds_(186),data/raw/images/auxiliary_wheat_images/WheatPhenology A Multi-Stage Field Image Dataset o/4. Fruit with Seeds/Fruit with Seeds (186).jpg,grain_filling,,,Mendeley_WheatPhenology,0.0046234130859375,6.590199054164046e-05,0.0001373291015625,132.62966918945312,84.01283264160156,27.594648361206055
mendeley_grain_filling_Fruit_with_Seeds_(187),data/raw/images/auxiliary_wheat_images/WheatPhenology A Multi-Stage Field Image Dataset o/4. Fruit with Seeds/Fruit with Seeds (187).jpg,grain_filling,,,Mendeley_WheatPhenology,0.0131072998046875,0.0001849391835504303,0.0003814697265625,131.3742218017578,81.45198059082031,26.693944931030273
mendeley_grain_filling_Fruit_with_Seeds_(188),data/raw/images/auxiliary_wheat_images/WheatPhenology A Multi-Stage Field Image Dataset o/4. Fruit with Seeds/Fruit with Seeds (188).jpg,grain_filling,,,Mendeley_WheatPhenology,0.0045928955078125,6.63258190102437e-05,0.0001373291015625,131.84268188476562,79.10789489746094,26.476646423339844
mendeley_grain_filling_Fruit_with_Seeds_(189),data/raw/images/auxiliary_wheat_images/WheatPhenology A Multi-Stage Field Image Dataset o/4. Fruit with Seeds/Fruit with Seeds (189).jpg,grain_filling,,,Mendeley_WheatPhenology,0.0013885498046875,6.344666814102847e-05,0.0001373291015625,137.1888427734375,66.28189086914062,49.07121276855469
mendeley_grain_filling_Fruit_with_Seeds_(19),data/raw/images/auxiliary_wheat_images/WheatPhenology A Multi-Stage Field Image Dataset o/4. Fruit with Seeds/Fruit with Seeds (19).jpg,grain_filling,,,Mendeley_WheatPhenology,0.0179443359375,0.004071588792345104,0.0165557861328125,192.2874755859375,89.79541015625,40.32394790649414
mendeley_grain_filling_Fruit_with_Seeds_(190),data/raw/images/auxiliary_wheat_images/WheatPhenology A Multi-Stage Field Image Dataset o/4. Fruit with Seeds/Fruit with Seeds (190).jpg,grain_filling,,,Mendeley_WheatPhenology,0.0012969970703125,5.036627910300797e-05,0.0001068115234375,134.75640869140625,63.59370422363281,43.03984451293945
mendeley_grain_filling_Fruit_with_Seeds_(191),data/raw/images/auxiliary_wheat_images/WheatPhenology A Multi-Stage Field Image Dataset o/4. Fruit with Seeds/Fruit with Seeds (191).jpg,grain_filling,,,Mendeley_WheatPhenology,0.009613037109375,0.0006094899968992845,0.0012664794921875,132.2819061279297,55.61628723144531,40.47931671142578
mendeley_grain_filling_Fruit_with_Seeds_(192),data/raw/images/auxiliary_wheat_images/WheatPhenology A Multi-Stage Field Image Dataset o/4. Fruit with Seeds/Fruit with Seeds (192).jpg,grain_filling,,,Mendeley_WheatPhenology,0.3860015869140625,0.006129037185261647,0.0153045654296875,152.87985229492188,53.66851806640625,44.21664047241211
mendeley_grain_filling_Fruit_with_Seeds_(193),data/raw/images/auxiliary_wheat_images/WheatPhenology A Multi-Stage Field Image Dataset o/4. Fruit with Seeds/Fruit with Seeds (193).jpg,grain_filling,,,Mendeley_WheatPhenology,0.554901123046875,0.004474868346005678,0.0101165771484375,142.20578002929688,34.87640380859375,44.191436767578125
mendeley_grain_filling_Fruit_with_Seeds_(194),data/raw/images/auxiliary_wheat_images/WheatPhenology A Multi-Stage Field Image Dataset o/4. Fruit with Seeds/Fruit with Seeds (194).jpg,grain_filling,,,Mendeley_WheatPhenology,0.464111328125,0.005268348986282944,0.0123748779296875,146.4390106201172,45.88981628417969,43.02442932128906
mendeley_grain_filling_Fruit_with_Seeds_(195),data/raw/images/auxiliary_wheat_images/WheatPhenology A Multi-Stage Field Image Dataset o/4. Fruit with Seeds/Fruit with Seeds (195).jpg,grain_filling,,,Mendeley_WheatPhenology,0.047393798828125,0.000695603765437708,0.0012359619140625,111.48509216308594,59.63446044921875,44.95573806762695
mendeley_grain_filling_Fruit_with_Seeds_(196),data/raw/images/auxiliary_wheat_images/WheatPhenology A Multi-Stage Field Image Dataset o/4. Fruit with Seeds/Fruit with Seeds (196).jpg,grain_filling,,,Mendeley_WheatPhenology,0.050201416015625,0.0018326485958680802,0.0030975341796875,104.12986755371094,65.72372436523438,43.416255950927734
mendeley_grain_filling_Fruit_with_Seeds_(197),data/raw/images/auxiliary_wheat_images/WheatPhenology A Multi-Stage Field Image Dataset o/4. Fruit with Seeds/Fruit with Seeds (197).jpg,grain_filling,,,Mendeley_WheatPhenology,0.3574981689453125,0.043466067915855375,0.0830230712890625,121.49678039550781,64.28494262695312,43.51130294799805
mendeley_grain_filling_Fruit_with_Seeds_(198),data/raw/images/auxiliary_wheat_images/WheatPhenology A Multi-Stage Field Image Dataset o/4. Fruit with Seeds/Fruit with Seeds (198).jpg,grain_filling,,,Mendeley_WheatPhenology,0.293060302734375,0.03804210591513444,0.0694732666015625,115.36734008789062,64.34260559082031,42.3748893737793
mendeley_grain_filling_Fruit_with_Seeds_(199),data/raw/images/auxiliary_wheat_images/WheatPhenology A Multi-Stage Field Image Dataset o/4. Fruit with Seeds/Fruit with Seeds (199).jpg,grain_filling,,,Mendeley_WheatPhenology,0.012939453125,0.0010066677651861134,0.0031890869140625,174.50665283203125,112.41322326660156,39.129207611083984
mendeley_grain_filling_Fruit_with_Seeds_(2),data/raw/images/auxiliary_wheat_images/WheatPhenology A Multi-Stage Field Image Dataset o/4. Fruit with Seeds/Fruit with Seeds (2).jpg,grain_filling,,,Mendeley_WheatPhenology,0.043304443359375,0.016461149830480706,0.0487518310546875,168.8987579345703,83.99374389648438,35.34726333618164
mendeley_grain_filling_Fruit_with_Seeds_(20),data/raw/images/auxiliary_wheat_images/WheatPhenology A Multi-Stage Field Image Dataset o/4. Fruit with Seeds/Fruit with Seeds (20).jpg,grain_filling,,,Mendeley_WheatPhenology,0.04083251953125,0.011017987709127222,0.0390777587890625,183.1026611328125,91.42767333984375,40.92549514770508
mendeley_grain_filling_Fruit_with_Seeds_(200),data/raw/images/auxiliary_wheat_images/WheatPhenology A Multi-Stage Field Image Dataset o/4. Fruit with Seeds/Fruit with Seeds (200).jpg,grain_filling,,,Mendeley_WheatPhenology,0.0,8.144777487306035e-05,0.0003662109375,198.28628540039062,96.97062683105469,44.81870651245117
mendeley_grain_filling_Fruit_with_Seeds_(201),data/raw/images/auxiliary_wheat_images/WheatPhenology A Multi-Stage Field Image Dataset o/4. Fruit with Seeds/Fruit with Seeds (201).jpg,grain_filling,,,Mendeley_WheatPhenology,0.0001373291015625,0.00010486647724082656,0.0004425048828125,194.5691375732422,97.00228881835938,48.381126403808594
mendeley_grain_filling_Fruit_with_Seeds_(202),data/raw/images/auxiliary_wheat_images/WheatPhenology A Multi-Stage Field Image Dataset o/4. Fruit with Seeds/Fruit with Seeds (202).jpg,grain_filling,,,Mendeley_WheatPhenology,4.57763671875e-05,4.3473192764555696e-05,0.0001983642578125,199.11460876464844,100.3551025390625,43.42524337768555
mendeley_grain_filling_Fruit_with_Seeds_(203),data/raw/images/auxiliary_wheat_images/WheatPhenology A Multi-Stage Field Image Dataset o/4. Fruit with Seeds/Fruit with Seeds (203).jpg,grain_filling,,,Mendeley_WheatPhenology,0.0,0.0,0.0,210.66629028320312,97.53741455078125,37.782196044921875
mendeley_grain_filling_Fruit_with_Seeds_(204),data/raw/images/auxiliary_wheat_images/WheatPhenology A Multi-Stage Field Image Dataset o/4. Fruit with Seeds/Fruit with Seeds (204).jpg,grain_filling,,,Mendeley_WheatPhenology,0.0,3.722896434220612e-05,0.000213623046875,210.5601043701172,110.04096984863281,42.61257553100586
mendeley_grain_filling_Fruit_with_Seeds_(205),data/raw/images/auxiliary_wheat_images/WheatPhenology A Multi-Stage Field Image Dataset o/4. Fruit with Seeds/Fruit with Seeds (205).jpg,grain_filling,,,Mendeley_WheatPhenology,4.57763671875e-05,3.3792429694942406e-05,0.0001220703125,184.40896606445312,91.01382446289062,40.17613983154297
mendeley_grain_filling_Fruit_with_Seeds_(206),data/raw/images/auxiliary_wheat_images/WheatPhenology A Multi-Stage Field Image Dataset o/4. Fruit with Seeds/Fruit with Seeds (206).jpg,grain_filling,,,Mendeley_WheatPhenology,0.0,0.0,0.0,191.8975830078125,107.46920776367188,40.41043472290039
mendeley_grain_filling_Fruit_with_Seeds_(207),data/raw/images/auxiliary_wheat_images/WheatPhenology A Multi-Stage Field Image Dataset o/4. Fruit with Seeds/Fruit with Seeds (207).jpg,grain_filling,,,Mendeley_WheatPhenology,0.0181427001953125,0.0005454792695886948,0.0016937255859375,172.875,107.78782653808594,42.20986557006836
mendeley_grain_filling_Fruit_with_Seeds_(208),data/raw/images/auxiliary_wheat_images/WheatPhenology A Multi-Stage Field Image Dataset o/4. Fruit with Seeds/Fruit with Seeds (208).jpg,grain_filling,,,Mendeley_WheatPhenology,0.1741790771484375,7.27124530456814e-05,0.000152587890625,133.4852752685547,76.90953063964844,51.63072204589844
mendeley_grain_filling_Fruit_with_Seeds_(209),data/raw/images/auxiliary_wheat_images/WheatPhenology A Multi-Stage Field Image Dataset o/4. Fruit with Seeds/Fruit with Seeds (209).jpg,grain_filling,,,Mendeley_WheatPhenology,0.0905609130859375,7.092723549873222e-05,0.000152587890625,136.4686737060547,83.79592895507812,47.494598388671875
mendeley_grain_filling_Fruit_with_Seeds_(21),data/raw/images/auxiliary_wheat_images/WheatPhenology A Multi-Stage Field Image Dataset o/4. Fruit with Seeds/Fruit with Seeds (21).jpg,grain_filling,,,Mendeley_WheatPhenology,0.0184478759765625,0.004757065745070577,0.0199737548828125,194.26771545410156,94.3438720703125,37.21506118774414
mendeley_grain_filling_Fruit_with_Seeds_(210),data/raw/images/auxiliary_wheat_images/WheatPhenology A Multi-Stage Field Image Dataset o/4. Fruit with Seeds/Fruit with Seeds (210).jpg,grain_filling,,,Mendeley_WheatPhenology,0.0002899169921875,0.00016755431287867183,0.0003814697265625,142.9954376220703,126.39486694335938,46.591712951660156
mendeley_grain_filling_Fruit_with_Seeds_(211),data/raw/images/auxiliary_wheat_images/WheatPhenology A Multi-Stage Field Image Dataset o/4. Fruit with Seeds/Fruit with Seeds (211).jpg,grain_filling,,,Mendeley_WheatPhenology,0.000152587890625,2.109923893037964e-05,4.57763671875e-05,137.46542358398438,99.75712585449219,52.57509994506836
mendeley_grain_filling_Fruit_with_Seeds_(212),data/raw/images/auxiliary_wheat_images/WheatPhenology A Multi-Stage Field Image Dataset o/4. Fruit with Seeds/Fruit with Seeds (212).jpg,grain_filling,,,Mendeley_WheatPhenology,0.0001373291015625,4.832915158248415e-05,0.0001068115234375,139.61981201171875,104.95640563964844,53.83244323730469
mendeley_grain_filling_Fruit_with_Seeds_(213),data/raw/images/auxiliary_wheat_images/WheatPhenology A Multi-Stage Field Image Dataset o/4. Fruit with Seeds/Fruit with Seeds (213).jpg,grain_filling,,,Mendeley_WheatPhenology,0.0370635986328125,0.0046778933610767135,0.0116729736328125,152.8098602294922,68.44046020507812,50.22027587890625
mendeley_grain_filling_Fruit_with_Seeds_(214),data/raw/images/auxiliary_wheat_images/WheatPhenology A Multi-Stage Field Image Dataset o/4. Fruit with Seeds/Fruit with Seeds (214).jpg,grain_filling,,,Mendeley_WheatPhenology,0.0253753662109375,0.006425777397246337,0.016876220703125,157.90638732910156,77.72805786132812,48.251708984375
mendeley_grain_filling_Fruit_with_Seeds_(215),data/raw/images/auxiliary_wheat_images/WheatPhenology A Multi-Stage Field Image Dataset o/4. Fruit with Seeds/Fruit with Seeds (215).jpg,grain_filling,,,Mendeley_WheatPhenology,0.013916015625,0.0021015789286763058,0.0053863525390625,155.50732421875,68.26942443847656,48.48359298706055
mendeley_grain_filling_Fruit_with_Seeds_(216),data/raw/images/auxiliary_wheat_images/WheatPhenology A Multi-Stage Field Image Dataset o/4. Fruit with Seeds/Fruit with Seeds (216).jpg,grain_filling,,,Mendeley_WheatPhenology,0.0266876220703125,0.0016151110952099166,0.004730224609375,167.93154907226562,111.49673461914062,35.741844177246094
mendeley_grain_filling_Fruit_with_Seeds_(217),data/raw/images/auxiliary_wheat_images/WheatPhenology A Multi-Stage Field Image Dataset o/4. Fruit with Seeds/Fruit with Seeds (217).jpg,grain_filling,,,Mendeley_WheatPhenology,0.3824310302734375,0.0027241409409279912,0.00634765625,145.56497192382812,44.94349670410156,43.78002166748047
mendeley_grain_filling_Fruit_with_Seeds_(218),data/raw/images/auxiliary_wheat_images/WheatPhenology A Multi-Stage Field Image Dataset o/4. Fruit with Seeds/Fruit with Seeds (218).jpg,grain_filling,,,Mendeley_WheatPhenology,0.3421630859375,0.0036640995802978676,0.008819580078125,149.0601043701172,49.28202819824219,43.065711975097656
mendeley_grain_filling_Fruit_with_Seeds_(219),data/raw/images/auxiliary_wheat_images/WheatPhenology A Multi-Stage Field Image Dataset o/4. Fruit with Seeds/Fruit with Seeds (219).jpg,grain_filling,,,Mendeley_WheatPhenology,0.059051513671875,0.00041370300630874494,0.0007476806640625,113.90464782714844,55.03883361816406,45.90791320800781
mendeley_grain_filling_Fruit_with_Seeds_(22),data/raw/images/auxiliary_wheat_images/WheatPhenology A Multi-Stage Field Image Dataset o/4. Fruit with Seeds/Fruit with Seeds (22).jpg,grain_filling,,,Mendeley_WheatPhenology,0.0069122314453125,0.0015305528526797013,0.0087127685546875,210.2047119140625,104.76890563964844,31.163705825805664
mendeley_grain_filling_Fruit_with_Seeds_(220),data/raw/images/auxiliary_wheat_images/WheatPhenology A Multi-Stage Field Image Dataset o/4. Fruit with Seeds/Fruit with Seeds (220).jpg,grain_filling,,,Mendeley_WheatPhenology,0.0272369384765625,0.0010314177228685688,0.0017852783203125,107.67758178710938,59.25926208496094,46.24006271362305
mendeley_grain_filling_Fruit_with_Seeds_(221),data/raw/images/auxiliary_wheat_images/WheatPhenology A Multi-Stage Field Image Dataset o/4. Fruit with Seeds/Fruit with Seeds (221).jpg,grain_filling,,,Mendeley_WheatPhenology,0.0048675537109375,0.00018473094164886893,0.0005340576171875,166.79530334472656,69.41853332519531,50.91701889038086
mendeley_grain_filling_Fruit_with_Seeds_(222),data/raw/images/auxiliary_wheat_images/WheatPhenology A Multi-Stage Field Image Dataset o/4. Fruit with Seeds/Fruit with Seeds (222).jpg,grain_filling,,,Mendeley_WheatPhenology,0.0001220703125,6.116992410491494e-05,0.000152587890625,152.7747802734375,118.81788635253906,49.62019348144531
mendeley_grain_filling_Fruit_with_Seeds_(223),data/raw/images/auxiliary_wheat_images/WheatPhenology A Multi-Stage Field Image Dataset o/4. Fruit with Seeds/Fruit with Seeds (223).jpg,grain_filling,,,Mendeley_WheatPhenology,0.0003662109375,6.124332510665351e-05,0.000152587890625,152.65211486816406,116.85514831542969,49.712711334228516
mendeley_grain_filling_Fruit_with_Seeds_(224),data/raw/images/auxiliary_wheat_images/WheatPhenology A Multi-Stage Field Image Dataset o/4. Fruit with Seeds/Fruit with Seeds (224).jpg,grain_filling,,,Mendeley_WheatPhenology,1.52587890625e-05,6.606719255739568e-06,1.52587890625e-05,144.5906219482422,128.15875244140625,44.76736831665039
mendeley_grain_filling_Fruit_with_Seeds_(225),data/raw/images/auxiliary_wheat_images/WheatPhenology A Multi-Stage Field Image Dataset o/4. Fruit with Seeds/Fruit with Seeds (225).jpg,grain_filling,,,Mendeley_WheatPhenology,1.52587890625e-05,6.431112905927732e-06,1.52587890625e-05,147.52529907226562,126.07225036621094,45.39476776123047
mendeley_grain_filling_Fruit_with_Seeds_(226),data/raw/images/auxiliary_wheat_images/WheatPhenology A Multi-Stage Field Image Dataset o/4. Fruit with Seeds/Fruit with Seeds (226).jpg,grain_filling,,,Mendeley_WheatPhenology,0.0002288818359375,0.0002138853566173245,0.0004425048828125,131.74539184570312,119.39967346191406,50.911346435546875
mendeley_grain_filling_Fruit_with_Seeds_(227),data/raw/images/auxiliary_wheat_images/WheatPhenology A Multi-Stage Field Image Dataset o/4. Fruit with Seeds/Fruit with Seeds (227).jpg,grain_filling,,,Mendeley_WheatPhenology,0.0009918212890625,0.00038980770417872595,0.000823974609375,134.36404418945312,117.93203735351562,48.172813415527344
mendeley_grain_filling_Fruit_with_Seeds_(228),data/raw/images/auxiliary_wheat_images/WheatPhenology A Multi-Stage Field Image Dataset o/4. Fruit with Seeds/Fruit with Seeds (228).jpg,grain_filling,,,Mendeley_WheatPhenology,0.01568603515625,0.0027839430644377777,0.0069732666015625,153.19613647460938,78.31069946289062,49.7921257019043
mendeley_grain_filling_Fruit_with_Seeds_(229),data/raw/images/auxiliary_wheat_images/WheatPhenology A Multi-Stage Field Image Dataset o/4. Fruit with Seeds/Fruit with Seeds (229).jpg,grain_filling,,,Mendeley_WheatPhenology,0.0070343017578125,0.0004272993197482006,0.0011138916015625,157.17959594726562,83.48478698730469,50.62110900878906
mendeley_grain_filling_Fruit_with_Seeds_(23),data/raw/images/auxiliary_wheat_images/WheatPhenology A Multi-Stage Field Image Dataset o/4. Fruit with Seeds/Fruit with Seeds (23).jpg,grain_filling,,,Mendeley_WheatPhenology,0.0362701416015625,0.009312326316813046,0.0287628173828125,172.44052124023438,99.72062683105469,50.6885986328125
mendeley_grain_filling_Fruit_with_Seeds_(230),data/raw/images/auxiliary_wheat_images/WheatPhenology A Multi-Stage Field Image Dataset o/4. Fruit with Seeds/Fruit with Seeds (230).jpg,grain_filling,,,Mendeley_WheatPhenology,0.0533294677734375,0.005229121358955608,0.0142822265625,161.63739013671875,69.30632019042969,47.323795318603516
mendeley_grain_filling_Fruit_with_Seeds_(231),data/raw/images/auxiliary_wheat_images/WheatPhenology A Multi-Stage Field Image Dataset o/4. Fruit with Seeds/Fruit with Seeds (231).jpg,grain_filling,,,Mendeley_WheatPhenology,0.0366973876953125,0.006539258462212542,0.0172576904296875,158.3757781982422,69.29266357421875,50.1164665222168
mendeley_grain_filling_Fruit_with_Seeds_(232),data/raw/images/auxiliary_wheat_images/WheatPhenology A Multi-Stage Field Image Dataset o/4. Fruit with Seeds/Fruit with Seeds (232).jpg,grain_filling,,,Mendeley_WheatPhenology,0.0540618896484375,0.001633331449884994,0.00433349609375,158.88833618164062,65.64599609375,51.617977142333984
mendeley_grain_filling_Fruit_with_Seeds_(233),data/raw/images/auxiliary_wheat_images/WheatPhenology A Multi-Stage Field Image Dataset o/4. Fruit with Seeds/Fruit with Seeds (233).jpg,grain_filling,,,Mendeley_WheatPhenology,0.051422119140625,0.004705015579055922,0.012481689453125,158.8768768310547,72.0306396484375,49.71031188964844
mendeley_grain_filling_Fruit_with_Seeds_(234),data/raw/images/auxiliary_wheat_images/WheatPhenology A Multi-Stage Field Image Dataset o/4. Fruit with Seeds/Fruit with Seeds (234).jpg,grain_filling,,,Mendeley_WheatPhenology,0.0007476806640625,0.00012111968415624953,0.0003204345703125,158.6136474609375,86.52786254882812,50.53043746948242
mendeley_grain_filling_Fruit_with_Seeds_(235),data/raw/images/auxiliary_wheat_images/WheatPhenology A Multi-Stage Field Image Dataset o/4. Fruit with Seeds/Fruit with Seeds (235).jpg,grain_filling,,,Mendeley_WheatPhenology,0.0142364501953125,0.006112865972168306,0.013916015625,142.98655700683594,76.60563659667969,43.39264678955078
mendeley_grain_filling_Fruit_with_Seeds_(236),data/raw/images/auxiliary_wheat_images/WheatPhenology A Multi-Stage Field Image Dataset o/4. Fruit with Seeds/Fruit with Seeds (236).jpg,grain_filling,,,Mendeley_WheatPhenology,7.62939453125e-05,2.7798874048041366e-05,7.62939453125e-05,162.08682250976562,85.00407409667969,44.182376861572266
mendeley_grain_filling_Fruit_with_Seeds_(237),data/raw/images/auxiliary_wheat_images/WheatPhenology A Multi-Stage Field Image Dataset o/4. Fruit with Seeds/Fruit with Seeds (237).jpg,grain_filling,,,Mendeley_WheatPhenology,0.00714111328125,0.0005367328321524695,0.00189208984375,182.6636505126953,106.42994689941406,39.965641021728516
mendeley_grain_filling_Fruit_with_Seeds_(238),data/raw/images/auxiliary_wheat_images/WheatPhenology A Multi-Stage Field Image Dataset o/4. Fruit with Seeds/Fruit with Seeds (238).jpg,grain_filling,,,Mendeley_WheatPhenology,0.0,0.0,0.0,212.73568725585938,103.71794128417969,35.328338623046875
mendeley_grain_filling_Fruit_with_Seeds_(24),data/raw/images/auxiliary_wheat_images/WheatPhenology A Multi-Stage Field Image Dataset o/4. Fruit with Seeds/Fruit with Seeds (24).jpg,grain_filling,,,Mendeley_WheatPhenology,0.010223388671875,0.003364976659855421,0.011444091796875,180.02078247070312,106.744873046875,46.054603576660156
mendeley_grain_filling_Fruit_with_Seeds_(25),data/raw/images/auxiliary_wheat_images/WheatPhenology A Multi-Stage Field Image Dataset o/4. Fruit with Seeds/Fruit with Seeds (25).jpg,grain_filling,,,Mendeley_WheatPhenology,0.0001068115234375,2.5876660776488916e-05,0.0001373291015625,206.95083618164062,123.58006286621094,29.137845993041992
mendeley_grain_filling_Fruit_with_Seeds_(26),data/raw/images/auxiliary_wheat_images/WheatPhenology A Multi-Stage Field Image Dataset o/4. Fruit with Seeds/Fruit with Seeds (26).jpg,grain_filling,,,Mendeley_WheatPhenology,0.0,0.0,0.0,207.7709503173828,124.88084411621094,28.86467170715332
mendeley_grain_filling_Fruit_with_Seeds_(27),data/raw/images/auxiliary_wheat_images/WheatPhenology A Multi-Stage Field Image Dataset o/4. Fruit with Seeds/Fruit with Seeds (27).jpg,grain_filling,,,Mendeley_WheatPhenology,0.0014190673828125,0.0003391871037071243,0.0016937255859375,203.93345642089844,97.6121826171875,28.463449478149414
mendeley_grain_filling_Fruit_with_Seeds_(28),data/raw/images/auxiliary_wheat_images/WheatPhenology A Multi-Stage Field Image Dataset o/4. Fruit with Seeds/Fruit with Seeds (28).jpg,grain_filling,,,Mendeley_WheatPhenology,0.004730224609375,0.0016034245783207465,0.00592041015625,185.9383544921875,102.84114074707031,28.03133201599121
mendeley_grain_filling_Fruit_with_Seeds_(29),data/raw/images/auxiliary_wheat_images/WheatPhenology A Multi-Stage Field Image Dataset o/4. Fruit with Seeds/Fruit with Seeds (29).jpg,grain_filling,,,Mendeley_WheatPhenology,0.0046539306640625,0.0016150662018095748,0.0059967041015625,186.32196044921875,101.74903869628906,27.55445671081543
mendeley_grain_filling_Fruit_with_Seeds_(3),data/raw/images/auxiliary_wheat_images/WheatPhenology A Multi-Stage Field Image Dataset o/4. Fruit with Seeds/Fruit with Seeds (3).jpg,grain_filling,,,Mendeley_WheatPhenology,0.0412445068359375,0.016487468779087064,0.047943115234375,167.306396484375,85.58204650878906,35.435264587402344
mendeley_grain_filling_Fruit_with_Seeds_(30),data/raw/images/auxiliary_wheat_images/WheatPhenology A Multi-Stage Field Image Dataset o/4. Fruit with Seeds/Fruit with Seeds (30).jpg,grain_filling,,,Mendeley_WheatPhenology,0.0015411376953125,0.0007194732014528093,0.0024261474609375,179.3798370361328,106.43154907226562,31.80207633972168
mendeley_grain_filling_Fruit_with_Seeds_(31),data/raw/images/auxiliary_wheat_images/WheatPhenology A Multi-Stage Field Image Dataset o/4. Fruit with Seeds/Fruit with Seeds (31).jpg,grain_filling,,,Mendeley_WheatPhenology,0.002288818359375,0.0005900680470992537,0.002227783203125,187.45870971679688,120.67132568359375,36.91965866088867
mendeley_grain_filling_Fruit_with_Seeds_(32),data/raw/images/auxiliary_wheat_images/WheatPhenology A Multi-Stage Field Image Dataset o/4. Fruit with Seeds/Fruit with Seeds (32).jpg,grain_filling,,,Mendeley_WheatPhenology,0.0024566650390625,0.0007889383773812478,0.0029754638671875,187.3872528076172,120.95266723632812,37.08843994140625
mendeley_grain_filling_Fruit_with_Seeds_(33),data/raw/images/auxiliary_wheat_images/WheatPhenology A Multi-Stage Field Image Dataset o/4. Fruit with Seeds/Fruit with Seeds (33).jpg,grain_filling,,,Mendeley_WheatPhenology,0.062744140625,0.01746443920567924,0.0467529296875,159.74539184570312,72.73426818847656,39.35126495361328
mendeley_grain_filling_Fruit_with_Seeds_(34),data/raw/images/auxiliary_wheat_images/WheatPhenology A Multi-Stage Field Image Dataset o/4. Fruit with Seeds/Fruit with Seeds (34).jpg,grain_filling,,,Mendeley_WheatPhenology,0.0590362548828125,0.01578571008353987,0.0425262451171875,160.3441925048828,72.50852966308594,39.74112319946289
mendeley_grain_filling_Fruit_with_Seeds_(35),data/raw/images/auxiliary_wheat_images/WheatPhenology A Multi-Stage Field Image Dataset o/4. Fruit with Seeds/Fruit with Seeds (35).jpg,grain_filling,,,Mendeley_WheatPhenology,0.060791015625,0.015857684086350833,0.04248046875,159.81015014648438,71.48164367675781,39.591835021972656
mendeley_grain_filling_Fruit_with_Seeds_(36),data/raw/images/auxiliary_wheat_images/WheatPhenology A Multi-Stage Field Image Dataset o/4. Fruit with Seeds/Fruit with Seeds (36).jpg,grain_filling,,,Mendeley_WheatPhenology,0.0605621337890625,0.015992667572572828,0.0423736572265625,158.7578887939453,71.94367980957031,39.99177932739258
mendeley_grain_filling_Fruit_with_Seeds_(37),data/raw/images/auxiliary_wheat_images/WheatPhenology A Multi-Stage Field Image Dataset o/4. Fruit with Seeds/Fruit with Seeds (37).jpg,grain_filling,,,Mendeley_WheatPhenology,0.0615692138671875,0.01644383743405342,0.0435791015625,158.78005981445312,71.298095703125,40.04475402832031
mendeley_grain_filling_Fruit_with_Seeds_(38),data/raw/images/auxiliary_wheat_images/WheatPhenology A Multi-Stage Field Image Dataset o/4. Fruit with Seeds/Fruit with Seeds (38).jpg,grain_filling,,,Mendeley_WheatPhenology,0.0236968994140625,0.008008999591145444,0.0222930908203125,163.38888549804688,77.24000549316406,37.089473724365234
mendeley_grain_filling_Fruit_with_Seeds_(39),data/raw/images/auxiliary_wheat_images/WheatPhenology A Multi-Stage Field Image Dataset o/4. Fruit with Seeds/Fruit with Seeds (39).jpg,grain_filling,,,Mendeley_WheatPhenology,0.024688720703125,0.008698609171836985,0.0240478515625,162.7611846923828,77.486083984375,37.08678436279297
mendeley_grain_filling_Fruit_with_Seeds_(4),data/raw/images/auxiliary_wheat_images/WheatPhenology A Multi-Stage Field Image Dataset o/4. Fruit with Seeds/Fruit with Seeds (4).jpg,grain_filling,,,Mendeley_WheatPhenology,0.00103759765625,0.0004079473387523025,0.001495361328125,185.43382263183594,110.26799011230469,34.84968566894531
mendeley_grain_filling_Fruit_with_Seeds_(40),data/raw/images/auxiliary_wheat_images/WheatPhenology A Multi-Stage Field Image Dataset o/4. Fruit with Seeds/Fruit with Seeds (40).jpg,grain_filling,,,Mendeley_WheatPhenology,0.0243682861328125,0.008055335779071731,0.0227508544921875,164.7128143310547,77.39369201660156,36.67589569091797
mendeley_grain_filling_Fruit_with_Seeds_(41),data/raw/images/auxiliary_wheat_images/WheatPhenology A Multi-Stage Field Image Dataset o/4. Fruit with Seeds/Fruit with Seeds (41).jpg,grain_filling,,,Mendeley_WheatPhenology,0.0214080810546875,0.008702811598777772,0.02490234375,165.88320922851562,78.56240844726562,33.827144622802734
mendeley_grain_filling_Fruit_with_Seeds_(42),data/raw/images/auxiliary_wheat_images/WheatPhenology A Multi-Stage Field Image Dataset o/4. Fruit with Seeds/Fruit with Seeds (42).jpg,grain_filling,,,Mendeley_WheatPhenology,0.019256591796875,0.007805795023473455,0.022674560546875,167.2153778076172,79.28254699707031,33.271419525146484
mendeley_grain_filling_Fruit_with_Seeds_(43),data/raw/images/auxiliary_wheat_images/WheatPhenology A Multi-Stage Field Image Dataset o/4. Fruit with Seeds/Fruit with Seeds (43).jpg,grain_filling,,,Mendeley_WheatPhenology,0.00091552734375,0.00035166059365021243,0.0010833740234375,172.2276153564453,100.97505187988281,31.64345932006836
mendeley_grain_filling_Fruit_with_Seeds_(44),data/raw/images/auxiliary_wheat_images/WheatPhenology A Multi-Stage Field Image Dataset o/4. Fruit with Seeds/Fruit with Seeds (44).jpg,grain_filling,,,Mendeley_WheatPhenology,0.001434326171875,2.2030841814828854e-05,7.62939453125e-05,181.3655242919922,99.12890625,33.5654296875
mendeley_grain_filling_Fruit_with_Seeds_(45),data/raw/images/auxiliary_wheat_images/WheatPhenology A Multi-Stage Field Image Dataset o/4. Fruit with Seeds/Fruit with Seeds (45).jpg,grain_filling,,,Mendeley_WheatPhenology,0.0008392333984375,8.68287558356921e-06,3.0517578125e-05,182.44728088378906,102.57084655761719,32.341190338134766
mendeley_grain_filling_Fruit_with_Seeds_(46),data/raw/images/auxiliary_wheat_images/WheatPhenology A Multi-Stage Field Image Dataset o/4. Fruit with Seeds/Fruit with Seeds (46).jpg,grain_filling,,,Mendeley_WheatPhenology,0.0372314453125,0.012895842995859828,0.03485107421875,160.64308166503906,74.91258239746094,37.345680236816406
mendeley_grain_filling_Fruit_with_Seeds_(47),data/raw/images/auxiliary_wheat_images/WheatPhenology A Multi-Stage Field Image Dataset o/4. Fruit with Seeds/Fruit with Seeds (47).jpg,grain_filling,,,Mendeley_WheatPhenology,0.025909423828125,0.008938453958241962,0.024749755859375,162.9059295654297,78.66607666015625,36.84553909301758
mendeley_grain_filling_Fruit_with_Seeds_(48),data/raw/images/auxiliary_wheat_images/WheatPhenology A Multi-Stage Field Image Dataset o/4. Fruit with Seeds/Fruit with Seeds (48).jpg,grain_filling,,,Mendeley_WheatPhenology,0.035614013671875,0.012294027694117495,0.0337982177734375,162.2443084716797,75.20573425292969,36.99795150756836
mendeley_grain_filling_Fruit_with_Seeds_(49),data/raw/images/auxiliary_wheat_images/WheatPhenology A Multi-Stage Field Image Dataset o/4. Fruit with Seeds/Fruit with Seeds (49).jpg,grain_filling,,,Mendeley_WheatPhenology,0.02801513671875,0.010153735549572638,0.027923583984375,162.27542114257812,77.46005249023438,36.93192672729492
mendeley_grain_filling_Fruit_with_Seeds_(5),data/raw/images/auxiliary_wheat_images/WheatPhenology A Multi-Stage Field Image Dataset o/4. Fruit with Seeds/Fruit with Seeds (5).jpg,grain_filling,,,Mendeley_WheatPhenology,0.0007476806640625,0.0003003898049321245,0.0010833740234375,184.29551696777344,108.86131286621094,34.746742248535156
mendeley_grain_filling_Fruit_with_Seeds_(50),data/raw/images/auxiliary_wheat_images/WheatPhenology A Multi-Stage Field Image Dataset o/4. Fruit with Seeds/Fruit with Seeds (50).jpg,grain_filling,,,Mendeley_WheatPhenology,0.0328216552734375,0.00795075683032765,0.02099609375,158.4371337890625,80.4036865234375,40.75006103515625
mendeley_grain_filling_Fruit_with_Seeds_(51),data/raw/images/auxiliary_wheat_images/WheatPhenology A Multi-Stage Field Image Dataset o/4. Fruit with Seeds/Fruit with Seeds (51).jpg,grain_filling,,,Mendeley_WheatPhenology,0.0222625732421875,0.007236582944717478,0.020050048828125,162.96388244628906,85.96388244628906,38.25857925415039
mendeley_grain_filling_Fruit_with_Seeds_(52),data/raw/images/auxiliary_wheat_images/WheatPhenology A Multi-Stage Field Image Dataset o/4. Fruit with Seeds/Fruit with Seeds (52).jpg,grain_filling,,,Mendeley_WheatPhenology,0.004608154296875,0.002056292532121434,0.0064544677734375,173.760986328125,90.66473388671875,27.470773696899414
mendeley_grain_filling_Fruit_with_Seeds_(53),data/raw/images/auxiliary_wheat_images/WheatPhenology A Multi-Stage Field Image Dataset o/4. Fruit with Seeds/Fruit with Seeds (53).jpg,grain_filling,,,Mendeley_WheatPhenology,0.00555419921875,0.001825669199666556,0.0063629150390625,181.83453369140625,87.94459533691406,25.91019058227539
mendeley_grain_filling_Fruit_with_Seeds_(54),data/raw/images/auxiliary_wheat_images/WheatPhenology A Multi-Stage Field Image Dataset o/4. Fruit with Seeds/Fruit with Seeds (54).jpg,grain_filling,,,Mendeley_WheatPhenology,0.0043182373046875,0.0015674965638740386,0.00537109375,180.58096313476562,87.76054382324219,25.58294677734375
mendeley_grain_filling_Fruit_with_Seeds_(55),data/raw/images/auxiliary_wheat_images/WheatPhenology A Multi-Stage Field Image Dataset o/4. Fruit with Seeds/Fruit with Seeds (55).jpg,grain_filling,,,Mendeley_WheatPhenology,0.0053253173828125,0.0020246731299980014,0.0068359375,179.47390747070312,88.39338684082031,25.91206169128418
mendeley_grain_filling_Fruit_with_Seeds_(56),data/raw/images/auxiliary_wheat_images/WheatPhenology A Multi-Stage Field Image Dataset o/4. Fruit with Seeds/Fruit with Seeds (56).jpg,grain_filling,,,Mendeley_WheatPhenology,0.05413818359375,0.011953252386849592,0.0270538330078125,142.3328094482422,107.9041748046875,36.32276153564453
mendeley_grain_filling_Fruit_with_Seeds_(57),data/raw/images/auxiliary_wheat_images/WheatPhenology A Multi-Stage Field Image Dataset o/4. Fruit with Seeds/Fruit with Seeds (57).jpg,grain_filling,,,Mendeley_WheatPhenology,0.058349609375,0.018306859179089464,0.049468994140625,160.63282775878906,110.40841674804688,23.74845314025879
mendeley_grain_filling_Fruit_with_Seeds_(58),data/raw/images/auxiliary_wheat_images/WheatPhenology A Multi-Stage Field Image Dataset o/4. Fruit with Seeds/Fruit with Seeds (58).jpg,grain_filling,,,Mendeley_WheatPhenology,0.0112152099609375,0.00503556498636802,0.01348876953125,159.80458068847656,116.88621520996094,23.123844146728516
mendeley_grain_filling_Fruit_with_Seeds_(59),data/raw/images/auxiliary_wheat_images/WheatPhenology A Multi-Stage Field Image Dataset o/4. Fruit with Seeds/Fruit with Seeds (59).jpg,grain_filling,,,Mendeley_WheatPhenology,0.0569610595703125,0.020018489077212476,0.0685882568359375,180.5745086669922,100.90956115722656,25.11882781982422
mendeley_grain_filling_Fruit_with_Seeds_(6),data/raw/images/auxiliary_wheat_images/WheatPhenology A Multi-Stage Field Image Dataset o/4. Fruit with Seeds/Fruit with Seeds (6).jpg,grain_filling,,,Mendeley_WheatPhenology,0.08349609375,0.03229865103813947,0.091522216796875,165.00921630859375,80.97610473632812,35.8376350402832
mendeley_grain_filling_Fruit_with_Seeds_(60),data/raw/images/auxiliary_wheat_images/WheatPhenology A Multi-Stage Field Image Dataset o/4. Fruit with Seeds/Fruit with Seeds (60).jpg,grain_filling,,,Mendeley_WheatPhenology,0.0006103515625,0.0001996252576217932,0.00079345703125,190.84474182128906,96.66830444335938,28.662202835083008
mendeley_grain_filling_Fruit_with_Seeds_(61),data/raw/images/auxiliary_wheat_images/WheatPhenology A Multi-Stage Field Image Dataset o/4. Fruit with Seeds/Fruit with Seeds (61).jpg,grain_filling,,,Mendeley_WheatPhenology,0.0642852783203125,0.022397276238702673,0.077850341796875,181.6373748779297,99.11611938476562,24.788028717041016
mendeley_grain_filling_Fruit_with_Seeds_(62),data/raw/images/auxiliary_wheat_images/WheatPhenology A Multi-Stage Field Image Dataset o/4. Fruit with Seeds/Fruit with Seeds (62).jpg,grain_filling,,,Mendeley_WheatPhenology,0.069915771484375,0.018994449569350653,0.0514984130859375,160.94691467285156,109.13764953613281,24.25434112548828
mendeley_grain_filling_Fruit_with_Seeds_(63),data/raw/images/auxiliary_wheat_images/WheatPhenology A Multi-Stage Field Image Dataset o/4. Fruit with Seeds/Fruit with Seeds (63).jpg,grain_filling,,,Mendeley_WheatPhenology,0.0814056396484375,0.02161458609717003,0.0555877685546875,155.84654235839844,110.20429992675781,24.725107192993164
mendeley_grain_filling_Fruit_with_Seeds_(64),data/raw/images/auxiliary_wheat_images/WheatPhenology A Multi-Stage Field Image Dataset o/4. Fruit with Seeds/Fruit with Seeds (64).jpg,grain_filling,,,Mendeley_WheatPhenology,0.0155181884765625,0.004960271420285982,0.01922607421875,189.2107391357422,93.66656494140625,31.233238220214844
mendeley_grain_filling_Fruit_with_Seeds_(65),data/raw/images/auxiliary_wheat_images/WheatPhenology A Multi-Stage Field Image Dataset o/4. Fruit with Seeds/Fruit with Seeds (65).jpg,grain_filling,,,Mendeley_WheatPhenology,0.0654449462890625,0.011221868095590786,0.030059814453125,159.80392456054688,99.31228637695312,35.04350280761719
mendeley_grain_filling_Fruit_with_Seeds_(66),data/raw/images/auxiliary_wheat_images/WheatPhenology A Multi-Stage Field Image Dataset o/4. Fruit with Seeds/Fruit with Seeds (66).jpg,grain_filling,,,Mendeley_WheatPhenology,0.061004638671875,0.019772687041218956,0.0612640380859375,172.69992065429688,111.16070556640625,35.28242111206055
mendeley_grain_filling_Fruit_with_Seeds_(67),data/raw/images/auxiliary_wheat_images/WheatPhenology A Multi-Stage Field Image Dataset o/4. Fruit with Seeds/Fruit with Seeds (67).jpg,grain_filling,,,Mendeley_WheatPhenology,0.10205078125,0.016806570752797758,0.0434722900390625,156.41592407226562,87.60366821289062,43.584075927734375
mendeley_grain_filling_Fruit_with_Seeds_(68),data/raw/images/auxiliary_wheat_images/WheatPhenology A Multi-Stage Field Image Dataset o/4. Fruit with Seeds/Fruit with Seeds (68).jpg,grain_filling,,,Mendeley_WheatPhenology,0.00390625,1.2368799242026668e-05,4.57763671875e-05,186.09886169433594,90.96810913085938,32.65340805053711
mendeley_grain_filling_Fruit_with_Seeds_(69),data/raw/images/auxiliary_wheat_images/WheatPhenology A Multi-Stage Field Image Dataset o/4. Fruit with Seeds/Fruit with Seeds (69).jpg,grain_filling,,,Mendeley_WheatPhenology,0.0029296875,0.0,0.0,179.6177520751953,102.2696533203125,32.071250915527344
mendeley_grain_filling_Fruit_with_Seeds_(7),data/raw/images/auxiliary_wheat_images/WheatPhenology A Multi-Stage Field Image Dataset o/4. Fruit with Seeds/Fruit with Seeds (7).jpg,grain_filling,,,Mendeley_WheatPhenology,0.019683837890625,0.004160457277013099,0.0171661376953125,193.19712829589844,85.84022521972656,39.72104263305664
mendeley_grain_filling_Fruit_with_Seeds_(70),data/raw/images/auxiliary_wheat_images/WheatPhenology A Multi-Stage Field Image Dataset o/4. Fruit with Seeds/Fruit with Seeds (70).jpg,grain_filling,,,Mendeley_WheatPhenology,0.0019378662109375,4.351128111867343e-06,1.52587890625e-05,182.28533935546875,103.90185546875,31.696598052978516
mendeley_grain_filling_Fruit_with_Seeds_(71),data/raw/images/auxiliary_wheat_images/WheatPhenology A Multi-Stage Field Image Dataset o/4. Fruit with Seeds/Fruit with Seeds (71).jpg,grain_filling,,,Mendeley_WheatPhenology,0.011016845703125,0.0012351312601537098,0.003448486328125,163.66761779785156,100.20799255371094,32.49690246582031
mendeley_grain_filling_Fruit_with_Seeds_(72),data/raw/images/auxiliary_wheat_images/WheatPhenology A Multi-Stage Field Image Dataset o/4. Fruit with Seeds/Fruit with Seeds (72).jpg,grain_filling,,,Mendeley_WheatPhenology,0.0243377685546875,0.0021341898095081835,0.00543212890625,154.8148956298828,84.99421691894531,43.659889221191406
mendeley_grain_filling_Fruit_with_Seeds_(73),data/raw/images/auxiliary_wheat_images/WheatPhenology A Multi-Stage Field Image Dataset o/4. Fruit with Seeds/Fruit with Seeds (73).jpg,grain_filling,,,Mendeley_WheatPhenology,0.023101806640625,0.002089276517211806,0.005279541015625,154.0886688232422,87.26873779296875,43.038780212402344
mendeley_grain_filling_Fruit_with_Seeds_(74),data/raw/images/auxiliary_wheat_images/WheatPhenology A Multi-Stage Field Image Dataset o/4. Fruit with Seeds/Fruit with Seeds (74).jpg,grain_filling,,,Mendeley_WheatPhenology,0.01812744140625,0.00681429135832278,0.0217437744140625,175.08543395996094,86.46868896484375,31.24787712097168
mendeley_grain_filling_Fruit_with_Seeds_(75),data/raw/images/auxiliary_wheat_images/WheatPhenology A Multi-Stage Field Image Dataset o/4. Fruit with Seeds/Fruit with Seeds (75).jpg,grain_filling,,,Mendeley_WheatPhenology,0.0240325927734375,0.009803427113037482,0.026611328125,161.05978393554688,88.37632751464844,37.274295806884766
mendeley_grain_filling_Fruit_with_Seeds_(76),data/raw/images/auxiliary_wheat_images/WheatPhenology A Multi-Stage Field Image Dataset o/4. Fruit with Seeds/Fruit with Seeds (76).jpg,grain_filling,,,Mendeley_WheatPhenology,0.02093505859375,0.008581030396196771,0.0235137939453125,161.94131469726562,90.26457214355469,37.37384796142578
mendeley_grain_filling_Fruit_with_Seeds_(77),data/raw/images/auxiliary_wheat_images/WheatPhenology A Multi-Stage Field Image Dataset o/4. Fruit with Seeds/Fruit with Seeds (77).jpg,grain_filling,,,Mendeley_WheatPhenology,0.02923583984375,0.011083301249891517,0.0313873291015625,164.95596313476562,84.76568603515625,37.56108093261719
mendeley_grain_filling_Fruit_with_Seeds_(78),data/raw/images/auxiliary_wheat_images/WheatPhenology A Multi-Stage Field Image Dataset o/4. Fruit with Seeds/Fruit with Seeds (78).jpg,grain_filling,,,Mendeley_WheatPhenology,0.025848388671875,0.01022137289446797,0.0286712646484375,164.09190368652344,85.92549133300781,37.51677322387695
mendeley_grain_filling_Fruit_with_Seeds_(79),data/raw/images/auxiliary_wheat_images/WheatPhenology A Multi-Stage Field Image Dataset o/4. Fruit with Seeds/Fruit with Seeds (79).jpg,grain_filling,,,Mendeley_WheatPhenology,0.205413818359375,0.039670389189439666,0.130859375,177.69602966308594,59.690673828125,57.26042175292969
mendeley_grain_filling_Fruit_with_Seeds_(8),data/raw/images/auxiliary_wheat_images/WheatPhenology A Multi-Stage Field Image Dataset o/4. Fruit with Seeds/Fruit with Seeds (8).jpg,grain_filling,,,Mendeley_WheatPhenology,0.0175323486328125,0.0038014635032809826,0.0156707763671875,193.14134216308594,87.71348571777344,39.998878479003906
mendeley_grain_filling_Fruit_with_Seeds_(80),data/raw/images/auxiliary_wheat_images/WheatPhenology A Multi-Stage Field Image Dataset o/4. Fruit with Seeds/Fruit with Seeds (80).jpg,grain_filling,,,Mendeley_WheatPhenology,0.0,0.0,0.0,177.6633758544922,109.13418579101562,33.47447204589844
mendeley_grain_filling_Fruit_with_Seeds_(81),data/raw/images/auxiliary_wheat_images/WheatPhenology A Multi-Stage Field Image Dataset o/4. Fruit with Seeds/Fruit with Seeds (81).jpg,grain_filling,,,Mendeley_WheatPhenology,0.03289794921875,0.011313553666695954,0.0290679931640625,155.75144958496094,81.74937438964844,43.671730041503906
mendeley_grain_filling_Fruit_with_Seeds_(82),data/raw/images/auxiliary_wheat_images/WheatPhenology A Multi-Stage Field Image Dataset o/4. Fruit with Seeds/Fruit with Seeds (82).jpg,grain_filling,,,Mendeley_WheatPhenology,0.03192138671875,0.011108359979356037,0.0286865234375,156.2556610107422,82.4681396484375,44.17558670043945
mendeley_grain_filling_Fruit_with_Seeds_(83),data/raw/images/auxiliary_wheat_images/WheatPhenology A Multi-Stage Field Image Dataset o/4. Fruit with Seeds/Fruit with Seeds (83).jpg,grain_filling,,,Mendeley_WheatPhenology,0.0139923095703125,0.0052951183170080185,0.01434326171875,160.86135864257812,87.43916320800781,41.96635437011719
mendeley_grain_filling_Fruit_with_Seeds_(84),data/raw/images/auxiliary_wheat_images/WheatPhenology A Multi-Stage Field Image Dataset o/4. Fruit with Seeds/Fruit with Seeds (84).jpg,grain_filling,,,Mendeley_WheatPhenology,0.01007080078125,0.004229691559814062,0.0118865966796875,164.2615509033203,87.48628234863281,41.14167022705078
mendeley_grain_filling_Fruit_with_Seeds_(85),data/raw/images/auxiliary_wheat_images/WheatPhenology A Multi-Stage Field Image Dataset o/4. Fruit with Seeds/Fruit with Seeds (85).jpg,grain_filling,,,Mendeley_WheatPhenology,0.0052337646484375,0.0022459500524051046,0.0065460205078125,167.50909423828125,85.55813598632812,38.09188461303711
mendeley_grain_filling_Fruit_with_Seeds_(86),data/raw/images/auxiliary_wheat_images/WheatPhenology A Multi-Stage Field Image Dataset o/4. Fruit with Seeds/Fruit with Seeds (86).jpg,grain_filling,,,Mendeley_WheatPhenology,0.0054779052734375,0.0024244181227450275,0.007171630859375,168.7955322265625,82.64833068847656,36.013450622558594
mendeley_grain_filling_Fruit_with_Seeds_(87),data/raw/images/auxiliary_wheat_images/WheatPhenology A Multi-Stage Field Image Dataset o/4. Fruit with Seeds/Fruit with Seeds (87).jpg,grain_filling,,,Mendeley_WheatPhenology,0.0020599365234375,0.0008062843306391845,0.00250244140625,172.8392333984375,83.86079406738281,34.48392105102539
mendeley_grain_filling_Fruit_with_Seeds_(88),data/raw/images/auxiliary_wheat_images/WheatPhenology A Multi-Stage Field Image Dataset o/4. Fruit with Seeds/Fruit with Seeds (88).jpg,grain_filling,,,Mendeley_WheatPhenology,0.0005340576171875,0.00023780156511302088,0.00079345703125,178.57569885253906,86.51763916015625,31.27963638305664
mendeley_grain_filling_Fruit_with_Seeds_(89),data/raw/images/auxiliary_wheat_images/WheatPhenology A Multi-Stage Field Image Dataset o/4. Fruit with Seeds/Fruit with Seeds (89).jpg,grain_filling,,,Mendeley_WheatPhenology,0.00018310546875,0.00014085676794981257,0.0004730224609375,179.06602478027344,87.21424865722656,30.78512191772461
mendeley_grain_filling_Fruit_with_Seeds_(9),data/raw/images/auxiliary_wheat_images/WheatPhenology A Multi-Stage Field Image Dataset o/4. Fruit with Seeds/Fruit with Seeds (9).jpg,grain_filling,,,Mendeley_WheatPhenology,0.016021728515625,0.003757579721437366,0.015350341796875,192.5790557861328,89.35734558105469,40.12506103515625
mendeley_grain_filling_Fruit_with_Seeds_(90),data/raw/images/auxiliary_wheat_images/WheatPhenology A Multi-Stage Field Image Dataset o/4. Fruit with Seeds/Fruit with Seeds (90).jpg,grain_filling,,,Mendeley_WheatPhenology,0.0002593994140625,0.00012093752567820688,0.0004119873046875,180.1455841064453,91.39471435546875,30.3156795501709
mendeley_grain_filling_Fruit_with_Seeds_(91),data/raw/images/auxiliary_wheat_images/WheatPhenology A Multi-Stage Field Image Dataset o/4. Fruit with Seeds/Fruit with Seeds (91).jpg,grain_filling,,,Mendeley_WheatPhenology,0.0,0.0,0.0,181.09898376464844,99.1519775390625,30.111316680908203
mendeley_grain_filling_Fruit_with_Seeds_(92),data/raw/images/auxiliary_wheat_images/WheatPhenology A Multi-Stage Field Image Dataset o/4. Fruit with Seeds/Fruit with Seeds (92).jpg,grain_filling,,,Mendeley_WheatPhenology,0.0007781982421875,0.00034126679084318527,0.0011444091796875,178.95811462402344,97.11676025390625,29.974647521972656
mendeley_grain_filling_Fruit_with_Seeds_(93),data/raw/images/auxiliary_wheat_images/WheatPhenology A Multi-Stage Field Image Dataset o/4. Fruit with Seeds/Fruit with Seeds (93).jpg,grain_filling,,,Mendeley_WheatPhenology,0.0008087158203125,0.0004104600050577931,0.00140380859375,180.4404754638672,97.66098022460938,30.332462310791016
mendeley_grain_filling_Fruit_with_Seeds_(94),data/raw/images/auxiliary_wheat_images/WheatPhenology A Multi-Stage Field Image Dataset o/4. Fruit with Seeds/Fruit with Seeds (94).jpg,grain_filling,,,Mendeley_WheatPhenology,0.0186309814453125,0.0007833562992221,0.002716064453125,181.4539337158203,96.58555603027344,29.635196685791016
mendeley_grain_filling_Fruit_with_Seeds_(95),data/raw/images/auxiliary_wheat_images/WheatPhenology A Multi-Stage Field Image Dataset o/4. Fruit with Seeds/Fruit with Seeds (95).jpg,grain_filling,,,Mendeley_WheatPhenology,0.0,0.0,0.0,192.14093017578125,119.29600524902344,28.353471755981445
mendeley_grain_filling_Fruit_with_Seeds_(96),data/raw/images/auxiliary_wheat_images/WheatPhenology A Multi-Stage Field Image Dataset o/4. Fruit with Seeds/Fruit with Seeds (96).jpg,grain_filling,,,Mendeley_WheatPhenology,0.0,0.0,0.0,189.80963134765625,121.23043823242188,28.84389877319336
mendeley_grain_filling_Fruit_with_Seeds_(97),data/raw/images/auxiliary_wheat_images/WheatPhenology A Multi-Stage Field Image Dataset o/4. Fruit with Seeds/Fruit with Seeds (97).jpg,grain_filling,,,Mendeley_WheatPhenology,0.0008392333984375,0.0,0.0,190.47323608398438,111.36175537109375,28.094451904296875
mendeley_grain_filling_Fruit_with_Seeds_(98),data/raw/images/auxiliary_wheat_images/WheatPhenology A Multi-Stage Field Image Dataset o/4. Fruit with Seeds/Fruit with Seeds (98).jpg,grain_filling,,,Mendeley_WheatPhenology,0.0912933349609375,0.02147166933864355,0.0443572998046875,131.56427001953125,73.31880187988281,59.159034729003906
mendeley_grain_filling_Fruit_with_Seeds_(99),data/raw/images/auxiliary_wheat_images/WheatPhenology A Multi-Stage Field Image Dataset o/4. Fruit with Seeds/Fruit with Seeds (99).jpg,grain_filling,,,Mendeley_WheatPhenology,3.0517578125e-05,1.4945930417846229e-05,6.103515625e-05,192.55709838867188,116.87649536132812,27.046154022216797
mendeley_maturity_preharvest_Wheat_Fruits_only_(1),data/raw/images/auxiliary_wheat_images/WheatPhenology A Multi-Stage Field Image Dataset o/5. Wheat Fruits only/Wheat Fruits only (1).jpg,maturity_preharvest,,,Mendeley_WheatPhenology,0.0,0.0,0.0,142.19923400878906,73.7459716796875,46.80156326293945
mendeley_maturity_preharvest_Wheat_Fruits_only_(10),data/raw/images/auxiliary_wheat_images/WheatPhenology A Multi-Stage Field Image Dataset o/5. Wheat Fruits only/Wheat Fruits only (10).jpg,maturity_preharvest,,,Mendeley_WheatPhenology,3.0517578125e-05,0.0,0.0,172.90139770507812,53.90199279785156,45.934669494628906
mendeley_maturity_preharvest_Wheat_Fruits_only_(11),data/raw/images/auxiliary_wheat_images/WheatPhenology A Multi-Stage Field Image Dataset o/5. Wheat Fruits only/Wheat Fruits only (11).jpg,maturity_preharvest,,,Mendeley_WheatPhenology,0.0,0.0,0.0,147.93038940429688,83.56240844726562,56.9120979309082
mendeley_maturity_preharvest_Wheat_Fruits_only_(12),data/raw/images/auxiliary_wheat_images/WheatPhenology A Multi-Stage Field Image Dataset o/5. Wheat Fruits only/Wheat Fruits only (12).jpg,maturity_preharvest,,,Mendeley_WheatPhenology,0.0,0.0,0.0,145.27008056640625,84.4603271484375,57.480682373046875
mendeley_maturity_preharvest_Wheat_Fruits_only_(13),data/raw/images/auxiliary_wheat_images/WheatPhenology A Multi-Stage Field Image Dataset o/5. Wheat Fruits only/Wheat Fruits only (13).jpg,maturity_preharvest,,,Mendeley_WheatPhenology,0.0,0.0,0.0,207.32594299316406,80.78221130371094,46.420745849609375
mendeley_maturity_preharvest_Wheat_Fruits_only_(14),data/raw/images/auxiliary_wheat_images/WheatPhenology A Multi-Stage Field Image Dataset o/5. Wheat Fruits only/Wheat Fruits only (14).jpg,maturity_preharvest,,,Mendeley_WheatPhenology,0.0,0.0,0.0,205.5287322998047,80.25914001464844,48.48949432373047
mendeley_maturity_preharvest_Wheat_Fruits_only_(15),data/raw/images/auxiliary_wheat_images/WheatPhenology A Multi-Stage Field Image Dataset o/5. Wheat Fruits only/Wheat Fruits only (15).jpg,maturity_preharvest,,,Mendeley_WheatPhenology,0.0,0.0,0.0,206.81329345703125,80.6856689453125,48.50945281982422
mendeley_maturity_preharvest_Wheat_Fruits_only_(16),data/raw/images/auxiliary_wheat_images/WheatPhenology A Multi-Stage Field Image Dataset o/5. Wheat Fruits only/Wheat Fruits only (16).jpg,maturity_preharvest,,,Mendeley_WheatPhenology,0.0,0.0,0.0,205.23812866210938,83.0186767578125,47.81556701660156
mendeley_maturity_preharvest_Wheat_Fruits_only_(17),data/raw/images/auxiliary_wheat_images/WheatPhenology A Multi-Stage Field Image Dataset o/5. Wheat Fruits only/Wheat Fruits only (17).jpg,maturity_preharvest,,,Mendeley_WheatPhenology,0.0,0.0,0.0,203.49484252929688,129.89707946777344,41.40837097167969
mendeley_maturity_preharvest_Wheat_Fruits_only_(18),data/raw/images/auxiliary_wheat_images/WheatPhenology A Multi-Stage Field Image Dataset o/5. Wheat Fruits only/Wheat Fruits only (18).jpg,maturity_preharvest,,,Mendeley_WheatPhenology,0.0,0.0,0.0,203.1834716796875,126.22203063964844,41.44970703125
mendeley_maturity_preharvest_Wheat_Fruits_only_(19),data/raw/images/auxiliary_wheat_images/WheatPhenology A Multi-Stage Field Image Dataset o/5. Wheat Fruits only/Wheat Fruits only (19).jpg,maturity_preharvest,,,Mendeley_WheatPhenology,0.0,0.0,0.0,204.46221923828125,122.14387512207031,41.76896286010742
mendeley_maturity_preharvest_Wheat_Fruits_only_(2),data/raw/images/auxiliary_wheat_images/WheatPhenology A Multi-Stage Field Image Dataset o/5. Wheat Fruits only/Wheat Fruits only (2).jpg,maturity_preharvest,,,Mendeley_WheatPhenology,0.0,0.0,0.0,132.54937744140625,78.43244934082031,56.832794189453125
mendeley_maturity_preharvest_Wheat_Fruits_only_(20),data/raw/images/auxiliary_wheat_images/WheatPhenology A Multi-Stage Field Image Dataset o/5. Wheat Fruits only/Wheat Fruits only (20).jpg,maturity_preharvest,,,Mendeley_WheatPhenology,0.00115966796875,0.0,0.0,173.19625854492188,46.80964660644531,46.88239669799805
mendeley_maturity_preharvest_Wheat_Fruits_only_(21),data/raw/images/auxiliary_wheat_images/WheatPhenology A Multi-Stage Field Image Dataset o/5. Wheat Fruits only/Wheat Fruits only (21).jpg,maturity_preharvest,,,Mendeley_WheatPhenology,0.001434326171875,0.0,0.0,171.93551635742188,58.12188720703125,48.033477783203125
mendeley_maturity_preharvest_Wheat_Fruits_only_(22),data/raw/images/auxiliary_wheat_images/WheatPhenology A Multi-Stage Field Image Dataset o/5. Wheat Fruits only/Wheat Fruits only (22).jpg,maturity_preharvest,,,Mendeley_WheatPhenology,6.103515625e-05,0.0,0.0,172.74703979492188,31.699554443359375,45.5982551574707
mendeley_maturity_preharvest_Wheat_Fruits_only_(23),data/raw/images/auxiliary_wheat_images/WheatPhenology A Multi-Stage Field Image Dataset o/5. Wheat Fruits only/Wheat Fruits only (23).jpg,maturity_preharvest,,,Mendeley_WheatPhenology,0.0,0.0,0.0,131.0924072265625,60.506256103515625,52.188594818115234
mendeley_maturity_preharvest_Wheat_Fruits_only_(24),data/raw/images/auxiliary_wheat_images/WheatPhenology A Multi-Stage Field Image Dataset o/5. Wheat Fruits only/Wheat Fruits only (24).jpg,maturity_preharvest,,,Mendeley_WheatPhenology,0.0,0.0,0.0,165.3024139404297,43.98236083984375,33.33607864379883
mendeley_maturity_preharvest_Wheat_Fruits_only_(25),data/raw/images/auxiliary_wheat_images/WheatPhenology A Multi-Stage Field Image Dataset o/5. Wheat Fruits only/Wheat Fruits only (25).jpg,maturity_preharvest,,,Mendeley_WheatPhenology,0.0,0.0,0.0,164.8182830810547,39.09944152832031,32.71337890625
mendeley_maturity_preharvest_Wheat_Fruits_only_(26),data/raw/images/auxiliary_wheat_images/WheatPhenology A Multi-Stage Field Image Dataset o/5. Wheat Fruits only/Wheat Fruits only (26).jpg,maturity_preharvest,,,Mendeley_WheatPhenology,0.0,0.0,0.0,167.48036193847656,41.50860595703125,32.95137023925781
mendeley_maturity_preharvest_Wheat_Fruits_only_(27),data/raw/images/auxiliary_wheat_images/WheatPhenology A Multi-Stage Field Image Dataset o/5. Wheat Fruits only/Wheat Fruits only (27).jpg,maturity_preharvest,,,Mendeley_WheatPhenology,0.0,0.0,0.0,165.12939453125,44.126007080078125,33.151458740234375
mendeley_maturity_preharvest_Wheat_Fruits_only_(28),data/raw/images/auxiliary_wheat_images/WheatPhenology A Multi-Stage Field Image Dataset o/5. Wheat Fruits only/Wheat Fruits only (28).jpg,maturity_preharvest,,,Mendeley_WheatPhenology,6.103515625e-05,0.0,0.0,165.93905639648438,43.202789306640625,34.80693817138672
mendeley_maturity_preharvest_Wheat_Fruits_only_(29),data/raw/images/auxiliary_wheat_images/WheatPhenology A Multi-Stage Field Image Dataset o/5. Wheat Fruits only/Wheat Fruits only (29).jpg,maturity_preharvest,,,Mendeley_WheatPhenology,0.0,0.0,0.0,166.6106414794922,50.0767822265625,36.4251708984375
mendeley_maturity_preharvest_Wheat_Fruits_only_(3),data/raw/images/auxiliary_wheat_images/WheatPhenology A Multi-Stage Field Image Dataset o/5. Wheat Fruits only/Wheat Fruits only (3).jpg,maturity_preharvest,,,Mendeley_WheatPhenology,0.0,0.0,0.0,128.85130310058594,83.48233032226562,55.770328521728516
mendeley_maturity_preharvest_Wheat_Fruits_only_(30),data/raw/images/auxiliary_wheat_images/WheatPhenology A Multi-Stage Field Image Dataset o/5. Wheat Fruits only/Wheat Fruits only (30).jpg,maturity_preharvest,,,Mendeley_WheatPhenology,4.57763671875e-05,0.0,0.0,161.8887176513672,51.95606994628906,40.82364273071289
mendeley_maturity_preharvest_Wheat_Fruits_only_(31),data/raw/images/auxiliary_wheat_images/WheatPhenology A Multi-Stage Field Image Dataset o/5. Wheat Fruits only/Wheat Fruits only (31).jpg,maturity_preharvest,,,Mendeley_WheatPhenology,0.0,0.0,0.0,164.3015899658203,48.79780578613281,38.77301025390625
mendeley_maturity_preharvest_Wheat_Fruits_only_(32),data/raw/images/auxiliary_wheat_images/WheatPhenology A Multi-Stage Field Image Dataset o/5. Wheat Fruits only/Wheat Fruits only (32).jpg,maturity_preharvest,,,Mendeley_WheatPhenology,0.0,0.0,0.0,166.28643798828125,41.52204895019531,33.515724182128906
mendeley_maturity_preharvest_Wheat_Fruits_only_(33),data/raw/images/auxiliary_wheat_images/WheatPhenology A Multi-Stage Field Image Dataset o/5. Wheat Fruits only/Wheat Fruits only (33).jpg,maturity_preharvest,,,Mendeley_WheatPhenology,0.0,0.0,0.0,177.4210662841797,12.1363525390625,34.073116302490234
mendeley_maturity_preharvest_Wheat_Fruits_only_(34),data/raw/images/auxiliary_wheat_images/WheatPhenology A Multi-Stage Field Image Dataset o/5. Wheat Fruits only/Wheat Fruits only (34).jpg,maturity_preharvest,,,Mendeley_WheatPhenology,0.0,0.0,0.0,166.47865295410156,53.079681396484375,34.90669250488281
mendeley_maturity_preharvest_Wheat_Fruits_only_(35),data/raw/images/auxiliary_wheat_images/WheatPhenology A Multi-Stage Field Image Dataset o/5. Wheat Fruits only/Wheat Fruits only (35).jpg,maturity_preharvest,,,Mendeley_WheatPhenology,0.0,0.0,0.0,166.66305541992188,47.95697021484375,35.56321334838867
mendeley_maturity_preharvest_Wheat_Fruits_only_(36),data/raw/images/auxiliary_wheat_images/WheatPhenology A Multi-Stage Field Image Dataset o/5. Wheat Fruits only/Wheat Fruits only (36).jpg,maturity_preharvest,,,Mendeley_WheatPhenology,0.0,0.0,0.0,167.11485290527344,42.20930480957031,30.79042625427246
mendeley_maturity_preharvest_Wheat_Fruits_only_(37),data/raw/images/auxiliary_wheat_images/WheatPhenology A Multi-Stage Field Image Dataset o/5. Wheat Fruits only/Wheat Fruits only (37).jpg,maturity_preharvest,,,Mendeley_WheatPhenology,0.0,0.0,0.0,167.37258911132812,39.70928955078125,31.02150535583496
mendeley_maturity_preharvest_Wheat_Fruits_only_(38),data/raw/images/auxiliary_wheat_images/WheatPhenology A Multi-Stage Field Image Dataset o/5. Wheat Fruits only/Wheat Fruits only (38).jpg,maturity_preharvest,,,Mendeley_WheatPhenology,0.0,0.0,0.0,159.65994262695312,33.96702575683594,29.268213272094727
mendeley_maturity_preharvest_Wheat_Fruits_only_(39),data/raw/images/auxiliary_wheat_images/WheatPhenology A Multi-Stage Field Image Dataset o/5. Wheat Fruits only/Wheat Fruits only (39).jpg,maturity_preharvest,,,Mendeley_WheatPhenology,0.0,0.0,0.0,165.48782348632812,35.43402099609375,31.51959228515625
mendeley_maturity_preharvest_Wheat_Fruits_only_(4),data/raw/images/auxiliary_wheat_images/WheatPhenology A Multi-Stage Field Image Dataset o/5. Wheat Fruits only/Wheat Fruits only (4).jpg,maturity_preharvest,,,Mendeley_WheatPhenology,0.0,0.0,0.0,141.18458557128906,88.894287109375,42.833984375
mendeley_maturity_preharvest_Wheat_Fruits_only_(40),data/raw/images/auxiliary_wheat_images/WheatPhenology A Multi-Stage Field Image Dataset o/5. Wheat Fruits only/Wheat Fruits only (40).jpg,maturity_preharvest,,,Mendeley_WheatPhenology,1.52587890625e-05,0.0,0.0,163.3726043701172,49.5230712890625,37.818748474121094
mendeley_maturity_preharvest_Wheat_Fruits_only_(41),data/raw/images/auxiliary_wheat_images/WheatPhenology A Multi-Stage Field Image Dataset o/5. Wheat Fruits only/Wheat Fruits only (41).jpg,maturity_preharvest,,,Mendeley_WheatPhenology,0.0,0.0,0.0,165.85130310058594,50.70021057128906,35.92127990722656
mendeley_maturity_preharvest_Wheat_Fruits_only_(42),data/raw/images/auxiliary_wheat_images/WheatPhenology A Multi-Stage Field Image Dataset o/5. Wheat Fruits only/Wheat Fruits only (42).jpg,maturity_preharvest,,,Mendeley_WheatPhenology,0.0,0.0,0.0,164.5431365966797,50.858184814453125,36.941444396972656
mendeley_maturity_preharvest_Wheat_Fruits_only_(43),data/raw/images/auxiliary_wheat_images/WheatPhenology A Multi-Stage Field Image Dataset o/5. Wheat Fruits only/Wheat Fruits only (43).jpg,maturity_preharvest,,,Mendeley_WheatPhenology,6.103515625e-05,0.0,0.0,163.8125,46.78050231933594,36.28300857543945
mendeley_maturity_preharvest_Wheat_Fruits_only_(44),data/raw/images/auxiliary_wheat_images/WheatPhenology A Multi-Stage Field Image Dataset o/5. Wheat Fruits only/Wheat Fruits only (44).jpg,maturity_preharvest,,,Mendeley_WheatPhenology,1.52587890625e-05,0.0,0.0,167.45968627929688,48.63238525390625,33.91847610473633
mendeley_maturity_preharvest_Wheat_Fruits_only_(45),data/raw/images/auxiliary_wheat_images/WheatPhenology A Multi-Stage Field Image Dataset o/5. Wheat Fruits only/Wheat Fruits only (45).jpg,maturity_preharvest,,,Mendeley_WheatPhenology,0.0,0.0,0.0,168.31686401367188,48.69593811035156,33.29483413696289
mendeley_maturity_preharvest_Wheat_Fruits_only_(46),data/raw/images/auxiliary_wheat_images/WheatPhenology A Multi-Stage Field Image Dataset o/5. Wheat Fruits only/Wheat Fruits only (46).jpg,maturity_preharvest,,,Mendeley_WheatPhenology,0.0,0.0,0.0,166.96533203125,42.23860168457031,31.740341186523438
mendeley_maturity_preharvest_Wheat_Fruits_only_(47),data/raw/images/auxiliary_wheat_images/WheatPhenology A Multi-Stage Field Image Dataset o/5. Wheat Fruits only/Wheat Fruits only (47).jpg,maturity_preharvest,,,Mendeley_WheatPhenology,0.0,0.0,0.0,167.62371826171875,51.21205139160156,32.12517166137695
mendeley_maturity_preharvest_Wheat_Fruits_only_(48),data/raw/images/auxiliary_wheat_images/WheatPhenology A Multi-Stage Field Image Dataset o/5. Wheat Fruits only/Wheat Fruits only (48).jpg,maturity_preharvest,,,Mendeley_WheatPhenology,0.0,0.0,0.0,168.20108032226562,48.67585754394531,32.29958724975586
mendeley_maturity_preharvest_Wheat_Fruits_only_(49),data/raw/images/auxiliary_wheat_images/WheatPhenology A Multi-Stage Field Image Dataset o/5. Wheat Fruits only/Wheat Fruits only (49).jpg,maturity_preharvest,,,Mendeley_WheatPhenology,3.0517578125e-05,0.0,0.0,165.73590087890625,45.79054260253906,33.32552719116211
mendeley_maturity_preharvest_Wheat_Fruits_only_(5),data/raw/images/auxiliary_wheat_images/WheatPhenology A Multi-Stage Field Image Dataset o/5. Wheat Fruits only/Wheat Fruits only (5).jpg,maturity_preharvest,,,Mendeley_WheatPhenology,0.0,0.0,0.0,136.69244384765625,84.71437072753906,41.21269226074219
mendeley_maturity_preharvest_Wheat_Fruits_only_(50),data/raw/images/auxiliary_wheat_images/WheatPhenology A Multi-Stage Field Image Dataset o/5. Wheat Fruits only/Wheat Fruits only (50).jpg,maturity_preharvest,,,Mendeley_WheatPhenology,0.0,0.0,0.0,166.9705047607422,48.82475280761719,36.03983688354492
mendeley_maturity_preharvest_Wheat_Fruits_only_(51),data/raw/images/auxiliary_wheat_images/WheatPhenology A Multi-Stage Field Image Dataset o/5. Wheat Fruits only/Wheat Fruits only (51).jpg,maturity_preharvest,,,Mendeley_WheatPhenology,0.0,0.0,0.0,166.8951416015625,53.91688537597656,35.7227668762207
mendeley_maturity_preharvest_Wheat_Fruits_only_(52),data/raw/images/auxiliary_wheat_images/WheatPhenology A Multi-Stage Field Image Dataset o/5. Wheat Fruits only/Wheat Fruits only (52).jpg,maturity_preharvest,,,Mendeley_WheatPhenology,1.52587890625e-05,0.0,0.0,173.13404846191406,47.76786804199219,44.48387908935547
mendeley_maturity_preharvest_Wheat_Fruits_only_(53),data/raw/images/auxiliary_wheat_images/WheatPhenology A Multi-Stage Field Image Dataset o/5. Wheat Fruits only/Wheat Fruits only (53).jpg,maturity_preharvest,,,Mendeley_WheatPhenology,0.0001678466796875,0.0,0.0,172.13287353515625,46.99993896484375,44.48303985595703
mendeley_maturity_preharvest_Wheat_Fruits_only_(54),data/raw/images/auxiliary_wheat_images/WheatPhenology A Multi-Stage Field Image Dataset o/5. Wheat Fruits only/Wheat Fruits only (54).jpg,maturity_preharvest,,,Mendeley_WheatPhenology,0.0001678466796875,0.0,0.0,167.87730407714844,61.14863586425781,50.63273620605469
mendeley_maturity_preharvest_Wheat_Fruits_only_(55),data/raw/images/auxiliary_wheat_images/WheatPhenology A Multi-Stage Field Image Dataset o/5. Wheat Fruits only/Wheat Fruits only (55).jpg,maturity_preharvest,,,Mendeley_WheatPhenology,0.0,0.0,0.0,192.65869140625,65.33460998535156,42.406314849853516
mendeley_maturity_preharvest_Wheat_Fruits_only_(6),data/raw/images/auxiliary_wheat_images/WheatPhenology A Multi-Stage Field Image Dataset o/5. Wheat Fruits only/Wheat Fruits only (6).jpg,maturity_preharvest,,,Mendeley_WheatPhenology,0.0001678466796875,0.0,0.0,182.4480743408203,26.431243896484375,36.45804977416992
mendeley_maturity_preharvest_Wheat_Fruits_only_(7),data/raw/images/auxiliary_wheat_images/WheatPhenology A Multi-Stage Field Image Dataset o/5. Wheat Fruits only/Wheat Fruits only (7).jpg,maturity_preharvest,,,Mendeley_WheatPhenology,0.029815673828125,1.5996084274614557e-05,4.57763671875e-05,165.89285278320312,48.627899169921875,45.29318618774414
mendeley_maturity_preharvest_Wheat_Fruits_only_(8),data/raw/images/auxiliary_wheat_images/WheatPhenology A Multi-Stage Field Image Dataset o/5. Wheat Fruits only/Wheat Fruits only (8).jpg,maturity_preharvest,,,Mendeley_WheatPhenology,0.011474609375,0.0,0.0,170.27113342285156,52.204132080078125,44.869911193847656
mendeley_maturity_preharvest_Wheat_Fruits_only_(9),data/raw/images/auxiliary_wheat_images/WheatPhenology A Multi-Stage Field Image Dataset o/5. Wheat Fruits only/Wheat Fruits only (9).jpg,maturity_preharvest,,,Mendeley_WheatPhenology,0.00152587890625,0.0,0.0,168.49453735351562,62.17811584472656,50.79436492919922
