case_id,crop_name,season_type,stage,stage_name,stage_start_date,stage_end_date,stage_start_das,stage_end_das,stage_index,stage_order,days_after_sowing,crop_duration_days,district,lat,lon,area_ha,season_year_start,season_year_end,yield_kg_ha,actual_available,evaluation_status,rain_sum,tmin_mean,tmax_mean,cumulative_rain_mm,mean_tmin_c,mean_tmax_c,max_tmax_c,heat_stress_days,gdd_cum,gdd_cumulative,gdd_norm,ndvi_last,ndvi_mean,ndvi_max,ndvi_slope,ndre_last,ndre_mean,ndre_slope,evi_last,evi_mean,evi_slope,cumulative_rainfall,cumulative_gdd,ndvi_growth_rate,image_green_pixel_ratio_stage_avg,image_canopy_density_proxy_stage_avg,image_vegetation_pixel_ratio_stage_avg,image_brightness_mean_stage_avg,image_saturation_mean_stage_avg,image_texture_proxy_stage_avg,image_count_stage,image_coverage_flag,image_feature_source
GUJ_AHMEDABAD_2020_2021,wheat,Rabi,sowing,sowing,2020-11-20,2020-11-30,0,10,0,1,0,125,Ahmedabad,23.0225,72.5714,,2020,2021,2607.08,1,available,0.0999999999999999,17.760606060606058,30.415151515151518,0.0999999999999999,17.760606060606058,30.415151515151518,32.333333333333336,1,264.96666666666664,264.96666666666664,0.8832222222222221,0.3602379156035281,0.3576364453336753,0.3602379156035281,0.0720475831207056,0.2386298335189329,0.2333413891333134,0.0477259667037865,0.8589425463608581,0.8101802163668486,0.1717885092721716,0.0999999999999999,264.96666666666664,0.0720475831207056,,,,,,,,,
GUJ_AHMEDABAD_2020_2021,wheat,Rabi,early_vegetative,early_vegetative,2020-11-30,2020-12-10,10,20,1,2,10,125,Ahmedabad,23.0225,72.5714,,2020,2021,2607.08,1,available,1.6666666666666663,17.763492063492066,31.279365079365085,1.6666666666666663,17.763492063492066,31.279365079365085,32.6,10,514.9499999999999,514.9499999999999,0.8582499999999998,0.3529020838244385,0.3565980430008266,0.3602379156035281,0.0305054080299982,0.2261743369684366,0.2299114801025167,0.0195818636396321,0.9471679961230628,0.8301773282531258,0.0743829757577362,1.6666666666666663,514.9499999999999,0.0305054080299982,0.880794324372944,0.3849419227053033,0.837755705180921,137.38434640984786,174.4864686664782,48.70969892802992,19.0,1.0,auxiliary_external_image_dataset
GUJ_AHMEDABAD_2020_2021,wheat,Rabi,tillering,tillering,2020-12-10,2020-12-30,20,40,2,3,20,125,Ahmedabad,23.0225,72.5714,,2020,2021,2607.08,1,available,7.4,16.239024390243905,29.10081300813009,7.4,16.239024390243905,29.10081300813009,32.6,10,929.4666666666668,929.4666666666668,0.7745555555555556,0.3959571466872464,0.3554893313224156,0.3959571466872464,0.0144854047637711,0.2725417221606366,0.2307224135557937,0.0094662240918213,0.9603237399008308,1.091437331314256,0.0467229415709919,7.4,929.4666666666668,0.0144854047637711,,,,,,,,,
GUJ_AHMEDABAD_2020_2021,wheat,Rabi,stem_elongation,stem_elongation,2020-12-30,2021-01-19,40,60,3,4,40,125,Ahmedabad,23.0225,72.5714,,2020,2021,2607.08,1,available,7.433333333333334,15.730601092896173,28.70655737704918,7.433333333333334,15.730601092896173,28.70655737704918,32.6,10,1355.3333333333337,1355.3333333333337,0.7529629629629631,0.4334495305942927,0.3444293771281938,0.4334495305942927,0.0090490631467229,0.2713838506701337,0.2200455181895047,0.0057314244003396,1.4192625712159936,1.1826604317102116,0.0338965226410165,7.433333333333334,1355.3333333333337,0.0090490631467229,,,,,,,,,
GUJ_AHMEDABAD_2020_2021,wheat,Rabi,booting_heading,booting_heading,2021-01-19,2021-02-08,60,80,4,5,60,125,Ahmedabad,23.0225,72.5714,,2020,2021,2607.08,1,available,7.433333333333334,15.182304526748968,28.607818930041148,7.433333333333334,15.182304526748968,28.607818930041148,32.6,10,1773.5,1773.5,0.7389583333333334,0.4612695968054826,0.3702279750824926,0.4612695968054826,0.0075991367830563,0.3115729987989131,0.2392774531870373,0.0049314817208457,1.466308917927739,1.2273627670709526,0.0256814258131521,7.433333333333334,1773.5,0.0075991367830563,,,,,,,,,
GUJ_AHMEDABAD_2020_2021,wheat,Rabi,flowering,flowering,2021-02-08,2021-02-23,80,95,5,6,80,125,Ahmedabad,23.0225,72.5714,,2020,2021,2607.08,1,available,7.433333333333334,15.423611111111112,29.18541666666667,7.433333333333334,15.423611111111112,29.18541666666667,34.333333333333336,18,2141.2333333333336,2141.2333333333336,0.7513099415204679,0.4929663259725695,0.3884240751699891,0.4929663259725695,0.0068173384081685,0.3184329682268684,0.2510419753115187,0.0044180008444818,1.1890625789405145,1.227925827687887,0.0210582900046792,7.433333333333334,2141.2333333333336,0.0068173384081685,0.667205568343874,0.207148998863766,0.5370890299479166,153.39161512586804,83.38302031017486,45.36198009006561,63.0,1.0,auxiliary_external_image_dataset
GUJ_AHMEDABAD_2020_2021,wheat,Rabi,grain_filling_initial,grain_filling_initial,2021-02-23,2021-03-05,95,105,6,7,95,125,Ahmedabad,23.0225,72.5714,,2020,2021,2607.08,1,available,7.433333333333334,15.785220125786164,29.77169811320755,7.433333333333334,15.785220125786164,29.77169811320755,37.6,28,2414.5166666666664,2414.5166666666664,0.7665132275132275,0.4756678005186184,0.3967120264145094,0.4929663259725695,0.0063018472973992,0.3261025685404127,0.257342689502761,0.0041092335538498,1.1944909289676513,1.2333399183124054,0.0189599695219256,7.433333333333334,2414.5166666666664,0.0063018472973992,0.64207763671875,0.2100675723866411,0.538883518528294,155.23204857078758,96.45987870499894,40.98217857979439,185.0,1.0,auxiliary_external_image_dataset
GUJ_AHMEDABAD_2020_2021,wheat,Rabi,grain_filling,grain_filling,2021-03-05,2021-03-15,105,115,7,8,105,125,Ahmedabad,23.0225,72.5714,,2020,2021,2607.08,1,available,7.433333333333334,16.264655172413793,30.372988505747124,7.433333333333334,16.264655172413793,30.372988505747124,37.73333333333333,38,2704.983333333334,2704.983333333334,0.7840531400966185,0.4477451213656083,0.4011854965901745,0.4929663259725695,0.005781388408079,0.3035298845671378,0.2611445724250688,0.0037900254963321,1.0773425955836722,1.2274263727227404,0.0169748057593954,7.433333333333334,2704.983333333334,0.005781388408079,0.0612841694294905,0.0121212011134459,0.035730185628939,174.61391897762522,91.87537351976924,38.60734619813807,238.0,1.0,auxiliary_external_image_dataset
GUJ_AHMEDABAD_2020_2021,wheat,Rabi,maturity_preharvest,maturity_preharvest,2021-03-15,2021-03-25,115,130,8,9,115,125,Ahmedabad,23.0225,72.5714,,2020,2021,2607.08,1,available,7.433333333333334,16.77936507936508,30.93915343915344,7.433333333333334,16.77936507936508,30.93915343915344,38.13333333333333,48,3006.266666666668,3006.266666666668,0.8016711111111113,0.4165797233223459,0.400142116829506,0.4929663259725695,0.005223388336628,0.2749591009804401,0.2612723144425631,0.0034398691789998,0.9291179778514488,1.2415840652636765,0.0158215650456598,7.433333333333334,3006.266666666668,0.005223388336628,0.0008408979936079,2.9083789590208285e-07,8.322975852272727e-07,168.71288785067472,58.12083906693892,40.56065226468173,55.0,1.0,auxiliary_external_image_dataset
GUJ_AHMEDABAD_2021_2022,wheat,Rabi,sowing,sowing,2021-11-20,2021-11-30,0,10,0,1,0,125,Ahmedabad,23.0225,72.5714,,2021,2022,2539.06,1,available,0.0,19.76363636363636,32.43333333333333,0.0,19.76363636363636,32.43333333333333,33.36666666666667,8,287.0833333333333,287.0833333333333,0.9569444444444444,0.336569393159306,0.3483996964084837,0.3602299996576613,0.0673138786318612,0.2092589976421784,0.2142919410412974,0.0418517995284356,0.7958328081913802,0.8145752815477649,0.159166561638276,0.0,287.0833333333333,0.0673138786318612,,,,,,,,,
GUJ_AHMEDABAD_2021_2022,wheat,Rabi,early_vegetative,early_vegetative,2021-11-30,2021-12-10,10,20,1,2,10,125,Ahmedabad,23.0225,72.5714,,2021,2022,2539.06,1,available,7.8,18.882539682539683,29.88253968253968,7.8,18.882539682539683,29.88253968253968,33.36666666666667,8,512.0333333333334,512.0333333333334,0.853388888888889,0.3068576552293124,0.3169410213836421,0.3602299996576613,0.0255050919117688,0.1856321328404433,0.1932420932553234,0.0154808587480002,1.0024956657502502,1.0369492482589833,0.0976517333403205,7.8,512.0333333333334,0.0255050919117688,0.880794324372944,0.3849419227053033,0.837755705180921,137.38434640984786,174.4864686664782,48.70969892802992,19.0,1.0,auxiliary_external_image_dataset
GUJ_AHMEDABAD_2021_2022,wheat,Rabi,tillering,tillering,2021-12-10,2021-12-30,20,40,2,3,20,125,Ahmedabad,23.0225,72.5714,,2021,2022,2539.06,1,available,17.599999999999998,16.6869918699187,28.367479674796748,17.599999999999998,16.6869918699187,28.367479674796748,33.36666666666667,8,923.6166666666668,923.6166666666668,0.7696805555555556,0.355727498484939,0.3127541337592073,0.3764083144215907,0.0144159981282083,0.2262829592369243,0.1938596322224816,0.0090311195181904,1.0686131581017375,0.9362035034580266,0.0424726528451714,17.599999999999998,923.6166666666668,0.0144159981282083,,,,,,,,,
GUJ_AHMEDABAD_2021_2022,wheat,Rabi,stem_elongation,stem_elongation,2021-12-30,2022-01-19,40,60,3,4,40,125,Ahmedabad,23.0225,72.5714,,2021,2022,2539.06,1,available,21.466666666666665,15.730601092896178,27.35683060109289,21.466666666666665,15.730601092896178,27.35683060109289,33.36666666666667,8,1314.1666666666667,1314.1666666666667,0.7300925925925926,0.3410116690692286,0.3270595760116707,0.4309649403380928,0.0087839719851539,0.2170096786375613,0.2049192874348883,0.0055738996178581,1.9926871472480805,1.202771206722123,0.0362912038585218,21.466666666666665,1314.1666666666667,0.0087839719851539,,,,,,,,,
GUJ_AHMEDABAD_2021_2022,wheat,Rabi,booting_heading,booting_heading,2022-01-19,2022-02-08,60,80,4,5,60,125,Ahmedabad,23.0225,72.5714,,2021,2022,2539.06,1,available,21.9,14.944855967078189,27.137037037037043,21.9,14.944855967078189,27.137037037037043,33.36666666666667,8,1704.3166666666664,1704.3166666666664,0.7101319444444443,0.4358624139065251,0.3449413531952467,0.4498272626639683,0.0069332903947279,0.2916933858799234,0.2192174834237648,0.004477518678647,1.0417014227470045,1.175607824267155,0.0238149918363118,21.9,1704.3166666666664,0.0069332903947279,,,,,,,,,
GUJ_AHMEDABAD_2021_2022,wheat,Rabi,flowering,flowering,2022-02-08,2022-02-23,80,95,5,6,80,125,Ahmedabad,23.0225,72.5714,,2021,2022,2539.06,1,available,21.9,15.130208333333334,27.665277777777774,21.9,15.130208333333334,27.665277777777774,33.36666666666667,12,2054.1833333333334,2054.1833333333334,0.720766081871345,0.4530974060879812,0.3632958906723825,0.4563914385705994,0.006261451237775,0.2975706878314732,0.2326348758538925,0.0040712401689084,1.1746701346294397,1.1738468444779393,0.0195263892305154,21.9,2054.1833333333334,0.006261451237775,0.667205568343874,0.207148998863766,0.5370890299479166,153.39161512586804,83.38302031017486,45.36198009006561,63.0,1.0,auxiliary_external_image_dataset
GUJ_AHMEDABAD_2021_2022,wheat,Rabi,grain_filling_initial,grain_filling_initial,2022-02-23,2022-03-05,95,105,6,7,95,125,Ahmedabad,23.0225,72.5714,,2021,2022,2539.06,1,available,21.9,15.427044025157231,28.219182389937107,21.9,15.427044025157231,28.219182389937107,34.4,22,2313.2500000000005,2313.2500000000005,0.7343650793650796,0.4430547706598494,0.3721189827114884,0.4599988514670336,0.0058202071138003,0.2855689100212084,0.2380782384012942,0.0037666037362806,1.0109028226162842,1.1553004363258397,0.0169933539092016,21.9,2313.2500000000005,0.0058202071138003,0.64207763671875,0.2100675723866411,0.538883518528294,155.23204857078758,96.45987870499894,40.98217857979439,185.0,1.0,auxiliary_external_image_dataset
GUJ_AHMEDABAD_2021_2022,wheat,Rabi,grain_filling,grain_filling,2022-03-05,2022-03-15,105,115,7,8,105,125,Ahmedabad,23.0225,72.5714,,2021,2022,2539.06,1,available,21.9,15.864655172413793,28.963218390804595,21.9,15.864655172413793,28.963218390804595,39.96666666666667,32,2600.016666666667,2600.016666666667,0.7536280193236715,0.3844348888526343,0.3653702414975432,0.4599988514670336,0.0050715181560088,0.248506380357644,0.2327939024392255,0.0032533035172971,1.0035883573197284,1.1248413238607782,0.0146900882868892,21.9,2600.016666666667,0.0050715181560088,0.0612841694294905,0.0121212011134459,0.035730185628939,174.61391897762522,91.87537351976924,38.60734619813807,238.0,1.0,auxiliary_external_image_dataset
GUJ_AHMEDABAD_2021_2022,wheat,Rabi,maturity_preharvest,maturity_preharvest,2022-03-15,2022-03-25,115,130,8,9,115,125,Ahmedabad,23.0225,72.5714,,2021,2022,2539.06,1,available,21.9,16.48095238095238,29.743386243386247,21.9,16.48095238095238,29.743386243386247,40.3,42,2912.1333333333328,2912.1333333333328,0.7765688888888888,0.2995267131709711,0.3632789649939567,0.4599988514670336,0.0045739727171356,0.1963152666480042,0.2316668990893768,0.0029361823874958,0.318428810038957,1.0794310387595287,0.0124568132733531,21.9,2912.1333333333328,0.0045739727171356,0.0008408979936079,2.9083789590208285e-07,8.322975852272727e-07,168.71288785067472,58.12083906693892,40.56065226468173,55.0,1.0,auxiliary_external_image_dataset
GUJ_AHMEDABAD_2022_2023,wheat,Rabi,sowing,sowing,2022-11-20,2022-11-30,0,10,0,1,0,125,Ahmedabad,23.0225,72.5714,,2022,2023,2349.85,1,available,0.0,16.763636363636362,30.86060606060606,0.0,16.763636363636362,30.86060606060606,31.3,0,261.9333333333334,261.9333333333334,0.8731111111111113,0.350933154063041,0.3439906049977612,0.350933154063041,0.0701866308126081,0.2283920729051489,0.221188311246266,0.0456784145810298,0.953434782498593,0.8689529413625191,0.1906869564997186,0.0,261.9333333333334,0.0701866308126081,,,,,,,,,
GUJ_AHMEDABAD_2022_2023,wheat,Rabi,early_vegetative,early_vegetative,2022-11-30,2022-12-10,10,20,1,2,10,125,Ahmedabad,23.0225,72.5714,,2022,2023,2349.85,1,available,0.0,16.88730158730159,30.67619047619048,0.0,16.88730158730159,30.67619047619048,31.33333333333333,0,499.41666666666674,499.41666666666674,0.8323611111111112,0.3678856757516398,0.3235313225002404,0.3678856757516398,0.0275872427117937,0.2488751634739102,0.2080510363078055,0.0179560325979491,0.9022938742804052,0.7994340191705416,0.0682198434956179,0.0,499.41666666666674,0.0275872427117937,0.880794324372944,0.3849419227053033,0.837755705180921,137.38434640984786,174.4864686664782,48.70969892802992,19.0,1.0,auxiliary_external_image_dataset
GUJ_AHMEDABAD_2022_2023,wheat,Rabi,tillering,tillering,2022-12-10,2022-12-30,20,40,2,3,20,125,Ahmedabad,23.0225,72.5714,,2022,2023,2349.85,1,available,0.5666666666666665,17.275609756097563,30.65691056910569,0.5666666666666665,17.275609756097563,30.65691056910569,33.166666666666664,6,982.6166666666668,982.6166666666668,0.8188472222222223,0.3989229344852278,0.3394838944023233,0.3989229344852278,0.0142012896579675,0.2600094191629888,0.2146749054921011,0.0089914917352047,0.9901825493740848,0.878201213093658,0.0367697022868272,0.5666666666666665,982.6166666666668,0.0142012896579675,,,,,,,,,
GUJ_AHMEDABAD_2022_2023,wheat,Rabi,stem_elongation,stem_elongation,2022-12-30,2023-01-19,40,60,3,4,40,125,Ahmedabad,23.0225,72.5714,,2022,2023,2349.85,1,available,0.5666666666666665,16.256284153005467,29.734972677595625,0.5666666666666665,16.256284153005467,29.734972677595625,33.166666666666664,6,1402.7333333333331,1402.7333333333331,0.7792962962962963,0.4313056227936783,0.3525197474928002,0.4313056227936783,0.0096297980149515,0.2861776916128493,0.2214615978926678,0.006035839205959,1.175747344874927,0.9688714009165864,0.0275537781403393,0.5666666666666665,1402.7333333333331,0.0096297980149515,,,,,,,,,
GUJ_AHMEDABAD_2022_2023,wheat,Rabi,booting_heading,booting_heading,2023-01-19,2023-02-08,60,80,4,5,60,125,Ahmedabad,23.0225,72.5714,,2022,2023,2349.85,1,available,4.133333333333334,15.732921810699589,29.423456790123453,4.133333333333334,15.732921810699589,29.423456790123453,33.166666666666664,6,1828.8333333333333,1828.8333333333333,0.7620138888888889,0.4269122679009761,0.3719309138195815,0.4502030008928288,0.0076829014356878,0.275281641685984,0.2357787459167781,0.0048952881217083,1.2834693981344325,1.0175636785149442,0.0214246467877783,4.133333333333334,1828.8333333333333,0.0076829014356878,,,,,,,,,
GUJ_AHMEDABAD_2022_2023,wheat,Rabi,flowering,flowering,2023-02-08,2023-02-23,80,95,5,6,80,125,Ahmedabad,23.0225,72.5714,,2022,2023,2349.85,1,available,4.133333333333334,15.861805555555554,30.13402777777777,4.133333333333334,15.861805555555554,30.13402777777777,36.46666666666667,19,2207.8,2207.8,0.7746666666666667,0.470229512963397,0.3851437061210656,0.470229512963397,0.0067224100260991,0.3060378044507653,0.2456485574712502,0.0043226453036185,1.1703717262215978,1.0639783333279678,0.0189407593865417,4.133333333333334,2207.8,0.0067224100260991,0.667205568343874,0.207148998863766,0.5370890299479166,153.39161512586804,83.38302031017486,45.36198009006561,63.0,1.0,auxiliary_external_image_dataset
GUJ_AHMEDABAD_2022_2023,wheat,Rabi,grain_filling_initial,grain_filling_initial,2023-02-23,2023-03-05,95,105,6,7,95,125,Ahmedabad,23.0225,72.5714,,2022,2023,2349.85,1,available,4.133333333333334,16.215408805031444,30.69842767295597,4.133333333333334,16.215408805031444,30.69842767295597,38.333333333333336,29,2486.433333333333,2486.433333333333,0.7893439153439152,0.4448320803585774,0.3915677216214824,0.470229512963397,0.0061694277925324,0.2772543329095763,0.2499214090813024,0.0039650914310721,0.9867595483473336,1.0724238317153163,0.0170395817283933,4.133333333333334,2486.433333333333,0.0061694277925324,0.64207763671875,0.2100675723866411,0.538883518528294,155.23204857078758,96.45987870499894,40.98217857979439,185.0,1.0,auxiliary_external_image_dataset
GUJ_AHMEDABAD_2022_2023,wheat,Rabi,grain_filling,grain_filling,2023-03-05,2023-03-15,105,115,7,8,105,125,Ahmedabad,23.0225,72.5714,,2022,2023,2349.85,1,available,4.233333333333333,16.66522988505747,31.15545977011494,4.233333333333333,16.66522988505747,31.15545977011494,38.333333333333336,39,2773.6000000000004,2773.6000000000004,0.8039420289855074,0.2803154654363697,0.3900634037542922,0.470229512963397,0.0055088728888815,0.1800741102800303,0.2492866420295865,0.0035451511378972,-0.0343589270105005,1.0321020724972905,0.0142318856445412,4.233333333333333,2773.6000000000004,0.0055088728888815,0.0612841694294905,0.0121212011134459,0.035730185628939,174.61391897762522,91.87537351976924,38.60734619813807,238.0,1.0,auxiliary_external_image_dataset
GUJ_AHMEDABAD_2022_2023,wheat,Rabi,maturity_preharvest,maturity_preharvest,2023-03-15,2023-03-25,115,130,8,9,115,125,Ahmedabad,23.0225,72.5714,,2022,2023,2349.85,1,available,9.4,17.037301587301585,31.337301587301585,9.4,17.037301587301585,31.337301587301585,38.333333333333336,49,3047.6000000000004,3047.6000000000004,0.8126933333333334,0.4105954601157409,0.3925483594477491,0.470229512963397,0.0050740091682888,0.2599764161263836,0.250906511937962,0.0032623604076899,1.0022965902472885,1.0373060635192866,0.0131233190558343,9.4,3047.6000000000004,0.0050740091682888,0.0008408979936079,2.9083789590208285e-07,8.322975852272727e-07,168.71288785067472,58.12083906693892,40.56065226468173,55.0,1.0,auxiliary_external_image_dataset
GUJ_AHMEDABAD_2023_2024,wheat,Rabi,sowing,sowing,2023-11-20,2023-11-30,0,10,0,1,0,126,Ahmedabad,23.0225,72.5714,,2023,2024,2392.94,1,available,48.16666666666666,19.05757575757576,30.327272727272724,48.16666666666666,19.05757575757576,30.327272727272724,33.36666666666667,4,271.6166666666667,271.6166666666667,0.9053888888888888,0.2627647643811446,0.2917555472556081,0.3207463301300715,0.0525529528762289,0.1481703105037444,0.179104805989848,0.0296340621007488,0.6782264696271149,0.775819241455779,0.135645293925423,48.16666666666666,271.6166666666667,0.0525529528762289,,,,,,,,,
GUJ_AHMEDABAD_2023_2024,wheat,Rabi,early_vegetative,early_vegetative,2023-11-30,2023-12-10,10,20,1,2,10,126,Ahmedabad,23.0225,72.5714,,2023,2024,2392.94,1,available,53.6,18.865079365079364,29.28253968253968,53.6,18.865079365079364,29.28253968253968,33.36666666666667,4,505.55,505.55,0.8425833333333334,0.3334904505614648,0.2650484953491998,0.3334904505614648,0.022137442695911,0.1996201567416541,0.1571833548174706,0.0126976868832253,0.8851772771070756,0.9197769560693378,0.0831191775637968,53.6,505.55,0.022137442695911,0.880794324372944,0.3849419227053033,0.837755705180921,137.38434640984786,174.4864686664782,48.70969892802992,19.0,1.0,auxiliary_external_image_dataset
GUJ_AHMEDABAD_2023_2024,wheat,Rabi,tillering,tillering,2023-12-10,2023-12-30,20,40,2,3,20,126,Ahmedabad,23.0225,72.5714,,2023,2024,2392.94,1,available,53.6,17.808943089430898,29.13495934959349,53.6,17.808943089430898,29.13495934959349,33.36666666666667,4,962.35,962.35,0.8019583333333333,0.3159240476778346,0.2918934583928791,0.3644463332645753,0.0123860634728181,0.1940491998130829,0.1802200201136446,0.007729105378596,1.1194710164376716,1.0509733218882134,0.0444971992358398,53.6,962.35,0.0123860634728181,,,,,,,,,
GUJ_AHMEDABAD_2023_2024,wheat,Rabi,stem_elongation,stem_elongation,2023-12-30,2024-01-19,40,60,3,4,40,126,Ahmedabad,23.0225,72.5714,,2023,2024,2392.94,1,available,53.63333333333333,16.841530054644807,28.570491803278685,53.63333333333333,16.841530054644807,28.570491803278685,33.36666666666667,4,1385.0666666666666,1385.0666666666666,0.7694814814814814,0.4032395724602607,0.3156844308911803,0.4186534941944527,0.0089363048981706,0.2497973118241402,0.1936727837791876,0.0054918870738581,1.0878967639878807,1.0836894737030665,0.0295762782269358,53.63333333333333,1385.0666666666666,0.0089363048981706,,,,,,,,,
GUJ_AHMEDABAD_2023_2024,wheat,Rabi,booting_heading,booting_heading,2024-01-19,2024-02-08,60,80,4,5,60,126,Ahmedabad,23.0225,72.5714,,2023,2024,2392.94,1,available,53.63333333333333,16.42263374485597,28.62921810699589,53.63333333333333,16.42263374485597,28.62921810699589,33.36666666666667,5,1824.6,1824.6,0.76025,0.3818610812297343,0.3326555536546579,0.4186534941944527,0.0069801208023744,0.2221293915233322,0.2056577312353598,0.0043320922066933,1.0158621539597483,1.1615950330220288,0.0241928107006991,53.63333333333333,1824.6,0.0069801208023744,,,,,,,,,
GUJ_AHMEDABAD_2023_2024,wheat,Rabi,flowering,flowering,2024-02-08,2024-02-23,80,95,5,6,80,126,Ahmedabad,23.0225,72.5714,,2023,2024,2392.94,1,available,53.66666666666666,16.663888888888888,29.036111111111108,53.66666666666666,16.663888888888888,29.036111111111108,34.833333333333336,11,2193.5999999999995,2193.5999999999995,0.7696842105263156,0.4001812112620448,0.3484039193342105,0.4577076949459392,0.0061915399558273,0.2500171029357759,0.2165521648349944,0.0038715677977698,0.8324818803943504,1.1560199759303604,0.019607166678581,53.66666666666666,2193.5999999999995,0.0061915399558273,0.667205568343874,0.207148998863766,0.5370890299479166,153.39161512586804,83.38302031017486,45.36198009006561,63.0,1.0,auxiliary_external_image_dataset
GUJ_AHMEDABAD_2023_2024,wheat,Rabi,grain_filling_initial,grain_filling_initial,2024-02-23,2024-03-04,95,105,6,7,95,126,Ahmedabad,23.0225,72.5714,,2023,2024,2392.94,1,available,56.16666666666666,16.81635220125786,29.327987421383646,56.16666666666666,16.81635220125786,29.327987421383646,37.06666666666667,16,2445.65,2445.65,0.7763968253968253,0.1411769449948384,0.3380425706172419,0.4577076949459392,0.0054295199469187,0.069020330338934,0.2091755731101913,0.0033643753714039,-0.5081241008480812,1.0728127720914382,0.0156711909612336,56.16666666666666,2445.65,0.0054295199469187,0.64207763671875,0.2100675723866411,0.538883518528294,155.23204857078758,96.45987870499894,40.98217857979439,185.0,1.0,auxiliary_external_image_dataset
GUJ_AHMEDABAD_2023_2024,wheat,Rabi,grain_filling,grain_filling,2024-03-04,2024-03-14,105,115,7,8,105,126,Ahmedabad,23.0225,72.5714,,2023,2024,2392.94,1,available,56.16666666666666,16.917528735632185,29.63649425287356,56.16666666666666,16.917528735632185,29.63649425287356,37.06666666666667,24,2700.133333333333,2700.133333333333,0.782647342995169,0.3999947936595376,0.3443648570701848,0.4577076949459392,0.0049873038343004,0.2556272937142254,0.2137013092310877,0.0031064636276329,0.982559721457755,1.0634914109945277,0.01388056598318,56.16666666666666,2700.133333333333,0.0049873038343004,0.0612841694294905,0.0121212011134459,0.035730185628939,174.61391897762522,91.87537351976924,38.60734619813807,238.0,1.0,auxiliary_external_image_dataset
GUJ_AHMEDABAD_2023_2024,wheat,Rabi,maturity_preharvest,maturity_preharvest,2024-03-14,2024-03-25,115,130,8,9,115,126,Ahmedabad,23.0225,72.5714,,2023,2024,2392.94,1,available,56.16666666666666,17.26535433070866,30.27060367454068,56.16666666666666,17.26535433070866,30.27060367454068,38.5,35,3018.5333333333333,3018.5333333333333,0.7985537918871252,0.396832903446658,0.3482697168900133,0.4577076949459392,0.0045836133855104,0.2669278621286261,0.2173496124719391,0.0028838524768524,0.9919392767562448,1.0522704747747798,0.0124277552465479,56.16666666666666,3018.5333333333333,0.0045836133855104,0.0008408979936079,2.9083789590208285e-07,8.322975852272727e-07,168.71288785067472,58.12083906693892,40.56065226468173,55.0,1.0,auxiliary_external_image_dataset
GUJ_AMRELI_2020_2021,wheat,Rabi,sowing,sowing,2020-11-20,2020-11-30,0,10,0,1,0,125,Amreli,,,,2020,2021,3710.39,1,available,0.0,17.881818181818183,30.88181818181818,0.0,17.881818181818183,30.88181818181818,33.2,1,268.2,268.2,0.894,0.2394818502968305,0.2305366123954409,0.2463798829563594,0.0406051782019006,0.1462666522661319,0.1396494687615468,0.0241452625217679,0.6523840868053457,0.716750556807611,0.1299988230553032,0.0,268.2,0.0406051782019006,,,,,,,,,
GUJ_AMRELI_2020_2021,wheat,Rabi,early_vegetative,early_vegetative,2020-11-30,2020-12-10,10,20,1,2,10,125,Amreli,,,,2020,2021,3710.39,1,available,0.1,18.280952380952375,31.83333333333333,0.1,18.280952380952375,31.83333333333333,33.5,10,526.2,526.2,0.8770000000000001,0.2198244359546176,0.2261045210189386,0.2463798829563594,0.0181080243997045,0.1312208123753178,0.132609714724079,0.0104323609077554,0.6452434750813278,0.6536497036540887,0.0506051115314331,0.1,526.2,0.0181080243997045,0.880794324372944,0.3849419227053033,0.837755705180921,137.38434640984786,174.4864686664782,48.70969892802992,19.0,1.0,auxiliary_external_image_dataset
GUJ_AMRELI_2020_2021,wheat,Rabi,tillering,tillering,2020-12-10,2020-12-30,20,40,2,3,20,125,Amreli,,,,2020,2021,3710.39,1,available,5.699999999999999,16.478048780487804,29.509756097560977,5.699999999999999,16.478048780487804,29.509756097560977,33.5,10,942.75,942.75,0.785625,0.2262390356560095,0.2197190524191753,0.2463798829563594,0.008257397393728,0.1544008075728985,0.1303636927942074,0.004930667877699,0.6826027001343447,0.6805952597700728,0.0261553083769948,5.699999999999999,942.75,0.008257397393728,,,,,,,,,
GUJ_AMRELI_2020_2021,wheat,Rabi,stem_elongation,stem_elongation,2020-12-30,2021-01-19,40,60,3,4,40,125,Amreli,,,,2020,2021,3710.39,1,available,5.699999999999999,15.54098360655738,29.131147540983616,5.699999999999999,15.54098360655738,29.131147540983616,33.5,10,1362.4999999999998,1362.4999999999998,0.7569444444444443,0.1852080707160352,0.2081288309082702,0.2463798829563594,0.0050101816659759,0.1110342896171684,0.1217964785478009,0.0029076845136463,0.5114349673806455,0.6565388388447159,0.0160636356995088,5.699999999999999,1362.4999999999998,0.0050101816659759,,,,,,,,,
GUJ_AMRELI_2020_2021,wheat,Rabi,booting_heading,booting_heading,2021-01-19,2021-02-08,60,80,4,5,60,125,Amreli,,,,2020,2021,3710.39,1,available,5.699999999999999,15.161728395061727,29.248148148148143,5.699999999999999,15.161728395061727,29.248148148148143,33.5,11,1798.6,1798.6,0.7494166666666667,0.2050177904457903,0.2077036663828391,0.2463798829563594,0.0038172664469249,0.127188961161253,0.1230586263778805,0.0022722227806474,0.5371716110765132,0.6164232246347836,0.0108648833443288,5.699999999999999,1798.6,0.0038172664469249,,,,,,,,,
GUJ_AMRELI_2020_2021,wheat,Rabi,flowering,flowering,2021-02-08,2021-02-23,80,95,5,6,80,125,Amreli,,,,2020,2021,3710.39,1,available,5.699999999999999,15.454166666666666,29.785416666666663,5.699999999999999,15.454166666666666,29.785416666666663,34.8,22,2171.5,2171.5,0.7619298245614035,0.1952618840248488,0.2050259726144997,0.2463798829563594,0.0031624385290547,0.1087422792385048,0.1210612485424222,0.0018667291830483,0.4545567028948611,0.6032532506487829,0.008945299712804,5.699999999999999,2171.5,0.0031624385290547,0.667205568343874,0.207148998863766,0.5370890299479166,153.39161512586804,83.38302031017486,45.36198009006561,63.0,1.0,auxiliary_external_image_dataset
GUJ_AMRELI_2020_2021,wheat,Rabi,grain_filling_initial,grain_filling_initial,2021-02-23,2021-03-05,95,105,6,7,95,125,Amreli,,,,2020,2021,3710.39,1,available,5.699999999999999,15.85943396226415,30.412264150943397,5.699999999999999,15.85943396226415,30.412264150943397,38.2,32,2452.4,2452.4,0.7785396825396825,0.19490972165842,0.2034907576708616,0.2463798829563594,0.0028355120321719,0.1174872460102786,0.11977625195443,0.001663843657381,0.5055164526760669,0.5892533311015021,0.007818454268605,5.699999999999999,2452.4,0.0028355120321719,0.64207763671875,0.2100675723866411,0.538883518528294,155.23204857078758,96.45987870499894,40.98217857979439,185.0,1.0,auxiliary_external_image_dataset
GUJ_AMRELI_2020_2021,wheat,Rabi,grain_filling,grain_filling,2021-03-05,2021-03-15,105,115,7,8,105,125,Amreli,,,,2020,2021,3710.39,1,available,5.699999999999999,16.28965517241379,30.98362068965517,5.699999999999999,16.28965517241379,30.98362068965517,38.2,42,2741.8500000000004,2741.8500000000004,0.7947391304347827,0.1778146833518784,0.2015487139637391,0.2463798829563594,0.0025539391457021,0.1016481573300158,0.1182707330696307,0.0014903196088988,0.4010782451613589,0.5776357848712497,0.0069472317392268,5.699999999999999,2741.8500000000004,0.0025539391457021,0.0612841694294905,0.0121212011134459,0.035730185628939,174.61391897762522,91.87537351976924,38.60734619813807,238.0,1.0,auxiliary_external_image_dataset
GUJ_AMRELI_2020_2021,wheat,Rabi,maturity_preharvest,maturity_preharvest,2021-03-15,2021-03-25,115,130,8,9,115,125,Amreli,,,,2020,2021,3710.39,1,available,5.699999999999999,16.77063492063492,31.507142857142856,5.699999999999999,16.77063492063492,31.507142857142856,38.5,52,3041.5,3041.5,0.8110666666666667,0.1651006794504973,0.1992996010272553,0.2463798829563594,0.0023103323399166,0.0837290890333763,0.116465842849717,0.0013378391174208,0.3774912461095692,0.5630808301122646,0.0061442437903748,5.699999999999999,3041.5,0.0023103323399166,0.0008408979936079,2.9083789590208285e-07,8.322975852272727e-07,168.71288785067472,58.12083906693892,40.56065226468173,55.0,1.0,auxiliary_external_image_dataset
GUJ_AMRELI_2021_2022,wheat,Rabi,sowing,sowing,2021-11-20,2021-11-30,0,10,0,1,0,125,Amreli,,,,2021,2022,3823.26,1,available,1.1,20.6,33.163636363636364,1.1,20.6,33.163636363636364,34.3,10,295.7,295.7,0.9856666666666666,0.2163599085123005,0.2088355334411581,0.2339081387254048,0.0401841588785562,0.1230339550465058,0.1170380042925025,0.0235066023284551,0.5466354562440634,0.6220040852187694,0.1067236381727423,1.1,295.7,0.0401841588785562,,,,,,,,,
GUJ_AMRELI_2021_2022,wheat,Rabi,early_vegetative,early_vegetative,2021-11-30,2021-12-10,10,20,1,2,10,125,Amreli,,,,2021,2022,3823.26,1,available,34.800000000000004,19.385714285714283,30.51428571428572,34.800000000000004,19.385714285714283,30.51428571428572,34.3,10,523.95,523.95,0.8732500000000001,0.1322028240094949,0.1954282785980349,0.2339081387254048,0.0146491855076838,0.0713532752571765,0.109831205097017,0.0083456876912617,0.1988058975901719,0.676509577104935,0.0535277684405652,34.800000000000004,523.95,0.0146491855076838,0.880794324372944,0.3849419227053033,0.837755705180921,137.38434640984786,174.4864686664782,48.70969892802992,19.0,1.0,auxiliary_external_image_dataset
GUJ_AMRELI_2021_2022,wheat,Rabi,tillering,tillering,2021-12-10,2021-12-30,20,40,2,3,20,125,Amreli,,,,2021,2022,3823.26,1,available,35.2,17.45121951219512,29.63170731707317,35.2,17.45121951219512,29.63170731707317,34.3,10,965.2,965.2,0.8043333333333332,0.1363825337952774,0.1966529513575655,0.2339081387254048,0.007332457170491,0.0688076347285975,0.1124274589893189,0.0042340425255598,1.2738150230016736,0.7251528245199245,0.0290013065642023,35.2,965.2,0.007332457170491,,,,,,,,,
GUJ_AMRELI_2021_2022,wheat,Rabi,stem_elongation,stem_elongation,2021-12-30,2022-01-19,40,60,3,4,40,125,Amreli,,,,2021,2022,3823.26,1,available,37.7,16.578688524590167,28.88688524590164,37.7,16.578688524590167,28.88688524590164,34.3,10,1386.6999999999998,1386.6999999999998,0.7703888888888888,0.1850070929060824,0.1909452626183969,0.2339081387254048,0.0047330327512013,0.0978615674566062,0.1078736461286015,0.002670970365823,0.588157567898669,0.7060335743585128,0.0178549575721611,37.7,1386.6999999999998,0.0047330327512013,,,,,,,,,
GUJ_AMRELI_2021_2022,wheat,Rabi,booting_heading,booting_heading,2022-01-19,2022-02-08,60,80,4,5,60,125,Amreli,,,,2021,2022,3823.26,1,available,38.2,15.882716049382712,28.72469135802469,38.2,15.882716049382712,28.72469135802469,34.3,10,1806.6,1806.6,0.7527499999999999,0.1906836462688877,0.1894392682088023,0.2339081387254048,0.0035376702828811,0.1091223804170456,0.1077826542633886,0.0020266536672831,0.4339053203575207,0.628917090943005,0.0109091679178157,38.2,1806.6,0.0035376702828811,,,,,,,,,
GUJ_AMRELI_2021_2022,wheat,Rabi,flowering,flowering,2022-02-08,2022-02-23,80,95,5,6,80,125,Amreli,,,,2021,2022,3823.26,1,available,38.2,16.057291666666668,29.182291666666668,38.2,16.057291666666668,29.182291666666668,34.8,16,2171.5,2171.5,0.7619298245614035,0.1834218517008586,0.1880186613583326,0.2339081387254048,0.002949652478745,0.1038952168329501,0.1066740354372206,0.001677769972019,0.4347904124469109,0.6003090393359021,0.0085820338238623,38.2,2171.5,0.002949652478745,0.667205568343874,0.207148998863766,0.5370890299479166,153.39161512586804,83.38302031017486,45.36198009006561,63.0,1.0,auxiliary_external_image_dataset
GUJ_AMRELI_2021_2022,wheat,Rabi,grain_filling_initial,grain_filling_initial,2022-02-23,2022-03-05,95,105,6,7,95,125,Amreli,,,,2021,2022,3823.26,1,available,38.2,16.337735849056603,29.716037735849053,38.2,16.337735849056603,29.716037735849053,35.8,26,2440.85,2440.85,0.7748730158730158,0.1719560339174349,0.1859586851905237,0.2339081387254048,0.0026193813034416,0.0941289207192421,0.1053054503216709,0.0014836513368268,0.4176998817024524,0.5819617659212577,0.0074245098809794,38.2,2440.85,0.0026193813034416,0.64207763671875,0.2100675723866411,0.538883518528294,155.23204857078758,96.45987870499894,40.98217857979439,185.0,1.0,auxiliary_external_image_dataset
GUJ_AMRELI_2021_2022,wheat,Rabi,grain_filling,grain_filling,2022-03-05,2022-03-15,105,115,7,8,105,125,Amreli,,,,2021,2022,3823.26,1,available,38.2,16.791379310344826,30.398275862068964,38.2,16.791379310344826,30.398275862068964,40.5,36,2736.9999999999995,2736.9999999999995,0.7933333333333332,0.1700215867061851,0.1846441111947084,0.2339081387254048,0.0023671194638341,0.0981140418480334,0.104356181410592,0.0013356044228181,0.4401681612196816,0.5669184816936474,0.0065477500127643,38.2,2736.9999999999995,0.0023671194638341,0.0612841694294905,0.0121212011134459,0.035730185628939,174.61391897762522,91.87537351976924,38.60734619813807,238.0,1.0,auxiliary_external_image_dataset
GUJ_AMRELI_2021_2022,wheat,Rabi,maturity_preharvest,maturity_preharvest,2022-03-15,2022-03-25,115,130,8,9,115,125,Amreli,,,,2021,2022,3823.26,1,available,38.2,17.34603174603175,31.121428571428574,38.2,17.34603174603175,31.121428571428574,40.9,46,3053.45,3053.45,0.8142533333333332,0.1843894619192514,0.1835101635312324,0.2339081387254048,0.0021598932894308,0.1060530836276969,0.1035962830626172,0.0012162439659843,0.4062694030505768,0.5509551268986153,0.0057837413098439,38.2,3053.45,0.0021598932894308,0.0008408979936079,2.9083789590208285e-07,8.322975852272727e-07,168.71288785067472,58.12083906693892,40.56065226468173,55.0,1.0,auxiliary_external_image_dataset
GUJ_AMRELI_2022_2023,wheat,Rabi,sowing,sowing,2022-11-20,2022-11-30,0,10,0,1,0,125,Amreli,,,,2022,2023,3742.48,1,available,0.0,17.709090909090907,32.42727272727273,0.0,17.709090909090907,32.42727272727273,32.8,11,275.75,275.75,0.9191666666666668,0.2182913175608166,0.2137129854590037,0.223902970543353,0.0387404940627843,0.1319240855627384,0.1295876213505594,0.0233068904825495,0.725813988333661,0.686257609096719,0.1224843246056718,0.0,275.75,0.0387404940627843,,,,,,,,,
GUJ_AMRELI_2022_2023,wheat,Rabi,early_vegetative,early_vegetative,2022-11-30,2022-12-10,10,20,1,2,10,125,Amreli,,,,2022,2023,3742.48,1,available,0.0,17.733333333333338,32.090476190476195,0.0,17.733333333333338,32.090476190476195,32.8,14,523.15,523.15,0.8719166666666667,0.1948011823205438,0.2057300708965576,0.223902970543353,0.0163485341777971,0.1118295643270671,0.123019966607416,0.0096615433061913,0.8072813878208245,0.6915942635866831,0.0567286903268129,0.0,523.15,0.0163485341777971,0.880794324372944,0.3849419227053033,0.837755705180921,137.38434640984786,174.4864686664782,48.70969892802992,19.0,1.0,auxiliary_external_image_dataset
GUJ_AMRELI_2022_2023,wheat,Rabi,tillering,tillering,2022-12-10,2022-12-30,20,40,2,3,20,125,Amreli,,,,2022,2023,3742.48,1,available,5.1,17.81951219512195,31.831707317073167,5.1,17.81951219512195,31.831707317073167,34.5,25,1017.85,1017.85,0.8482083333333332,0.2064103378942338,0.1963112595791384,0.223902970543353,0.0074868224299716,0.1173129639073518,0.1124946889760952,0.0041942321018246,0.5077596444349709,0.5319445154927505,0.0176594926367412,5.1,1017.85,0.0074868224299716,,,,,,,,,
GUJ_AMRELI_2022_2023,wheat,Rabi,stem_elongation,stem_elongation,2022-12-30,2023-01-19,40,60,3,4,40,125,Amreli,,,,2022,2023,3742.48,1,available,5.1,16.791803278688523,30.90819672131148,5.1,16.791803278688523,30.90819672131148,34.5,25,1454.85,1454.85,0.8082499999999999,0.2115637111575927,0.1954975577910946,0.223902970543353,0.004953579428532,0.129344048872773,0.1117920092599565,0.002803309084408,0.6123456029859197,0.5487433268678396,0.0135207415465277,5.1,1454.85,0.004953579428532,,,,,,,,,
GUJ_AMRELI_2022_2023,wheat,Rabi,booting_heading,booting_heading,2023-01-19,2023-02-08,60,80,4,5,60,125,Amreli,,,,2022,2023,3742.48,1,available,5.8,16.37777777777778,30.67037037037037,5.8,16.37777777777778,30.67037037037037,34.5,31,1905.45,1905.45,0.7939375000000001,0.2020915550949992,0.199794798180202,0.2271637089433292,0.0038572382294379,0.1135459642258408,0.115390019246368,0.0022313688189803,0.5502087917005322,0.5385222215641212,0.0099140508705193,5.8,1905.45,0.0038572382294379,,,,,,,,,
GUJ_AMRELI_2022_2023,wheat,Rabi,flowering,flowering,2023-02-08,2023-02-23,80,95,5,6,80,125,Amreli,,,,2022,2023,3742.48,1,available,5.8,16.541666666666668,31.54791666666667,5.8,16.541666666666668,31.54791666666667,38.6,46,2308.3,2308.3,0.8099298245614036,0.1939627294501661,0.1991626307896698,0.2271637089433292,0.0032104002659176,0.1232049926385454,0.1163585604549172,0.0018968312967254,0.455878040254195,0.5355442498480616,0.008311583629507,5.8,2308.3,0.0032104002659176,0.667205568343874,0.207148998863766,0.5370890299479166,153.39161512586804,83.38302031017486,45.36198009006561,63.0,1.0,auxiliary_external_image_dataset
GUJ_AMRELI_2022_2023,wheat,Rabi,grain_filling_initial,grain_filling_initial,2023-02-23,2023-03-05,95,105,6,7,95,125,Amreli,,,,2022,2023,3742.48,1,available,5.9,16.911320754716982,32.08962264150944,5.9,16.911320754716982,32.08962264150944,39.0,56,2597.05,2597.05,0.8244603174603173,0.2085242984984198,0.1982721731961274,0.2271637089433292,0.0028732156325446,0.1129010849276827,0.1154805397611147,0.0016840650220143,0.409061719593263,0.5335201984172013,0.0074952241905043,5.9,2597.05,0.0028732156325446,0.64207763671875,0.2100675723866411,0.538883518528294,155.23204857078758,96.45987870499894,40.98217857979439,185.0,1.0,auxiliary_external_image_dataset
GUJ_AMRELI_2022_2023,wheat,Rabi,grain_filling,grain_filling,2023-03-05,2023-03-15,105,115,7,8,105,125,Amreli,,,,2022,2023,3742.48,1,available,6.3,17.325862068965513,32.50258620689655,6.3,17.325862068965513,32.50258620689655,39.0,66,2890.05,2890.05,0.8376956521739131,0.2372815537971224,0.1995501159200833,0.2372815537971224,0.0026535605165722,0.1309447002384398,0.1157259131657516,0.0015409246304185,0.4263756057049529,0.5360816389510998,0.0069318360160387,6.3,2890.05,0.0026535605165722,0.0612841694294905,0.0121212011134459,0.035730185628939,174.61391897762522,91.87537351976924,38.60734619813807,238.0,1.0,auxiliary_external_image_dataset
GUJ_AMRELI_2022_2023,wheat,Rabi,maturity_preharvest,maturity_preharvest,2023-03-15,2023-03-25,115,130,8,9,115,125,Amreli,,,,2022,2023,3742.48,1,available,14.5,17.630952380952376,32.63174603174603,14.5,17.630952380952376,32.63174603174603,39.0,76,3166.55,3166.55,0.8444133333333332,0.1756313224610254,0.1946746579904508,0.2372815537971224,0.0023227383135649,0.085086549087497,0.1118372973960782,0.0013237323660926,0.3981978552582081,0.5337184803434254,0.0063387139629593,14.5,3166.55,0.0023227383135649,0.0008408979936079,2.9083789590208285e-07,8.322975852272727e-07,168.71288785067472,58.12083906693892,40.56065226468173,55.0,1.0,auxiliary_external_image_dataset
GUJ_AMRELI_2023_2024,wheat,Rabi,sowing,sowing,2023-11-20,2023-11-30,0,10,0,1,0,126,Amreli,,,,2023,2024,3736.18,1,available,38.4,19.736363636363635,31.55454545454546,38.4,19.736363636363635,31.55454545454546,35.1,6,282.1,282.1,0.9403333333333332,0.1582977232180769,0.1264980012581826,0.2225379536370644,0.014814530858414,0.0667091404223176,0.0456526264853438,0.0018269514428423,0.1142262218594803,0.3701445734102306,0.0364311975299953,38.4,282.1,0.014814530858414,,,,,,,,,
GUJ_AMRELI_2023_2024,wheat,Rabi,early_vegetative,early_vegetative,2023-11-30,2023-12-10,10,20,1,2,10,126,Amreli,,,,2023,2024,3736.18,1,available,42.9,19.390476190476196,30.38095238095238,42.9,19.390476190476196,30.38095238095238,35.1,6,522.6,522.6,0.871,0.2436708156230678,0.1494047821315334,0.2436708156230678,0.0137985341998914,0.1380380208095627,0.0656767467338786,0.0064531001532428,0.681855379061548,0.3385357846112906,0.0250377805030039,42.9,522.6,0.0137985341998914,0.880794324372944,0.3849419227053033,0.837755705180921,137.38434640984786,174.4864686664782,48.70969892802992,19.0,1.0,auxiliary_external_image_dataset
GUJ_AMRELI_2023_2024,wheat,Rabi,tillering,tillering,2023-12-10,2023-12-30,20,40,2,3,20,126,Amreli,,,,2023,2024,3736.18,1,available,42.9,18.460975609756098,30.390243902439025,42.9,18.460975609756098,30.390243902439025,35.1,10,1001.45,1001.45,0.8345416666666666,0.215447285118789,0.1933581748755776,0.2656321222731371,0.0085096357240226,0.1351641019248745,0.1029464636782285,0.0049206611550331,1.3592595111128118,0.604955987071765,0.0295814262182894,42.9,1001.45,0.0085096357240226,,,,,,,,,
GUJ_AMRELI_2023_2024,wheat,Rabi,stem_elongation,stem_elongation,2023-12-30,2024-01-19,40,60,3,4,40,126,Amreli,,,,2023,2024,3736.18,1,available,43.1,17.72295081967213,30.06065573770492,43.1,17.72295081967213,30.06065573770492,35.1,11,1457.4000000000003,1457.4000000000003,0.8096666666666669,0.2276839081463486,0.2001881216064513,0.2656321222731371,0.0055507899862555,0.1297497251730433,0.1088423354198187,0.0031559180531573,0.5446250498798153,0.636751360854731,0.0184905011561225,43.1,1457.4000000000003,0.0055507899862555,,,,,,,,,
GUJ_AMRELI_2023_2024,wheat,Rabi,booting_heading,booting_heading,2024-01-19,2024-02-08,60,80,4,5,60,126,Amreli,,,,2023,2024,3736.18,1,available,43.1,17.36543209876543,30.023456790123458,43.1,17.36543209876543,30.023456790123458,35.1,14,1919.25,1919.25,0.7996874999999999,0.184056642393577,0.201048646278617,0.2656321222731371,0.0038988965734599,0.0912680962951591,0.1111346364226543,0.0022232206115624,0.4335057470726422,0.6131897648049426,0.0118483724749064,43.1,1919.25,0.0038988965734599,,,,,,,,,
GUJ_AMRELI_2023_2024,wheat,Rabi,flowering,flowering,2024-02-08,2024-02-23,80,95,5,6,80,126,Amreli,,,,2023,2024,3736.18,1,available,43.1,17.448958333333334,30.34375,43.1,17.448958333333334,30.34375,35.9,20,2294.05,2294.05,0.8049298245614036,0.1805739726731864,0.1962802636104706,0.2656321222731371,0.0030956417506694,0.0903342720524413,0.1078729441928028,0.001731877576379,0.4128732236180695,0.5657476755581827,0.0084902357742585,43.1,2294.05,0.0030956417506694,0.667205568343874,0.207148998863766,0.5370890299479166,153.39161512586804,83.38302031017486,45.36198009006561,63.0,1.0,auxiliary_external_image_dataset
GUJ_AMRELI_2023_2024,wheat,Rabi,grain_filling_initial,grain_filling_initial,2024-02-23,2024-03-04,95,105,6,7,95,126,Amreli,,,,2023,2024,3736.18,1,available,45.5,17.529245283018867,30.599056603773583,45.5,17.529245283018867,30.599056603773583,37.5,25,2550.8,2550.8,0.8097777777777778,0.151426552940444,0.1928386263823554,0.2656321222731371,0.0027055025826467,0.0689589138975731,0.1060035239010606,0.0015089162805816,0.4154734336830297,0.5463694415355613,0.0072380556297384,45.5,2550.8,0.0027055025826467,0.64207763671875,0.2100675723866411,0.538883518528294,155.23204857078758,96.45987870499894,40.98217857979439,185.0,1.0,auxiliary_external_image_dataset
GUJ_AMRELI_2023_2024,wheat,Rabi,grain_filling,grain_filling,2024-03-04,2024-03-14,105,115,7,8,105,126,Amreli,,,,2023,2024,3736.18,1,available,45.5,17.627586206896552,30.908620689655173,45.5,17.627586206896552,30.908620689655173,37.5,34,2815.1000000000004,2815.1000000000004,0.8159710144927538,0.159093870973133,0.1906670229713551,0.2656321222731371,0.0024229130805444,0.0783017185715914,0.1046984266692588,0.0013450657815756,0.4180163960159486,0.5323786784206321,0.0063566243703974,45.5,2815.1000000000004,0.0024229130805444,0.0612841694294905,0.0121212011134459,0.035730185628939,174.61391897762522,91.87537351976924,38.60734619813807,238.0,1.0,auxiliary_external_image_dataset
GUJ_AMRELI_2023_2024,wheat,Rabi,maturity_preharvest,maturity_preharvest,2024-03-14,2024-03-25,115,130,8,9,115,126,Amreli,,,,2023,2024,3736.18,1,available,45.5,17.944881889763774,31.52204724409449,45.5,17.944881889763774,31.52204724409449,39.5,45,3141.15,3141.15,0.8309920634920636,0.1631085140178525,0.1882297879224058,0.2656321222731371,0.0021833554304051,0.0925822881397605,0.1036911034066334,0.001217472259003,0.4386753074070948,0.5219663015815819,0.0057005947678581,45.5,3141.15,0.0021833554304051,0.0008408979936079,2.9083789590208285e-07,8.322975852272727e-07,168.71288785067472,58.12083906693892,40.56065226468173,55.0,1.0,auxiliary_external_image_dataset
GUJ_ANAND_2020_2021,wheat,Rabi,sowing,sowing,2020-11-20,2020-11-30,0,10,0,1,0,125,Anand,22.5645,72.9289,,2020,2021,2993.48,1,available,0.0,18.272727272727277,31.11818181818182,0.0,18.272727272727277,31.11818181818182,33.2,1,271.65000000000003,271.65000000000003,0.9055,0.3653119706677768,0.3614115831357889,0.3653119706677768,0.0730623941335553,0.2453884408034652,0.2378855667183619,0.049077688160693,0.9373491708693816,1.0111403959620446,0.1874698341738763,0.0,271.65000000000003,0.0730623941335553,,,,,,,,,
GUJ_ANAND_2020_2021,wheat,Rabi,early_vegetative,early_vegetative,2020-11-30,2020-12-10,10,20,1,2,10,125,Anand,22.5645,72.9289,,2020,2021,2993.48,1,available,1.5,18.02857142857143,31.942857142857147,1.5,18.02857142857143,31.942857142857147,33.4,10,524.6999999999999,524.6999999999999,0.8744999999999998,0.33365450913594,0.3521036590674217,0.3653119706677768,0.029573563139999,0.220611507727087,0.2304354902001073,0.019399165760828,1.025257621633692,0.9692042423292156,0.0810239878184088,1.5,524.6999999999999,0.029573563139999,0.880794324372944,0.3849419227053033,0.837755705180921,137.38434640984786,174.4864686664782,48.70969892802992,19.0,1.0,auxiliary_external_image_dataset
GUJ_ANAND_2020_2021,wheat,Rabi,tillering,tillering,2020-12-10,2020-12-30,20,40,2,3,20,125,Anand,22.5645,72.9289,,2020,2021,2993.48,1,available,25.9,16.578048780487805,29.536585365853657,25.9,16.578048780487805,29.536585365853657,33.4,10,945.35,945.35,0.7877916666666666,0.3416702717827298,0.3315419603858199,0.3653119706677768,0.0130248086228698,0.2437423817051446,0.21824349283053,0.0086512764203959,0.9111008724416346,0.4589631198821123,0.0149870977570481,25.9,945.35,0.0130248086228698,,,,,,,,,
GUJ_ANAND_2020_2021,wheat,Rabi,stem_elongation,stem_elongation,2020-12-30,2021-01-19,40,60,3,4,40,125,Anand,22.5645,72.9289,,2020,2021,2993.48,1,available,28.300000000000004,16.265573770491805,29.13770491803279,28.300000000000004,16.265573770491805,29.13770491803279,33.4,10,1384.8,1384.8,0.7693333333333333,0.2794498209343116,0.2897112120802136,0.3653119706677768,0.0068586182074865,0.1810985399210155,0.1882574823390889,0.0044321980297308,1.3468476560979283,0.647522362789881,0.0202263381813167,28.300000000000004,1384.8,0.0068586182074865,,,,,,,,,
GUJ_ANAND_2020_2021,wheat,Rabi,booting_heading,booting_heading,2021-01-19,2021-02-08,60,80,4,5,60,125,Anand,22.5645,72.9289,,2020,2021,2993.48,1,available,28.300000000000004,15.580246913580249,28.938271604938272,28.300000000000004,15.580246913580249,28.938271604938272,33.4,10,1803.0,1803.0,0.7512500000000001,0.3144234639612715,0.2957300729526834,0.3653119706677768,0.0055302155667861,0.2131469654255623,0.1934857836182188,0.0036292602497516,0.7920596763645523,0.6887027277048061,0.0153073153651453,28.300000000000004,1803.0,0.0055302155667861,,,,,,,,,
GUJ_ANAND_2020_2021,wheat,Rabi,flowering,flowering,2021-02-08,2021-02-23,80,95,5,6,80,125,Anand,22.5645,72.9289,,2020,2021,2993.48,1,available,28.300000000000004,15.744791666666666,29.54479166666667,28.300000000000004,15.744791666666666,29.54479166666667,34.8,21,2173.9,2173.9,0.7627719298245614,0.2842337611856976,0.2927979745283496,0.3653119706677768,0.0045945361995763,0.1735474922838602,0.1907303050440921,0.0029851997598494,0.6671440279536162,0.6952940136937654,0.0125202680837257,28.300000000000004,2173.9,0.0045945361995763,0.667205568343874,0.207148998863766,0.5370890299479166,153.39161512586804,83.38302031017486,45.36198009006561,63.0,1.0,auxiliary_external_image_dataset
GUJ_ANAND_2020_2021,wheat,Rabi,grain_filling_initial,grain_filling_initial,2021-02-23,2021-03-05,95,105,6,7,95,125,Anand,22.5645,72.9289,,2020,2021,2993.48,1,available,28.300000000000004,16.049056603773586,30.141509433962263,28.300000000000004,16.049056603773586,30.141509433962263,37.7,31,2448.1,2448.1,0.7771746031746032,0.2832342417151103,0.2913886365485819,0.3653119706677768,0.0041321683375887,0.1899045205441014,0.1895447320242457,0.0026789926094016,0.607537498404403,0.6885391313228301,0.0108961490519618,28.300000000000004,2448.1,0.0041321683375887,0.64207763671875,0.2100675723866411,0.538883518528294,155.23204857078758,96.45987870499894,40.98217857979439,185.0,1.0,auxiliary_external_image_dataset
GUJ_ANAND_2020_2021,wheat,Rabi,grain_filling,grain_filling,2021-03-05,2021-03-15,105,115,7,8,105,125,Anand,22.5645,72.9289,,2020,2021,2993.48,1,available,28.300000000000004,16.45948275862069,30.745689655172413,28.300000000000004,16.45948275862069,30.745689655172413,38.0,41,2737.9000000000005,2737.9000000000005,0.7935942028985509,0.2696230363040972,0.2890705254393337,0.3653119706677768,0.0037251601449262,0.1729811725354803,0.1877518812046338,0.0024090359376334,0.7212099167140856,0.6881570260932317,0.0097926237418724,28.300000000000004,2737.9000000000005,0.0037251601449262,0.0612841694294905,0.0121212011134459,0.035730185628939,174.61391897762522,91.87537351976924,38.60734619813807,238.0,1.0,auxiliary_external_image_dataset
GUJ_ANAND_2020_2021,wheat,Rabi,maturity_preharvest,maturity_preharvest,2021-03-15,2021-03-25,115,130,8,9,115,125,Anand,22.5645,72.9289,,2020,2021,2993.48,1,available,28.300000000000004,16.923809523809524,31.324603174603176,28.300000000000004,16.923809523809524,31.324603174603176,38.6,51,3039.6500000000005,3039.6500000000005,0.8105733333333335,0.2434192057670986,0.2853568616388576,0.3653119706677768,0.0033506212424766,0.1450003609095795,0.1849151912161111,0.0021576304926333,0.5873734332708132,0.6852874944877556,0.0088329653658138,28.300000000000004,3039.6500000000005,0.0033506212424766,0.0008408979936079,2.9083789590208285e-07,8.322975852272727e-07,168.71288785067472,58.12083906693892,40.56065226468173,55.0,1.0,auxiliary_external_image_dataset
GUJ_ANAND_2021_2022,wheat,Rabi,sowing,sowing,2021-11-20,2021-11-30,0,10,0,1,0,125,Anand,22.5645,72.9289,,2021,2022,3105.39,1,available,0.1,20.027272727272727,33.38181818181818,0.1,20.027272727272727,33.38181818181818,34.2,11,293.75,293.75,0.9791666666666666,0.3324232983495027,0.3396370773820283,0.346850856414554,0.0664846596699005,0.2145460120296204,0.2176746058103892,0.042909202405924,0.8307297551959483,0.9703657964737904,0.1661459510391896,0.1,293.75,0.0664846596699005,,,,,,,,,
GUJ_ANAND_2021_2022,wheat,Rabi,early_vegetative,early_vegetative,2021-11-30,2021-12-10,10,20,1,2,10,125,Anand,22.5645,72.9289,,2021,2022,3105.39,1,available,23.1,19.1,30.361904761904764,23.1,19.1,30.361904761904764,34.2,11,519.35,519.35,0.8655833333333334,0.2814666258845313,0.2526578429062054,0.346850856414554,0.0182372051136509,0.1786923456159761,0.1532229385129445,0.0106903348929656,1.6656292564792177,0.8594458139755974,0.0784351762512111,23.1,519.35,0.0182372051136509,0.880794324372944,0.3849419227053033,0.837755705180921,137.38434640984786,174.4864686664782,48.70969892802992,19.0,1.0,auxiliary_external_image_dataset
GUJ_ANAND_2021_2022,wheat,Rabi,tillering,tillering,2021-12-10,2021-12-30,20,40,2,3,20,125,Anand,22.5645,72.9289,,2021,2022,3105.39,1,available,32.1,17.146341463414632,29.24390243902439,32.1,17.146341463414632,29.24390243902439,34.2,11,951.0,951.0,0.7925,0.3221822316756426,0.2614578744743354,0.346850856414554,0.0120999381531595,0.2117527287290165,0.1637516418084996,0.0076863132278052,0.8899104634816536,0.5586283563432727,0.0220077477521748,32.1,951.0,0.0120999381531595,,,,,,,,,
GUJ_ANAND_2021_2022,wheat,Rabi,stem_elongation,stem_elongation,2021-12-30,2022-01-19,40,60,3,4,40,125,Anand,22.5645,72.9289,,2021,2022,3105.39,1,available,32.8,16.29344262295082,28.475409836065573,32.8,16.29344262295082,28.475409836065573,34.2,11,1365.45,1365.45,0.7585833333333334,0.2562659853305069,0.2498791123163734,0.346850856414554,0.0062862291421356,0.151825301412653,0.1548211738367681,0.0038849055274588,0.9645351944807046,0.7409785099933646,0.021174415918788,32.8,1365.45,0.0062862291421356,,,,,,,,,
GUJ_ANAND_2021_2022,wheat,Rabi,booting_heading,booting_heading,2022-01-19,2022-02-08,60,80,4,5,60,125,Anand,22.5645,72.9289,,2021,2022,3105.39,1,available,34.5,15.47283950617284,28.24074074074074,34.5,15.47283950617284,28.24074074074074,34.2,11,1770.4,1770.4,0.7376666666666667,0.2728290925956744,0.2592412832045848,0.346850856414554,0.0049948056990842,0.1734756579131592,0.1612614768793434,0.0031125659363372,0.6403848604538807,0.7333450588926157,0.0145302006855185,34.5,1770.4,0.0049948056990842,,,,,,,,,
GUJ_ANAND_2021_2022,wheat,Rabi,flowering,flowering,2022-02-08,2022-02-23,80,95,5,6,80,125,Anand,22.5645,72.9289,,2021,2022,3105.39,1,available,34.5,15.669791666666669,28.82708333333333,34.5,15.669791666666669,28.82708333333333,34.5,18,2135.85,2135.85,0.7494210526315789,0.2692147104952254,0.2620454185131787,0.346850856414554,0.0042533550383805,0.1723315188550273,0.1633340071154098,0.002658140236503,0.6354997313648849,0.720063728344126,0.0116308983010879,34.5,2135.85,0.0042533550383805,0.667205568343874,0.207148998863766,0.5370890299479166,153.39161512586804,83.38302031017486,45.36198009006561,63.0,1.0,auxiliary_external_image_dataset
GUJ_ANAND_2021_2022,wheat,Rabi,grain_filling_initial,grain_filling_initial,2022-02-23,2022-03-05,95,105,6,7,95,125,Anand,22.5645,72.9289,,2021,2022,3105.39,1,available,34.5,15.968867924528302,29.39339622641509,34.5,15.968867924528302,29.39339622641509,36.2,28,2404.2000000000003,2404.2000000000003,0.7632380952380953,0.2752334455707209,0.2619965993769051,0.346850856414554,0.0038301286758317,0.1753806865825445,0.1635082652685191,0.0023982371847664,0.5813133104564091,0.7082366536301825,0.0101558099324665,34.5,2404.2000000000003,0.0038301286758317,0.64207763671875,0.2100675723866411,0.538883518528294,155.23204857078758,96.45987870499894,40.98217857979439,185.0,1.0,auxiliary_external_image_dataset
GUJ_ANAND_2021_2022,wheat,Rabi,grain_filling,grain_filling,2022-03-05,2022-03-15,105,115,7,8,105,125,Anand,22.5645,72.9289,,2021,2022,3105.39,1,available,34.5,16.444827586206895,30.12586206896552,34.5,16.444827586206895,30.12586206896552,40.8,38,2701.0999999999995,2701.0999999999995,0.7829275362318839,0.2660996986611207,0.2611774976584539,0.346850856414554,0.0034658567459249,0.1710231764057576,0.1626831921067286,0.0021614694077985,0.6174992731203773,0.7044629541849324,0.009176064531731,34.5,2701.0999999999995,0.0034658567459249,0.0612841694294905,0.0121212011134459,0.035730185628939,174.61391897762522,91.87537351976924,38.60734619813807,238.0,1.0,auxiliary_external_image_dataset
GUJ_ANAND_2021_2022,wheat,Rabi,maturity_preharvest,maturity_preharvest,2022-03-15,2022-03-25,115,130,8,9,115,125,Anand,22.5645,72.9289,,2021,2022,3105.39,1,available,34.5,17.06031746031746,30.88730158730159,34.5,17.06031746031746,30.88730158730159,41.2,48,3020.7,3020.7,0.8055199999999999,0.2060903132697356,0.258727786907884,0.346850856414554,0.0031244490506047,0.1298256684510111,0.1611161570230705,0.0019473333806327,1.137358448172776,0.7173973598119563,0.0087631471831012,34.5,3020.7,0.0031244490506047,0.0008408979936079,2.9083789590208285e-07,8.322975852272727e-07,168.71288785067472,58.12083906693892,40.56065226468173,55.0,1.0,auxiliary_external_image_dataset
GUJ_ANAND_2022_2023,wheat,Rabi,sowing,sowing,2022-11-20,2022-11-30,0,10,0,1,0,125,Anand,22.5645,72.9289,,2022,2023,3068.06,1,available,0.0,16.736363636363635,31.19090909090909,0.0,16.736363636363635,31.19090909090909,32.0,1,263.6,263.6,0.8786666666666667,0.3345055733683688,0.340225731270152,0.3459458891719353,0.0669011146736737,0.2218966016814504,0.2217340721976665,0.04437932033629,0.8805222400859335,0.8573807094842352,0.1761044480171867,0.0,263.6,0.0669011146736737,,,,,,,,,
GUJ_ANAND_2022_2023,wheat,Rabi,early_vegetative,early_vegetative,2022-11-30,2022-12-10,10,20,1,2,10,125,Anand,22.5645,72.9289,,2022,2023,3068.06,1,available,0.0,17.00476190476191,31.104761904761908,0.0,17.00476190476191,31.104761904761908,32.0,2,505.15,505.15,0.8419166666666668,0.3497257616511586,0.339259058445436,0.3497257616511586,0.0291057268214629,0.2367369142963981,0.2207668277673876,0.019111883561804,0.973801853912446,0.8732135259751735,0.0772929923408975,0.0,505.15,0.0291057268214629,0.880794324372944,0.3849419227053033,0.837755705180921,137.38434640984786,174.4864686664782,48.70969892802992,19.0,1.0,auxiliary_external_image_dataset
GUJ_ANAND_2022_2023,wheat,Rabi,tillering,tillering,2022-12-10,2022-12-30,20,40,2,3,20,125,Anand,22.5645,72.9289,,2022,2023,3068.06,1,available,0.8,17.297560975609755,30.94390243902439,0.8,17.297560975609755,30.94390243902439,33.5,9,988.95,988.95,0.824125,0.3254259259416177,0.3329651071230729,0.3497257616511586,0.0132362532511381,0.2134209367418443,0.211987411054963,0.0084087459289496,0.9775064796888756,0.8744403972327803,0.0356988739965931,0.8,988.95,0.0132362532511381,,,,,,,,,
GUJ_ANAND_2022_2023,wheat,Rabi,stem_elongation,stem_elongation,2022-12-30,2023-01-19,40,60,3,4,40,125,Anand,22.5645,72.9289,,2022,2023,3068.06,1,available,0.8,16.222950819672132,29.93934426229508,0.8,16.222950819672132,29.93934426229508,33.5,9,1407.9499999999998,1407.9499999999998,0.7821944444444443,0.3058804861359221,0.3176399674080896,0.3497257616511586,0.0079500908502628,0.2036422164565018,0.2014152100912011,0.0050251914555154,0.9749970482502848,0.9434745823682944,0.0261925778734074,0.8,1407.9499999999998,0.0079500908502628,,,,,,,,,
GUJ_ANAND_2022_2023,wheat,Rabi,booting_heading,booting_heading,2023-01-19,2023-02-08,60,80,4,5,60,125,Anand,22.5645,72.9289,,2022,2023,3068.06,1,available,2.4000000000000004,15.896296296296295,29.862962962962964,2.4000000000000004,15.896296296296295,29.862962962962964,33.5,11,1853.25,1853.25,0.7721874999999999,0.2984671284867262,0.3115779732871663,0.3497257616511586,0.0058029979255268,0.1913746019981612,0.1975127551808074,0.0036714882384549,0.7614548644802701,0.9044968133136484,0.0175371991002502,2.4000000000000004,1853.25,0.0058029979255268,,,,,,,,,
GUJ_ANAND_2022_2023,wheat,Rabi,flowering,flowering,2023-02-08,2023-02-23,80,95,5,6,80,125,Anand,22.5645,72.9289,,2022,2023,3068.06,1,available,2.4000000000000004,16.1125,30.707291666666663,2.4000000000000004,16.1125,30.707291666666663,37.5,26,2247.3499999999995,2247.3499999999995,0.7885438596491227,0.2427123722546061,0.3052559836450728,0.3497257616511586,0.004721577616074,0.1689585746410065,0.1949570469324207,0.0030346533344251,1.814713216823982,0.9472912035999252,0.0160823163149422,2.4000000000000004,2247.3499999999995,0.004721577616074,0.667205568343874,0.207148998863766,0.5370890299479166,153.39161512586804,83.38302031017486,45.36198009006561,63.0,1.0,auxiliary_external_image_dataset
GUJ_ANAND_2022_2023,wheat,Rabi,grain_filling_initial,grain_filling_initial,2023-02-23,2023-03-05,95,105,6,7,95,125,Anand,22.5645,72.9289,,2022,2023,3068.06,1,available,2.4000000000000004,16.417924528301885,31.316037735849054,2.4000000000000004,16.417924528301885,31.316037735849054,39.2,36,2529.9,2529.9,0.803142857142857,0.2961635346343857,0.3037191468351553,0.3497257616511586,0.0042558696158529,0.1750493721973556,0.1936237890026801,0.0027213844357613,0.5993190498758026,0.9166913206851476,0.0135174255780308,2.4000000000000004,2529.9,0.0042558696158529,0.64207763671875,0.2100675723866411,0.538883518528294,155.23204857078758,96.45987870499894,40.98217857979439,185.0,1.0,auxiliary_external_image_dataset
GUJ_ANAND_2022_2023,wheat,Rabi,grain_filling,grain_filling,2023-03-05,2023-03-15,105,115,7,8,105,125,Anand,22.5645,72.9289,,2022,2023,3068.06,1,available,2.4000000000000004,16.875,31.787931034482764,2.4000000000000004,16.875,31.787931034482764,39.2,46,2822.45,2822.45,0.8181014492753622,0.236950654858086,0.2998807704877433,0.3497257616511586,0.0038055835590843,0.1426675809526457,0.1906355576846966,0.0024180984266484,0.3265550027479922,0.8828695089085474,0.0114079953848837,2.4000000000000004,2822.45,0.0038055835590843,0.0612841694294905,0.0121212011134459,0.035730185628939,174.61391897762522,91.87537351976924,38.60734619813807,238.0,1.0,auxiliary_external_image_dataset
GUJ_ANAND_2022_2023,wheat,Rabi,maturity_preharvest,maturity_preharvest,2023-03-15,2023-03-25,115,130,8,9,115,125,Anand,22.5645,72.9289,,2022,2023,3068.06,1,available,7.999999999999999,17.246825396825393,31.95396825396825,7.999999999999999,17.246825396825393,31.95396825396825,39.2,56,3099.6500000000005,3099.6500000000005,0.8265733333333335,0.2669307820315886,0.297127900595729,0.3497257616511586,0.003456714043681,0.1529348566200091,0.1878801200806367,0.0021722943483035,0.5419137566063589,0.8659568877550405,0.010118198629849,7.999999999999999,3099.6500000000005,0.003456714043681,0.0008408979936079,2.9083789590208285e-07,8.322975852272727e-07,168.71288785067472,58.12083906693892,40.56065226468173,55.0,1.0,auxiliary_external_image_dataset
GUJ_ANAND_2023_2024,wheat,Rabi,sowing,sowing,2023-11-20,2023-11-30,0,10,0,1,0,126,Anand,22.5645,72.9289,,2023,2024,3056.23,1,available,24.6,19.43636363636364,30.318181818181813,24.6,19.43636363636364,30.318181818181813,33.8,5,273.65,273.65,0.9121666666666666,0.2398713363734738,0.2864380813342277,0.3330048262949816,0.0479742672746947,0.1375799269652812,0.1812020356958261,0.0275159853930562,1.018788170100141,0.9745478591116918,0.2037576340200282,24.6,273.65,0.0479742672746947,,,,,,,,,
GUJ_ANAND_2023_2024,wheat,Rabi,early_vegetative,early_vegetative,2023-11-30,2023-12-10,10,20,1,2,10,126,Anand,22.5645,72.9289,,2023,2024,3056.23,1,available,29.7,19.22380952380952,29.185714285714283,29.7,19.22380952380952,29.185714285714283,33.8,5,508.3,508.3,0.8471666666666667,0.3401593342916799,0.21760561583347,0.3401593342916799,0.0167874753142286,0.2097238260853478,0.1281838773615294,0.0092566661308508,0.99922620911055,0.7530260534375589,0.0592004481466342,29.7,508.3,0.0167874753142286,0.880794324372944,0.3849419227053033,0.837755705180921,137.38434640984786,174.4864686664782,48.70969892802992,19.0,1.0,auxiliary_external_image_dataset
GUJ_ANAND_2023_2024,wheat,Rabi,tillering,tillering,2023-12-10,2023-12-30,20,40,2,3,20,126,Anand,22.5645,72.9289,,2023,2024,3056.23,1,available,29.7,18.119512195121956,29.153658536585365,29.7,18.119512195121956,29.153658536585365,33.8,5,969.1,969.1,0.8075833333333333,0.3106413930430471,0.2663334664958218,0.3454601398872016,0.0116556025700759,0.1955620455061983,0.1678757092374987,0.0074434124910974,0.9835882500096854,1.0337396825572074,0.045130611019488,29.7,969.1,0.0116556025700759,,,,,,,,,
GUJ_ANAND_2023_2024,wheat,Rabi,stem_elongation,stem_elongation,2023-12-30,2024-01-19,40,60,3,4,40,126,Anand,22.5645,72.9289,,2023,2024,3056.23,1,available,30.5,17.23606557377049,28.662295081967216,30.5,17.23606557377049,28.662295081967216,33.8,5,1399.9,1399.9,0.7777222222222221,0.31741489302893,0.2452178128688726,0.3454601398872016,0.0064979873504781,0.2014431558336628,0.1528721118623077,0.0040573556362566,0.8404987936906191,0.9837252674871232,0.0260750158014421,30.5,1399.9,0.0064979873504781,,,,,,,,,
GUJ_ANAND_2023_2024,wheat,Rabi,booting_heading,booting_heading,2024-01-19,2024-02-08,60,80,4,5,60,126,Anand,22.5645,72.9289,,2023,2024,3056.23,1,available,30.5,16.77777777777778,28.796296296296298,30.5,16.77777777777778,28.796296296296298,33.9,7,1845.75,1845.75,0.7690625,0.2685204520415137,0.2552393296748334,0.3454601398872016,0.0051264737586324,0.1528449824603581,0.1593272792732645,0.0031970885215646,0.6627850006372212,0.9379443341675888,0.0175511636569274,30.5,1845.75,0.0051264737586324,,,,,,,,,
GUJ_ANAND_2023_2024,wheat,Rabi,flowering,flowering,2024-02-08,2024-02-23,80,95,5,6,80,126,Anand,22.5645,72.9289,,2023,2024,3056.23,1,available,30.700000000000003,17.008333333333333,29.27916666666667,30.700000000000003,17.008333333333333,29.27916666666667,35.6,13,2221.8,2221.8,0.7795789473684211,0.2399280430395353,0.2559820002621247,0.3454601398872016,0.004268156684791,0.1473849522961059,0.1591046499746891,0.0026409442808637,0.8414202579070307,0.9007167013304727,0.0137305337432703,30.700000000000003,2221.8,0.004268156684791,0.667205568343874,0.207148998863766,0.5370890299479166,153.39161512586804,83.38302031017486,45.36198009006561,63.0,1.0,auxiliary_external_image_dataset
GUJ_ANAND_2023_2024,wheat,Rabi,grain_filling_initial,grain_filling_initial,2024-02-23,2024-03-04,95,105,6,7,95,126,Anand,22.5645,72.9289,,2023,2024,3056.23,1,available,32.8,17.146226415094343,29.601886792452827,32.8,17.146226415094343,29.601886792452827,37.5,18,2477.65,2477.65,0.7865555555555556,0.1896745174838818,0.2497924562735574,0.3454601398872016,0.0036554059036326,0.117788309420685,0.1552891459468647,0.0022641209995167,1.1010961674253503,0.9766154195521284,0.0146620486209901,32.8,2477.65,0.0036554059036326,0.64207763671875,0.2100675723866411,0.538883518528294,155.23204857078758,96.45987870499894,40.98217857979439,185.0,1.0,auxiliary_external_image_dataset
GUJ_ANAND_2023_2024,wheat,Rabi,grain_filling,grain_filling,2024-03-04,2024-03-14,105,115,7,8,105,126,Anand,22.5645,72.9289,,2023,2024,3056.23,1,available,32.8,17.235344827586207,29.957758620689653,32.8,17.235344827586207,29.957758620689653,37.5,27,2737.2000000000003,2737.2000000000003,0.7933913043478261,0.2620498347048011,0.2511066809395441,0.3454601398872016,0.0033645943730694,0.1594361223120572,0.1556371490993521,0.0020732438533753,0.6268633490457051,0.9413167798755634,0.0123844988520507,32.8,2737.2000000000003,0.0033645943730694,0.0612841694294905,0.0121212011134459,0.035730185628939,174.61391897762522,91.87537351976924,38.60734619813807,238.0,1.0,auxiliary_external_image_dataset
GUJ_ANAND_2023_2024,wheat,Rabi,maturity_preharvest,maturity_preharvest,2024-03-14,2024-03-25,115,130,8,9,115,126,Anand,22.5645,72.9289,,2023,2024,3056.23,1,available,32.8,17.575590551181104,30.60708661417323,32.8,17.575590551181104,30.60708661417323,39.0,38,3059.599999999999,3059.599999999999,0.8094179894179891,0.2616000952423695,0.2519861668027566,0.3454601398872016,0.0031086281640327,0.1712066669723525,0.1564569729147626,0.0019241516872326,0.6453532821655246,0.9141244235996808,0.0107471912659376,32.8,3059.599999999999,0.0031086281640327,0.0008408979936079,2.9083789590208285e-07,8.322975852272727e-07,168.71288785067472,58.12083906693892,40.56065226468173,55.0,1.0,auxiliary_external_image_dataset
GUJ_ARVALLI_2020_2021,wheat,Rabi,sowing,sowing,2020-11-20,2020-11-30,0,10,0,1,0,125,Arvalli,,,,2020,2021,2566.98,1,available,0.0,17.790909090909093,30.4,0.0,17.790909090909093,30.4,32.3,1,265.05,265.05,0.8835000000000001,0.4356811667425299,0.443186849627069,0.4506925325116081,0.087136233348506,0.3034180303379269,0.3057799573258835,0.0606836060675853,0.895410173360534,0.8540307328624807,0.1790820346721068,0.0,265.05,0.087136233348506,,,,,,,,,
GUJ_ARVALLI_2020_2021,wheat,Rabi,early_vegetative,early_vegetative,2020-11-30,2020-12-10,10,20,1,2,10,125,Arvalli,,,,2020,2021,2566.98,1,available,7.1,17.771428571428572,31.3,7.1,17.771428571428572,31.3,32.6,10,515.25,515.25,0.85875,0.41538315555875,0.435352894859196,0.4506925325116081,0.0365877154666653,0.2836734869010201,0.2986107510095851,0.0250408242287442,0.8769272486198507,0.8379498849384915,0.0722830510005484,7.1,515.25,0.0365877154666653,0.880794324372944,0.3849419227053033,0.837755705180921,137.38434640984786,174.4864686664782,48.70969892802992,19.0,1.0,auxiliary_external_image_dataset
GUJ_ARVALLI_2020_2021,wheat,Rabi,tillering,tillering,2020-12-10,2020-12-30,20,40,2,3,20,125,Arvalli,,,,2020,2021,2566.98,1,available,25.8,16.224390243902437,28.873170731707315,25.8,16.224390243902437,28.873170731707315,32.6,10,924.5,924.5,0.7704166666666666,0.4647222626507922,0.4287630477818085,0.4647222626507922,0.0172165579050529,0.3387686252233219,0.2957116421162515,0.0119567951344981,0.9239037039824464,0.993871755505457,0.0414368446340038,25.8,924.5,0.0172165579050529,,,,,,,,,
GUJ_ARVALLI_2020_2021,wheat,Rabi,stem_elongation,stem_elongation,2020-12-30,2021-01-19,40,60,3,4,40,125,Arvalli,,,,2020,2021,2566.98,1,available,29.200000000000003,15.81311475409836,28.327868852459016,29.200000000000003,15.81311475409836,28.327868852459016,32.6,10,1346.3,1346.3,0.7479444444444444,0.508762113026918,0.389090136278764,0.508762113026918,0.0097812100134548,0.3552559621317344,0.2665033223442429,0.006704801226541,1.1053017729614094,0.953615200307217,0.0251417291897194,29.200000000000003,1346.3,0.0097812100134548,,,,,,,,,
GUJ_ARVALLI_2020_2021,wheat,Rabi,booting_heading,booting_heading,2021-01-19,2021-02-08,60,80,4,5,60,125,Arvalli,,,,2020,2021,2566.98,1,available,29.200000000000003,15.101234567901232,27.94197530864198,29.200000000000003,15.101234567901232,27.94197530864198,32.6,10,1743.25,1743.25,0.7263541666666666,0.4788659607305104,0.4148723611274983,0.5165959536180238,0.0082688156215586,0.3493663296805939,0.2892219696464305,0.0058414810081957,1.060362059482265,0.9802713817528572,0.0194852325343125,29.200000000000003,1743.25,0.0082688156215586,,,,,,,,,
GUJ_ARVALLI_2020_2021,wheat,Rabi,flowering,flowering,2021-02-08,2021-02-23,80,95,5,6,80,125,Arvalli,,,,2020,2021,2566.98,1,available,29.3,15.210416666666667,28.42395833333333,29.3,15.210416666666667,28.42395833333333,33.2,12,2094.45,2094.45,0.7348947368421052,0.4257570100126897,0.4200642373065369,0.5165959536180238,0.0070228121684505,0.2895598234982552,0.2927541828962481,0.0049372974036712,0.8194468739702929,0.9680526417514778,0.0158134876870147,29.3,2094.45,0.0070228121684505,0.667205568343874,0.207148998863766,0.5370890299479166,153.39161512586804,83.38302031017486,45.36198009006561,63.0,1.0,auxiliary_external_image_dataset
GUJ_ARVALLI_2020_2021,wheat,Rabi,grain_filling_initial,grain_filling_initial,2021-02-23,2021-03-05,95,105,6,7,95,125,Arvalli,,,,2020,2021,2566.98,1,available,29.3,15.4811320754717,29.01509433962264,29.3,15.4811320754717,29.01509433962264,36.8,22,2358.3,2358.3,0.7486666666666667,0.3592584588355418,0.4149262732876767,0.5165959536180238,0.0061552060034334,0.2494191514498143,0.2883790054308154,0.0042991068581541,0.6608036479009558,0.94353333778203,0.0135482111087259,29.3,2358.3,0.0061552060034334,0.64207763671875,0.2100675723866411,0.538883518528294,155.23204857078758,96.45987870499894,40.98217857979439,185.0,1.0,auxiliary_external_image_dataset
GUJ_ARVALLI_2020_2021,wheat,Rabi,grain_filling,grain_filling,2021-03-05,2021-03-15,105,115,7,8,105,125,Arvalli,,,,2020,2021,2566.98,1,available,29.3,15.906034482758622,29.62327586206896,29.3,15.906034482758622,29.62327586206896,37.0,32,2640.7,2640.7,0.7654202898550724,0.3176102969150725,0.4065529510414332,0.5165959536180238,0.0053769383546419,0.2129544922211497,0.2818350880439587,0.0037341946791555,0.563215656724739,0.9132640363669232,0.0115935901275515,29.3,2640.7,0.0053769383546419,0.0612841694294905,0.0121212011134459,0.035730185628939,174.61391897762522,91.87537351976924,38.60734619813807,238.0,1.0,auxiliary_external_image_dataset
GUJ_ARVALLI_2020_2021,wheat,Rabi,maturity_preharvest,maturity_preharvest,2021-03-15,2021-03-25,115,130,8,9,115,125,Arvalli,,,,2020,2021,2566.98,1,available,29.3,16.388095238095236,30.21031746031745,29.3,16.388095238095236,30.21031746031745,37.8,42,2935.7,2935.7,0.7828533333333333,0.2974483308863636,0.3973288537993134,0.5165959536180238,0.0047233646303634,0.1909604245053846,0.274536358261665,0.003257753015783,0.5419180722579922,0.8878219033215763,0.0101188248944634,29.3,2935.7,0.0047233646303634,0.0008408979936079,2.9083789590208285e-07,8.322975852272727e-07,168.71288785067472,58.12083906693892,40.56065226468173,55.0,1.0,auxiliary_external_image_dataset
GUJ_ARVALLI_2021_2022,wheat,Rabi,sowing,sowing,2021-11-20,2021-11-30,0,10,0,1,0,125,Arvalli,,,,2021,2022,2962.24,1,available,0.0,19.272727272727277,31.8,0.0,19.272727272727277,31.8,32.8,7,280.9,280.9,0.9363333333333332,0.4650473280270423,0.4767239303724642,0.4884005327178862,0.0930094656054084,0.3123902101683183,0.3174517136695991,0.0624780420336636,0.9848539968597952,1.033724897852299,0.196970799371959,0.0,280.9,0.0930094656054084,,,,,,,,,
GUJ_ARVALLI_2021_2022,wheat,Rabi,early_vegetative,early_vegetative,2021-11-30,2021-12-10,10,20,1,2,10,125,Arvalli,,,,2021,2022,2962.24,1,available,9.7,18.5,29.166666666666668,9.7,18.5,29.166666666666668,32.8,7,500.50000000000006,500.50000000000006,0.8341666666666667,0.4280446149990669,0.3778927698620256,0.4884005327178862,0.0287048340061779,0.281772296922289,0.2454902813490401,0.018403970045779,1.0710167773034014,0.8087723230873728,0.062730710963614,9.7,500.50000000000006,0.0287048340061779,0.880794324372944,0.3849419227053033,0.837755705180921,137.38434640984786,174.4864686664782,48.70969892802992,19.0,1.0,auxiliary_external_image_dataset
GUJ_ARVALLI_2021_2022,wheat,Rabi,tillering,tillering,2021-12-10,2021-12-30,20,40,2,3,20,125,Arvalli,,,,2021,2022,2962.24,1,available,18.8,16.346341463414635,27.797560975609752,18.8,16.346341463414635,27.797560975609752,32.8,7,904.95,904.95,0.754125,0.4686777971772589,0.4042435196346642,0.4984845727046155,0.0191598083065269,0.3210736404387313,0.2691789557373874,0.01291347419373,0.9844737966456728,1.1376529604770835,0.0572760614615868,18.8,904.95,0.0191598083065269,,,,,,,,,
GUJ_ARVALLI_2021_2022,wheat,Rabi,stem_elongation,stem_elongation,2021-12-30,2022-01-19,40,60,3,4,40,125,Arvalli,,,,2021,2022,2962.24,1,available,21.0,15.478688524590163,26.91639344262295,21.0,15.478688524590163,26.91639344262295,32.8,7,1293.05,1293.05,0.7183611111111111,0.4035340526723032,0.4108767592655092,0.4984845727046155,0.0108714958809221,0.2728532091558939,0.2766207938500706,0.0074118497440569,1.2606218529253224,1.1526729501698048,0.0307988398067178,21.0,1293.05,0.0108714958809221,,,,,,,,,
GUJ_ARVALLI_2021_2022,wheat,Rabi,booting_heading,booting_heading,2022-01-19,2022-02-08,60,80,4,5,60,125,Arvalli,,,,2021,2022,2962.24,1,available,21.9,14.669135802469135,26.75679012345679,21.9,14.669135802469135,26.75679012345679,32.8,7,1677.75,1677.75,0.6990625,0.4259208022698337,0.395148311583721,0.4984845727046155,0.0074439906942721,0.2910237883867406,0.2659011497550942,0.0050452987391141,0.7485647769886797,0.9757589068915518,0.0165985105633097,21.9,1677.75,0.0074439906942721,,,,,,,,,
GUJ_ARVALLI_2021_2022,wheat,Rabi,flowering,flowering,2022-02-08,2022-02-23,80,95,5,6,80,125,Arvalli,,,,2021,2022,2962.24,1,available,21.9,14.860416666666666,27.29375,21.9,14.860416666666666,27.29375,32.8,10,2023.4,2023.4,0.7099649122807018,0.3793775969870787,0.3963363217060482,0.4984845727046155,0.0062919469638751,0.2556171782671878,0.2669425232182965,0.0042608062044219,0.7290904924852035,0.9411694082681432,0.0133869159723133,21.9,2023.4,0.0062919469638751,0.667205568343874,0.207148998863766,0.5370890299479166,153.39161512586804,83.38302031017486,45.36198009006561,63.0,1.0,auxiliary_external_image_dataset
GUJ_ARVALLI_2021_2022,wheat,Rabi,grain_filling_initial,grain_filling_initial,2022-02-23,2022-03-05,95,105,6,7,95,125,Arvalli,,,,2021,2022,2962.24,1,available,21.9,15.179245283018869,27.850943396226413,21.9,15.179245283018869,27.850943396226413,34.0,20,2280.6000000000004,2280.6000000000004,0.7240000000000001,0.3413645357574696,0.3911912287001248,0.4984845727046155,0.0055479661925735,0.2290120894121828,0.2633692166630085,0.0037505335261427,0.6057181742300191,0.909525571526564,0.0115016470926229,21.9,2280.6000000000004,0.0055479661925735,0.64207763671875,0.2100675723866411,0.538883518528294,155.23204857078758,96.45987870499894,40.98217857979439,185.0,1.0,auxiliary_external_image_dataset
GUJ_ARVALLI_2021_2022,wheat,Rabi,grain_filling,grain_filling,2022-03-05,2022-03-15,105,115,7,8,105,125,Arvalli,,,,2021,2022,2962.24,1,available,21.9,15.63103448275862,28.59655172413793,21.9,15.63103448275862,28.59655172413793,39.8,30,2565.2,2565.2,0.7435362318840579,0.312430938727032,0.3770197215421429,0.4984845727046155,0.0047223325885421,0.2062539922643141,0.2529535391915016,0.0031690866784046,0.5488065091701019,0.8320601270396595,0.008819571671211,21.9,2565.2,0.0047223325885421,0.0612841694294905,0.0121212011134459,0.035730185628939,174.61391897762522,91.87537351976924,38.60734619813807,238.0,1.0,auxiliary_external_image_dataset
GUJ_ARVALLI_2021_2022,wheat,Rabi,maturity_preharvest,maturity_preharvest,2022-03-15,2022-03-25,115,130,8,9,115,125,Arvalli,,,,2021,2022,2962.24,1,available,21.9,16.273809523809526,29.411111111111108,21.9,16.273809523809526,29.411111111111108,40.5,40,2878.1500000000005,2878.1500000000005,0.7675066666666668,0.1741175460657301,0.3654962962512693,0.4984845727046155,0.004106591769113,0.1049349294792192,0.244512050245487,0.0027391502502826,-0.6229438219523135,0.7580781972622092,0.0066792155921048,21.9,2878.1500000000005,0.004106591769113,0.0008408979936079,2.9083789590208285e-07,8.322975852272727e-07,168.71288785067472,58.12083906693892,40.56065226468173,55.0,1.0,auxiliary_external_image_dataset
GUJ_ARVALLI_2022_2023,wheat,Rabi,sowing,sowing,2022-11-20,2022-11-30,0,10,0,1,0,125,Arvalli,,,,2022,2023,2882.34,1,available,0.0,16.563636363636363,30.227272727272727,0.0,16.563636363636363,30.227272727272727,30.9,0,257.35,257.35,0.8578333333333332,0.4211849931775935,0.4130264815647596,0.4211849931775935,0.0842369986355187,0.2929527723542399,0.2846405331895658,0.0585905544708479,0.9437561366734236,0.919712824278714,0.1887512273346847,0.0,257.35,0.0842369986355187,,,,,,,,,
GUJ_ARVALLI_2022_2023,wheat,Rabi,early_vegetative,early_vegetative,2022-11-30,2022-12-10,10,20,1,2,10,125,Arvalli,,,,2022,2023,2882.34,1,available,0.0,16.68095238095238,30.03809523809524,0.0,16.68095238095238,30.03809523809524,30.9,0,490.55,490.55,0.8175833333333332,0.4354449864590916,0.3949982031669752,0.4354449864590916,0.0337787096959064,0.3131543672635035,0.277215494825502,0.0240752709351928,0.873876317720587,0.540924284915121,0.035231077665716,0.0,490.55,0.0337787096959064,0.880794324372944,0.3849419227053033,0.837755705180921,137.38434640984786,174.4864686664782,48.70969892802992,19.0,1.0,auxiliary_external_image_dataset
GUJ_ARVALLI_2022_2023,wheat,Rabi,tillering,tillering,2022-12-10,2022-12-30,20,40,2,3,20,125,Arvalli,,,,2022,2023,2882.34,1,available,0.0,17.03658536585366,30.009756097560977,0.0,17.03658536585366,30.009756097560977,32.3,4,964.45,964.45,0.8037083333333332,0.4640459011360156,0.4139704310319966,0.4640459011360156,0.0171332159222999,0.3281966419634843,0.2851048742916152,0.0117949237603873,0.8742634461185976,0.7048985930261867,0.0309038991322397,0.0,964.45,0.0171332159222999,,,,,,,,,
GUJ_ARVALLI_2022_2023,wheat,Rabi,stem_elongation,stem_elongation,2022-12-30,2023-01-19,40,60,3,4,40,125,Arvalli,,,,2022,2023,2882.34,1,available,0.0,15.988524590163935,29.063934426229505,0.0,15.988524590163935,29.063934426229505,32.3,4,1374.1,1374.1,0.763388888888889,0.44503966446717,0.3887034367688753,0.4640459011360156,0.0097458339141255,0.3172095668396778,0.266108148465274,0.0066434742634657,0.9088683919343608,0.6597234490021036,0.0168479560725878,0.0,1374.1,0.0097458339141255,,,,,,,,,
GUJ_ARVALLI_2022_2023,wheat,Rabi,booting_heading,booting_heading,2023-01-19,2023-02-08,60,80,4,5,60,125,Arvalli,,,,2022,2023,2882.34,1,available,8.899999999999999,15.486419753086418,28.83456790123457,8.899999999999999,15.486419753086418,28.83456790123457,32.3,4,1795.0000000000002,1795.0000000000002,0.7479166666666668,0.4034883094298302,0.3963161912501235,0.4640459011360156,0.0076197509494648,0.2688541456460614,0.2708632656260097,0.0051873539870394,0.7516595849606317,0.6876169858294017,0.0135966108599183,8.899999999999999,1795.0000000000002,0.0076197509494648,,,,,,,,,
GUJ_ARVALLI_2022_2023,wheat,Rabi,flowering,flowering,2023-02-08,2023-02-23,80,95,5,6,80,125,Arvalli,,,,2022,2023,2882.34,1,available,8.899999999999999,15.634375,29.659375,8.899999999999999,15.634375,29.659375,36.8,17,2174.1,2174.1,0.7628421052631579,0.3542269667179414,0.3930953026823431,0.4640459011360156,0.0062941565819114,0.2428449334633012,0.2687695774228709,0.0042935179489373,0.6157687517128537,0.6869946573748711,0.0112907289674906,8.899999999999999,2174.1,0.0062941565819114,0.667205568343874,0.207148998863766,0.5370890299479166,153.39161512586804,83.38302031017486,45.36198009006561,63.0,1.0,auxiliary_external_image_dataset
GUJ_ARVALLI_2022_2023,wheat,Rabi,grain_filling_initial,grain_filling_initial,2023-02-23,2023-03-05,95,105,6,7,95,125,Arvalli,,,,2022,2023,2882.34,1,available,8.899999999999999,15.983962264150945,30.27358490566038,8.899999999999999,15.983962264150945,30.27358490566038,38.4,27,2451.65,2451.65,0.7783015873015874,0.3304099578517413,0.3875314274967578,0.4640459011360156,0.0055344896457831,0.2072424541686278,0.2641798918079937,0.003753613143376,0.4801047698030265,0.6728733177312436,0.0097569494212146,8.899999999999999,2451.65,0.0055344896457831,0.64207763671875,0.2100675723866411,0.538883518528294,155.23204857078758,96.45987870499894,40.98217857979439,185.0,1.0,auxiliary_external_image_dataset
GUJ_ARVALLI_2022_2023,wheat,Rabi,grain_filling,grain_filling,2023-03-05,2023-03-15,105,115,7,8,105,125,Arvalli,,,,2022,2023,2882.34,1,available,9.699999999999998,16.395689655172415,30.753448275862077,9.699999999999998,16.395689655172415,30.753448275862077,38.4,37,2734.65,2734.65,0.7926521739130433,0.2847312102052265,0.3798001230392746,0.4640459011360156,0.0048614891978441,0.1839212407678959,0.2580529296480305,0.0032771806366739,0.4371175097778447,0.6585764721354482,0.0085272539987431,9.699999999999998,2734.65,0.0048614891978441,0.0612841694294905,0.0121212011134459,0.035730185628939,174.61391897762522,91.87537351976924,38.60734619813807,238.0,1.0,auxiliary_external_image_dataset
GUJ_ARVALLI_2022_2023,wheat,Rabi,maturity_preharvest,maturity_preharvest,2023-03-15,2023-03-25,115,130,8,9,115,125,Arvalli,,,,2022,2023,2882.34,1,available,29.300000000000004,16.719841269841268,30.90238095238096,29.300000000000004,16.719841269841268,30.90238095238096,38.4,43,3000.2,3000.2,0.8000533333333333,0.2901611676158138,0.3731745164432585,0.4640459011360156,0.0043346122679104,0.1800154727715295,0.2522141753855118,0.0028929660863885,0.5132123382084941,0.6470382240990787,0.0075909339617011,29.300000000000004,3000.2,0.0043346122679104,0.0008408979936079,2.9083789590208285e-07,8.322975852272727e-07,168.71288785067472,58.12083906693892,40.56065226468173,55.0,1.0,auxiliary_external_image_dataset
GUJ_ARVALLI_2023_2024,wheat,Rabi,sowing,sowing,2023-11-20,2023-11-30,0,10,0,1,0,126,Arvalli,,,,2023,2024,2917.87,1,available,36.4,19.363636363636363,29.827272727272724,36.4,19.363636363636363,29.827272727272724,33.0,4,270.55,270.55,0.9018333333333334,0.3252290016321207,0.3720522847363628,0.4188755678406048,0.0650458003264241,0.1993372985272514,0.2426999887316716,0.0398674597054502,1.6023852559329943,1.2238562966928992,0.3204770511865988,36.4,270.55,0.0650458003264241,,,,,,,,,
GUJ_ARVALLI_2023_2024,wheat,Rabi,early_vegetative,early_vegetative,2023-11-30,2023-12-10,10,20,1,2,10,126,Arvalli,,,,2023,2024,2917.87,1,available,39.2,18.91904761904762,28.75238095238096,39.2,18.91904761904762,28.75238095238096,33.0,4,500.55,500.55,0.8342499999999999,0.3978510956973029,0.327671494132413,0.4188755678406048,0.026517755877761,0.2560985645940491,0.2127923959248726,0.0169567867941942,0.955271240185357,0.6853943436264827,0.0449340865479802,39.2,500.55,0.026517755877761,0.880794324372944,0.3849419227053033,0.837755705180921,137.38434640984786,174.4864686664782,48.70969892802992,19.0,1.0,auxiliary_external_image_dataset
GUJ_ARVALLI_2023_2024,wheat,Rabi,tillering,tillering,2023-12-10,2023-12-30,20,40,2,3,20,126,Arvalli,,,,2023,2024,2917.87,1,available,39.2,17.773170731707314,28.59756097560976,39.2,17.773170731707314,28.59756097560976,33.0,4,950.6,950.6,0.7921666666666666,0.3241901581465546,0.3706358598611397,0.4529313084528164,0.0154291045364212,0.2149743620249412,0.2479446482057505,0.0104131999201908,2.0293986317171644,0.98427006996826,0.0467604394256262,39.2,950.6,0.0154291045364212,,,,,,,,,
GUJ_ARVALLI_2023_2024,wheat,Rabi,stem_elongation,stem_elongation,2023-12-30,2024-01-19,40,60,3,4,40,126,Arvalli,,,,2023,2024,2917.87,1,available,39.4,16.852459016393443,28.114754098360656,39.4,16.852459016393443,28.114754098360656,33.0,4,1371.5,1371.5,0.7619444444444444,0.4519212673986186,0.350261040615256,0.4642014834474155,0.009244550900343,0.3100235445217977,0.2341359364271377,0.0062176449254044,0.8925120731320098,0.9037317322062948,0.02455251918568,39.4,1371.5,0.009244550900343,,,,,,,,,
GUJ_ARVALLI_2023_2024,wheat,Rabi,booting_heading,booting_heading,2024-01-19,2024-02-08,60,80,4,5,60,126,Arvalli,,,,2023,2024,2917.87,1,available,39.4,16.392592592592596,28.18641975308642,39.4,16.392592592592596,28.18641975308642,33.0,5,1805.45,1805.45,0.7522708333333332,0.2241114938164896,0.3546379558936989,0.4642014834474155,0.0069254307231169,0.1260333401963547,0.2375843025043482,0.0046504031315983,0.7903649853611241,0.9168087414909044,0.0182707372256367,39.4,1805.45,0.0069254307231169,,,,,,,,,
GUJ_ARVALLI_2023_2024,wheat,Rabi,flowering,flowering,2024-02-08,2024-02-23,80,95,5,6,80,126,Arvalli,,,,2023,2024,2917.87,1,available,39.5,16.644791666666666,28.59895833333333,39.5,16.644791666666666,28.59895833333333,34.1,10,2171.7,2171.7,0.7619999999999999,0.3209663115934887,0.3562395841294237,0.4642014834474155,0.0058292450162206,0.2147818413323634,0.2384382718917423,0.0039041722560855,0.6393005782206541,0.8862344075574179,0.0142182795127861,39.5,2171.7,0.0058292450162206,0.667205568343874,0.207148998863766,0.5370890299479166,153.39161512586804,83.38302031017486,45.36198009006561,63.0,1.0,auxiliary_external_image_dataset
GUJ_ARVALLI_2023_2024,wheat,Rabi,grain_filling_initial,grain_filling_initial,2024-02-23,2024-03-04,95,105,6,7,95,126,Arvalli,,,,2023,2024,2917.87,1,available,49.8,16.767924528301887,28.88490566037736,49.8,16.767924528301887,28.88490566037736,36.4,15,2419.5999999999995,2419.5999999999995,0.768126984126984,0.2802486393841475,0.3524400368921599,0.4642014834474155,0.0053467007958333,0.1749609368712317,0.2352644051407168,0.0035606787706533,0.9005538532708467,0.8869503798430893,0.0133872327244119,49.8,2419.5999999999995,0.0053467007958333,0.64207763671875,0.2100675723866411,0.538883518528294,155.23204857078758,96.45987870499894,40.98217857979439,185.0,1.0,auxiliary_external_image_dataset
GUJ_ARVALLI_2023_2024,wheat,Rabi,grain_filling,grain_filling,2024-03-04,2024-03-14,105,115,7,8,105,126,Arvalli,,,,2023,2024,2917.87,1,available,49.8,16.845689655172414,29.187068965517245,49.8,16.845689655172414,29.187068965517245,36.4,20,2669.9,2669.9,0.7738840579710143,0.3224245856318899,0.3502418804432965,0.4642014834474155,0.0047282305963574,0.2089339995023586,0.2332218556674423,0.0031342513882706,0.5972503680005204,0.8595361321665762,0.0112479102168088,49.8,2669.9,0.0047282305963574,0.0612841694294905,0.0121212011134459,0.035730185628939,174.61391897762522,91.87537351976924,38.60734619813807,238.0,1.0,auxiliary_external_image_dataset
GUJ_ARVALLI_2023_2024,wheat,Rabi,maturity_preharvest,maturity_preharvest,2024-03-14,2024-03-25,115,130,8,9,115,126,Arvalli,,,,2023,2024,2917.87,1,available,49.8,17.15748031496063,29.804724409448824,49.8,17.15748031496063,29.804724409448824,38.3,31,2982.1000000000004,2982.1000000000004,0.788915343915344,0.3170631631146918,0.3473980845039058,0.4642014834474155,0.0042318631259933,0.2171200925619983,0.231432971928278,0.0028100003509959,0.595004258295466,0.8354556435784595,0.0096923487578729,49.8,2982.1000000000004,0.0042318631259933,0.0008408979936079,2.9083789590208285e-07,8.322975852272727e-07,168.71288785067472,58.12083906693892,40.56065226468173,55.0,1.0,auxiliary_external_image_dataset
GUJ_BANASKANTHA_2020_2021,wheat,Rabi,sowing,sowing,2020-11-20,2020-11-30,0,10,0,1,0,125,Banaskantha,24.1747,72.4331,,2020,2021,3097.09,1,available,0.0,16.200000000000003,29.045454545454547,0.0,16.200000000000003,29.045454545454547,31.4,0,248.85,248.85,0.8295,0.1808054634070551,0.1761985148948301,0.1808054634070551,0.036161092681411,0.1114420790748696,0.1042941885822984,0.0222884158149739,0.5569147723033254,0.4925530480844924,0.111382954460665,0.0,248.85,0.036161092681411,,,,,,,,,
GUJ_BANASKANTHA_2020_2021,wheat,Rabi,early_vegetative,early_vegetative,2020-11-30,2020-12-10,10,20,1,2,10,125,Banaskantha,24.1747,72.4331,,2020,2021,3097.09,1,available,0.0,16.933333333333334,30.37619047619048,0.0,16.933333333333334,30.37619047619048,32.3,4,496.75,496.75,0.8279166666666666,0.1710482056220303,0.1733246853276165,0.1808054634070551,0.0147665298867242,0.0934081346348649,0.0984104626513469,0.008213673722733,0.6093881983336602,0.5009988090353545,0.0457725892940264,0.0,496.75,0.0147665298867242,0.880794324372944,0.3849419227053033,0.837755705180921,137.38434640984786,174.4864686664782,48.70969892802992,19.0,1.0,auxiliary_external_image_dataset
GUJ_BANASKANTHA_2020_2021,wheat,Rabi,tillering,tillering,2020-12-10,2020-12-30,20,40,2,3,20,125,Banaskantha,24.1747,72.4331,,2020,2021,3097.09,1,available,0.4,15.51219512195122,28.304878048780488,0.4,15.51219512195122,28.304878048780488,32.3,4,898.25,898.25,0.7485416666666667,0.1649183612903937,0.1692276028485994,0.1808054634070551,0.0066764771129445,0.1174508838395714,0.0985739349610004,0.0039986481576681,0.494030027321255,0.4948651869213882,0.0199058559030335,0.4,898.25,0.0066764771129445,,,,,,,,,
GUJ_BANASKANTHA_2020_2021,wheat,Rabi,stem_elongation,stem_elongation,2020-12-30,2021-01-19,40,60,3,4,40,125,Banaskantha,24.1747,72.4331,,2020,2021,3097.09,1,available,0.4,14.81475409836066,27.98852459016393,0.4,14.81475409836066,27.98852459016393,32.3,4,1305.5,1305.5,0.7252777777777778,0.1546306328812374,0.1616435309784361,0.1808054634070551,0.0040583886553297,0.082444106128111,0.0924242295427092,0.0023159298345168,0.4598926903141273,0.4803773480170283,0.0122818721670986,0.4,1305.5,0.0040583886553297,,,,,,,,,
GUJ_BANASKANTHA_2020_2021,wheat,Rabi,booting_heading,booting_heading,2021-01-19,2021-02-08,60,80,4,5,60,125,Banaskantha,24.1747,72.4331,,2020,2021,3097.09,1,available,0.4,14.46172839506173,28.00617283950617,0.4,14.46172839506173,28.00617283950617,32.3,4,1719.95,1719.95,0.7166458333333333,0.1605842678170907,0.1599181898508888,0.1808054634070551,0.0030063572507433,0.1033588254734754,0.0928378150691276,0.0017677757962777,0.4128489689334118,0.4623817413148591,0.0085712997189016,0.4,1719.95,0.0030063572507433,,,,,,,,,
GUJ_BANASKANTHA_2020_2021,wheat,Rabi,flowering,flowering,2021-02-08,2021-02-23,80,95,5,6,80,125,Banaskantha,24.1747,72.4331,,2020,2021,3097.09,1,available,0.4,14.8,28.61041666666667,0.4,14.8,28.61041666666667,33.7,11,2083.7,2083.7,0.7311228070175438,0.149497917365505,0.1585400138883808,0.1808054634070551,0.0025692832684702,0.0833020233307622,0.0916779653010339,0.0014943425411297,0.3615179911431058,0.4557031213492233,0.0072510413106911,0.4,2083.7,0.0025692832684702,0.667205568343874,0.207148998863766,0.5370890299479166,153.39161512586804,83.38302031017486,45.36198009006561,63.0,1.0,auxiliary_external_image_dataset
GUJ_BANASKANTHA_2020_2021,wheat,Rabi,grain_filling_initial,grain_filling_initial,2021-02-23,2021-03-05,95,105,6,7,95,125,Banaskantha,24.1747,72.4331,,2020,2021,3097.09,1,available,0.4,15.181132075471698,29.15943396226416,0.4,15.181132075471698,29.15943396226416,36.8,21,2350.05,2350.05,0.7460476190476191,0.1487109598733174,0.1570561906881358,0.1808054634070551,0.0022504811135359,0.0913766807994438,0.0907126178257936,0.001304773601011,0.344366479273747,0.4422031001027545,0.006098850402482,0.4,2350.05,0.0022504811135359,0.64207763671875,0.2100675723866411,0.538883518528294,155.23204857078758,96.45987870499894,40.98217857979439,185.0,1.0,auxiliary_external_image_dataset
GUJ_BANASKANTHA_2020_2021,wheat,Rabi,grain_filling,grain_filling,2021-03-05,2021-03-15,105,115,7,8,105,125,Banaskantha,24.1747,72.4331,,2020,2021,3097.09,1,available,0.4,15.643965517241378,29.725,0.4,15.643965517241378,29.725,36.8,31,2631.4,2631.4,0.7627246376811595,0.1364391444128182,0.1552628921566251,0.1808054634070551,0.0019959357663561,0.0737250585466062,0.0890740298107553,0.0011404361858997,0.3172267785258298,0.4320408223432274,0.0053069657766815,0.4,2631.4,0.0019959357663561,0.0612841694294905,0.0121212011134459,0.035730185628939,174.61391897762522,91.87537351976924,38.60734619813807,238.0,1.0,auxiliary_external_image_dataset
GUJ_BANASKANTHA_2020_2021,wheat,Rabi,maturity_preharvest,maturity_preharvest,2021-03-15,2021-03-25,115,130,8,9,115,125,Banaskantha,24.1747,72.4331,,2020,2021,3097.09,1,available,0.4,16.165873015873018,30.28333333333333,0.4,16.165873015873018,30.28333333333333,37.2,41,2926.3000000000006,2926.3000000000006,0.7803466666666669,0.1264469142053034,0.1540100235500459,0.1808054634070551,0.0018640490559708,0.0574496318411592,0.0876990559859903,0.0010478157702884,0.2897509657779634,0.4258543068403898,0.0049021036499174,0.4,2926.3000000000006,0.0018640490559708,0.0008408979936079,2.9083789590208285e-07,8.322975852272727e-07,168.71288785067472,58.12083906693892,40.56065226468173,55.0,1.0,auxiliary_external_image_dataset
GUJ_BANASKANTHA_2021_2022,wheat,Rabi,sowing,sowing,2021-11-20,2021-11-30,0,10,0,1,0,125,Banaskantha,24.1747,72.4331,,2021,2022,3104.38,1,available,0.9,17.454545454545457,28.954545454545453,0.9,17.454545454545457,28.954545454545453,30.5,0,255.25,255.25,0.8508333333333333,0.1603153678763292,0.1705081601729572,0.1807009524695852,0.0320630735752658,0.0867843388563689,0.0963289305715779,0.0173568677712737,0.5134570576601163,0.5446228968130583,0.1026914115320232,0.9,255.25,0.0320630735752658,,,,,,,,,
GUJ_BANASKANTHA_2021_2022,wheat,Rabi,early_vegetative,early_vegetative,2021-11-30,2021-12-10,10,20,1,2,10,125,Banaskantha,24.1747,72.4331,,2021,2022,3104.38,1,available,0.9,17.166666666666668,27.280952380952375,0.9,17.166666666666668,27.280952380952375,30.5,0,466.7,466.7,0.7778333333333333,0.1626151867617205,0.1367135842609807,0.1807009524695852,0.010494379829058,0.0866015519338363,0.0695264859485209,0.0049183150870294,0.6876825780940153,0.3461447459294701,0.0255972287991094,0.9,466.7,0.010494379829058,0.880794324372944,0.3849419227053033,0.837755705180921,137.38434640984786,174.4864686664782,48.70969892802992,19.0,1.0,auxiliary_external_image_dataset
GUJ_BANASKANTHA_2021_2022,wheat,Rabi,tillering,tillering,2021-12-10,2021-12-30,20,40,2,3,20,125,Banaskantha,24.1747,72.4331,,2021,2022,3104.38,1,available,16.5,14.965853658536586,25.826829268292684,16.5,14.965853658536586,25.826829268292684,30.5,0,836.25,836.25,0.696875,0.1613066191483207,0.1483418219936936,0.1814486071811885,0.0070435650574936,0.0843318367035729,0.0799727963950707,0.0038430106712763,0.4878872496298629,0.5586297792796763,0.029157320598449,16.5,836.25,0.0070435650574936,,,,,,,,,
GUJ_BANASKANTHA_2021_2022,wheat,Rabi,stem_elongation,stem_elongation,2021-12-30,2022-01-19,40,60,3,4,40,125,Banaskantha,24.1747,72.4331,,2021,2022,3104.38,1,available,23.4,14.101639344262296,24.93934426229508,23.4,14.101639344262296,24.93934426229508,30.5,0,1190.7500000000002,1190.7500000000002,0.6615277777777779,0.1463996021575158,0.1481714571950563,0.1814486071811885,0.003879635750485,0.0693382156000369,0.0781944389973824,0.0020282531739337,0.4182391935536593,0.6210065025127461,0.0174429346969105,23.4,1190.7500000000002,0.003879635750485,,,,,,,,,
GUJ_BANASKANTHA_2021_2022,wheat,Rabi,booting_heading,booting_heading,2022-01-19,2022-02-08,60,80,4,5,60,125,Banaskantha,24.1747,72.4331,,2021,2022,3104.38,1,available,24.1,13.52716049382716,24.98765432098765,24.1,13.52716049382716,24.98765432098765,30.5,0,1559.85,1559.85,0.6499375000000001,0.156141032670647,0.1429589672454456,0.1814486071811885,0.0026820118429812,0.0891152176452536,0.0752832947581794,0.0014059817460095,0.4048369026168632,0.534771020693601,0.0095054369423737,24.1,1559.85,0.0026820118429812,,,,,,,,,
GUJ_BANASKANTHA_2021_2022,wheat,Rabi,flowering,flowering,2022-02-08,2022-02-23,80,95,5,6,80,125,Banaskantha,24.1747,72.4331,,2021,2022,3104.38,1,available,24.1,13.735416666666666,25.62708333333333,24.1,13.735416666666666,25.62708333333333,31.5,0,1889.4,1889.4,0.6629473684210526,0.1511193046431024,0.1447118724085145,0.1814486071811885,0.0023099606407378,0.0851557705746704,0.0770479301609656,0.0012371091156894,0.4325227410834752,0.5148870471088937,0.0075497545923829,24.1,1889.4,0.0023099606407378,0.667205568343874,0.207148998863766,0.5370890299479166,153.39161512586804,83.38302031017486,45.36198009006561,63.0,1.0,auxiliary_external_image_dataset
GUJ_BANASKANTHA_2021_2022,wheat,Rabi,grain_filling_initial,grain_filling_initial,2022-02-23,2022-03-05,95,105,6,7,95,125,Banaskantha,24.1747,72.4331,,2021,2022,3104.38,1,available,24.1,14.141509433962264,26.230188679245284,24.1,14.141509433962264,26.230188679245284,32.9,6,2139.7,2139.7,0.6792698412698412,0.1470671494630997,0.144724949295345,0.1814486071811885,0.0020874641699809,0.0849678143299369,0.0774062733530337,0.0011266347724235,0.409627180779098,0.5019886924714483,0.0065818101744227,24.1,2139.7,0.0020874641699809,0.64207763671875,0.2100675723866411,0.538883518528294,155.23204857078758,96.45987870499894,40.98217857979439,185.0,1.0,auxiliary_external_image_dataset
GUJ_BANASKANTHA_2021_2022,wheat,Rabi,grain_filling,grain_filling,2022-03-05,2022-03-15,105,115,7,8,105,125,Banaskantha,24.1747,72.4331,,2021,2022,3104.38,1,available,24.1,14.702586206896552,27.03879310344828,24.1,14.702586206896552,27.03879310344828,38.9,16,2420.9999999999995,2420.9999999999995,0.7017391304347825,0.1388207641652447,0.144128295711075,0.1814486071811885,0.0018892310088744,0.074137159839768,0.0765009333298249,0.0010036367867046,0.3836996159694783,0.4891545589835306,0.0057861338781945,24.1,2420.9999999999995,0.0018892310088744,0.0612841694294905,0.0121212011134459,0.035730185628939,174.61391897762522,91.87537351976924,38.60734619813807,238.0,1.0,auxiliary_external_image_dataset
GUJ_BANASKANTHA_2021_2022,wheat,Rabi,maturity_preharvest,maturity_preharvest,2022-03-15,2022-03-25,115,130,8,9,115,125,Banaskantha,24.1747,72.4331,,2021,2022,3104.38,1,available,24.1,15.259523809523806,27.895238095238096,24.1,15.259523809523806,27.895238095238096,39.2,26,2718.7500000000005,2718.7500000000005,0.7250000000000001,0.0963271555448053,0.1416870035443957,0.1814486071811885,0.0016806403742925,0.0514092628346395,0.0752257523367976,0.0008932042590325,0.2556807439191873,0.4719714596591431,0.0050152961108507,24.1,2718.7500000000005,0.0016806403742925,0.0008408979936079,2.9083789590208285e-07,8.322975852272727e-07,168.71288785067472,58.12083906693892,40.56065226468173,55.0,1.0,auxiliary_external_image_dataset
GUJ_BANASKANTHA_2022_2023,wheat,Rabi,sowing,sowing,2022-11-20,2022-11-30,0,10,0,1,0,125,Banaskantha,24.1747,72.4331,,2022,2023,3067.3,1,available,0.0,16.118181818181817,29.763636363636365,0.0,16.118181818181817,29.763636363636365,30.6,0,252.35,252.35,0.8411666666666667,0.1672458951723471,0.165124475067862,0.1672458951723471,0.0334491790344694,0.0978244846053663,0.0935699416645103,0.0195648969210732,0.4658878193227123,0.4681007882129816,0.0931775638645424,0.0,252.35,0.0334491790344694,,,,,,,,,
GUJ_BANASKANTHA_2022_2023,wheat,Rabi,early_vegetative,early_vegetative,2022-11-30,2022-12-10,10,20,1,2,10,125,Banaskantha,24.1747,72.4331,,2022,2023,3067.3,1,available,0.0,15.880952380952378,29.37142857142857,0.0,15.880952380952378,29.37142857142857,30.6,0,475.15,475.15,0.7919166666666666,0.1690747692580642,0.1663411104538035,0.1690747692580642,0.0143793092541341,0.1031491560839675,0.0959205794441887,0.0084865501369257,0.4430948585378447,0.4537497328415256,0.0380939626820119,0.0,475.15,0.0143793092541341,0.880794324372944,0.3849419227053033,0.837755705180921,137.38434640984786,174.4864686664782,48.70969892802992,19.0,1.0,auxiliary_external_image_dataset
GUJ_BANASKANTHA_2022_2023,wheat,Rabi,tillering,tillering,2022-12-10,2022-12-30,20,40,2,3,20,125,Banaskantha,24.1747,72.4331,,2022,2023,3067.3,1,available,0.0,16.090243902439024,29.253658536585363,0.0,16.090243902439024,29.253658536585363,31.5,0,929.55,929.55,0.774625,0.1597284455701292,0.1615816081570048,0.1690747692580642,0.0063776052874619,0.0882283684258822,0.0870297428591945,0.0033672563060053,0.5234161691970791,0.4560975998869565,0.0185367759125046,0.0,929.55,0.0063776052874619,,,,,,,,,
GUJ_BANASKANTHA_2022_2023,wheat,Rabi,stem_elongation,stem_elongation,2022-12-30,2023-01-19,40,60,3,4,40,125,Banaskantha,24.1747,72.4331,,2022,2023,3067.3,1,available,0.0,15.050819672131146,28.304918032786883,0.0,15.050819672131146,28.304918032786883,31.5,0,1322.35,1322.35,0.7346388888888888,0.1260447784633657,0.1479418072731568,0.1690747692580642,0.00354456005325,0.0811811860993399,0.0780822299098213,0.001825942057252,1.0033913083384796,0.5232474453427557,0.0151478995517777,0.0,1322.35,0.00354456005325,,,,,,,,,
GUJ_BANASKANTHA_2022_2023,wheat,Rabi,booting_heading,booting_heading,2023-01-19,2023-02-08,60,80,4,5,60,125,Banaskantha,24.1747,72.4331,,2022,2023,3067.3,1,available,15.6,14.477777777777778,27.81358024691357,15.6,14.477777777777778,27.81358024691357,31.5,0,1712.8000000000002,1712.8000000000002,0.7136666666666668,0.1465249900351921,0.1533117611999385,0.2116676600107418,0.0029237803471177,0.0765128587369586,0.0842239000703539,0.0016417498442844,0.4781191417442417,0.5259845730880102,0.0108639502168315,15.6,1712.8000000000002,0.0029237803471177,,,,,,,,,
GUJ_BANASKANTHA_2022_2023,wheat,Rabi,flowering,flowering,2023-02-08,2023-02-23,80,95,5,6,80,125,Banaskantha,24.1747,72.4331,,2022,2023,3067.3,1,available,15.6,14.590624999999998,28.29583333333333,15.6,14.590624999999998,28.29583333333333,33.8,5,2058.55,2058.55,0.7222982456140351,0.1444035792784241,0.1524937671128637,0.2116676600107418,0.0024356808195143,0.0788936951570909,0.0837917143435846,0.0013605012846834,0.4168532641795052,0.5117595419413947,0.0084981573907931,15.6,2058.55,0.0024356808195143,0.667205568343874,0.207148998863766,0.5370890299479166,153.39161512586804,83.38302031017486,45.36198009006561,63.0,1.0,auxiliary_external_image_dataset
GUJ_BANASKANTHA_2022_2023,wheat,Rabi,grain_filling_initial,grain_filling_initial,2023-02-23,2023-03-05,95,105,6,7,95,125,Banaskantha,24.1747,72.4331,,2022,2023,3067.3,1,available,15.6,14.99245283018868,28.823584905660372,15.6,14.99245283018868,28.823584905660372,36.2,13,2322.25,2322.25,0.7372222222222222,0.1466402166607985,0.1520417980826177,0.2116676600107418,0.0021913116352376,0.071350935516362,0.0832933413361815,0.0012127575817146,0.4059792581058683,0.5028947731026024,0.0073818027018198,15.6,2322.25,0.0021913116352376,0.64207763671875,0.2100675723866411,0.538883518528294,155.23204857078758,96.45987870499894,40.98217857979439,185.0,1.0,auxiliary_external_image_dataset
GUJ_BANASKANTHA_2022_2023,wheat,Rabi,grain_filling,grain_filling,2023-03-05,2023-03-15,105,115,7,8,105,125,Banaskantha,24.1747,72.4331,,2022,2023,3067.3,1,available,15.999999999999998,15.444827586206898,29.2,15.999999999999998,15.444827586206898,29.2,36.2,21,2589.4,2589.4,0.750550724637681,0.0931806099378892,0.1492863626353889,0.2116676600107418,0.0019285050210306,0.040774317039656,0.0810681113025423,0.0010470292408177,0.5716022972146712,0.5085292056754928,0.0068692217376202,15.999999999999998,2589.4,0.0019285050210306,0.0612841694294905,0.0121212011134459,0.035730185628939,174.61391897762522,91.87537351976924,38.60734619813807,238.0,1.0,auxiliary_external_image_dataset
GUJ_BANASKANTHA_2022_2023,wheat,Rabi,maturity_preharvest,maturity_preharvest,2023-03-15,2023-03-25,115,130,8,9,115,125,Banaskantha,24.1747,72.4331,,2022,2023,3067.3,1,available,18.3,15.753968253968258,29.349206349206344,18.3,15.753968253968258,29.349206349206344,36.2,22,2841.5,2841.5,0.7577333333333334,0.0948157959394755,0.1463052191743339,0.2116676600107418,0.0017078046433109,0.0342154194439804,0.078285986495627,0.0008992247599959,0.3499825725166784,0.5134994811690334,0.0064058659964783,18.3,2841.5,0.0017078046433109,0.0008408979936079,2.9083789590208285e-07,8.322975852272727e-07,168.71288785067472,58.12083906693892,40.56065226468173,55.0,1.0,auxiliary_external_image_dataset
GUJ_BANASKANTHA_2023_2024,wheat,Rabi,sowing,sowing,2023-11-20,2023-11-30,0,10,0,1,0,126,Banaskantha,24.1747,72.4331,,2023,2024,3099.37,1,available,58.8,17.400000000000002,28.018181818181816,58.8,17.400000000000002,28.018181818181816,31.4,0,249.80000000000004,249.80000000000004,0.8326666666666668,0.1591908602142645,0.164946745150548,0.1707026300868315,0.0318381720428529,0.0717939155066154,0.0846347634674734,0.014358783101323,0.5131854784908682,0.544389002625439,0.1026370956981736,58.8,249.80000000000004,0.0318381720428529,,,,,,,,,
GUJ_BANASKANTHA_2023_2024,wheat,Rabi,early_vegetative,early_vegetative,2023-11-30,2023-12-10,10,20,1,2,10,126,Banaskantha,24.1747,72.4331,,2023,2024,3099.37,1,available,59.3,16.885714285714283,27.17619047619048,59.3,16.885714285714283,27.17619047619048,31.4,0,462.65,462.65,0.7710833333333333,0.1615944075203017,0.132799965251289,0.1707026300868315,0.0103342572734669,0.0854558407962201,0.0640625634965122,0.0047315887200719,0.7850138566870215,0.3649636170708928,0.0291478894463325,59.3,462.65,0.0103342572734669,0.880794324372944,0.3849419227053033,0.837755705180921,137.38434640984786,174.4864686664782,48.70969892802992,19.0,1.0,auxiliary_external_image_dataset
GUJ_BANASKANTHA_2023_2024,wheat,Rabi,tillering,tillering,2023-12-10,2023-12-30,20,40,2,3,20,126,Banaskantha,24.1747,72.4331,,2023,2024,3099.37,1,available,59.3,16.02926829268293,26.98048780487805,59.3,16.02926829268293,26.98048780487805,31.4,0,881.7,881.7,0.73475,0.1574726957384524,0.1526587022062625,0.1780548411130533,0.0064136445935557,0.0779607562351533,0.0793708598015727,0.0033959858967371,0.5802956495755529,0.507331934157194,0.0227801626625329,59.3,881.7,0.0064136445935557,,,,,,,,,
GUJ_BANASKANTHA_2023_2024,wheat,Rabi,stem_elongation,stem_elongation,2023-12-30,2024-01-19,40,60,3,4,40,126,Banaskantha,24.1747,72.4331,,2023,2024,3099.37,1,available,59.3,14.893442622950822,26.49180327868853,59.3,14.893442622950822,26.49180327868853,31.4,0,1262.2500000000002,1262.2500000000002,0.7012500000000002,0.1775230249751982,0.1594032404980933,0.1780548411130533,0.0043752860914439,0.0990930978106283,0.0847201890682461,0.0023758976254795,0.5341886515821817,0.5149916508008093,0.0142399215261302,59.3,1262.2500000000002,0.0043752860914439,,,,,,,,,
GUJ_BANASKANTHA_2023_2024,wheat,Rabi,booting_heading,booting_heading,2024-01-19,2024-02-08,60,80,4,5,60,126,Banaskantha,24.1747,72.4331,,2023,2024,3099.37,1,available,59.6,14.766666666666666,26.64444444444445,59.6,14.766666666666666,26.64444444444445,31.4,0,1677.15,1677.15,0.6988125,0.144324798141051,0.1584933181073648,0.1780548411130533,0.0032428993429158,0.057648807076145,0.0834934058470263,0.0017084092571942,0.3032398487252054,0.5185474597986554,0.0106925368886865,59.6,1677.15,0.0032428993429158,,,,,,,,,
GUJ_BANASKANTHA_2023_2024,wheat,Rabi,flowering,flowering,2024-02-08,2024-02-23,80,95,5,6,80,126,Banaskantha,24.1747,72.4331,,2023,2024,3099.37,1,available,60.0,14.91875,26.984375,60.0,14.91875,26.984375,32.0,1,2011.35,2011.35,0.7057368421052631,0.1388982474897735,0.1549094202358836,0.1780548411130533,0.002512724632286,0.0728810300289748,0.0816873200150333,0.0013256592423217,0.4329942524520542,0.5295639270436061,0.0089268338210891,60.0,2011.35,0.002512724632286,0.667205568343874,0.207148998863766,0.5370890299479166,153.39161512586804,83.38302031017486,45.36198009006561,63.0,1.0,auxiliary_external_image_dataset
GUJ_BANASKANTHA_2023_2024,wheat,Rabi,grain_filling_initial,grain_filling_initial,2024-02-23,2024-03-04,95,105,6,7,95,126,Banaskantha,24.1747,72.4331,,2023,2024,3099.37,1,available,63.7,14.999056603773584,27.14339622641509,63.7,14.999056603773584,27.14339622641509,34.0,3,2233.5500000000006,2233.5500000000006,0.7090634920634923,0.1507144449332877,0.1523595891530654,0.1780548411130533,0.0021800640900111,0.0637022045509672,0.0797958849857681,0.0011335038655699,0.500503445445493,0.4980563682475888,0.0070523027319645,63.7,2233.5500000000006,0.0021800640900111,0.64207763671875,0.2100675723866411,0.538883518528294,155.23204857078758,96.45987870499894,40.98217857979439,185.0,1.0,auxiliary_external_image_dataset
GUJ_BANASKANTHA_2023_2024,wheat,Rabi,grain_filling,grain_filling,2024-03-04,2024-03-14,105,115,7,8,105,126,Banaskantha,24.1747,72.4331,,2023,2024,3099.37,1,available,63.7,15.05603448275862,27.38793103448276,63.7,15.05603448275862,27.38793103448276,34.0,4,2461.75,2461.75,0.7135507246376812,0.1412415460317866,0.1511930394332926,0.1780548411130533,0.0019549456070339,0.080610585420048,0.0794186319617831,0.0010240329047029,0.5453516817353985,0.4977416858753699,0.0064291055867264,63.7,2461.75,0.0019549456070339,0.0612841694294905,0.0121212011134459,0.035730185628939,174.61391897762522,91.87537351976924,38.60734619813807,238.0,1.0,auxiliary_external_image_dataset
GUJ_BANASKANTHA_2023_2024,wheat,Rabi,maturity_preharvest,maturity_preharvest,2024-03-14,2024-03-25,115,130,8,9,115,126,Banaskantha,24.1747,72.4331,,2023,2024,3099.37,1,available,63.7,15.506299212598424,28.03700787401575,63.7,15.506299212598424,28.03700787401575,36.8,15,2765.0,2765.0,0.7314814814814815,0.135314789224,0.1497146557604875,0.1780548411130533,0.0017635717891056,0.0753436546573244,0.0787054130558134,0.0009258347263186,0.3887525766129354,0.4864996257048251,0.0056495006214368,63.7,2765.0,0.0017635717891056,0.0008408979936079,2.9083789590208285e-07,8.322975852272727e-07,168.71288785067472,58.12083906693892,40.56065226468173,55.0,1.0,auxiliary_external_image_dataset
GUJ_BHARUCH_2020_2021,wheat,Rabi,sowing,sowing,2020-11-20,2020-11-30,0,10,0,1,0,125,Bharuch,,,,2020,2021,1955.27,1,available,0.2,19.454545454545453,31.518181818181816,0.2,19.454545454545453,31.518181818181816,33.5,3,280.35,280.35,0.9345,0.2338806216684834,0.2343519553020596,0.2348232889356358,0.0467761243336966,0.1437147696610936,0.1415195632255438,0.0287429539322187,0.5160436151147025,0.5813036978602768,0.1032087230229405,0.2,280.35,0.0467761243336966,,,,,,,,,
GUJ_BHARUCH_2020_2021,wheat,Rabi,early_vegetative,early_vegetative,2020-11-30,2020-12-10,10,20,1,2,10,125,Bharuch,,,,2020,2021,1955.27,1,available,2.7,19.52380952380953,32.32380952380952,2.7,19.52380952380953,32.32380952380952,33.8,12,544.4000000000001,544.4000000000001,0.9073333333333334,0.2196548695614624,0.2315119246038449,0.2376889182497983,0.0195460438121781,0.1381588406363227,0.1406323037510848,0.0120121969629131,0.6649122766901905,0.680752426868139,0.0614537216472699,2.7,544.4000000000001,0.0195460438121781,0.880794324372944,0.3849419227053033,0.837755705180921,137.38434640984786,174.4864686664782,48.70969892802992,19.0,1.0,auxiliary_external_image_dataset
GUJ_BHARUCH_2020_2021,wheat,Rabi,tillering,tillering,2020-12-10,2020-12-30,20,40,2,3,20,125,Bharuch,,,,2020,2021,1955.27,1,available,30.000000000000004,18.16829268292683,30.0780487804878,30.000000000000004,18.16829268292683,30.0780487804878,33.8,12,989.05,989.05,0.8242083333333334,0.2444148683076616,0.224089135393741,0.2467518365400846,0.0089899748990362,0.1735448219161888,0.1387276519934833,0.0057180347769091,0.6560231093079504,0.7165376050317203,0.0304566149372348,30.000000000000004,989.05,0.0089899748990362,,,,,,,,,
GUJ_BHARUCH_2020_2021,wheat,Rabi,stem_elongation,stem_elongation,2020-12-30,2021-01-19,40,60,3,4,40,125,Bharuch,,,,2020,2021,1955.27,1,available,33.400000000000006,17.965573770491805,29.832786885245905,33.400000000000006,17.965573770491805,29.832786885245905,33.8,12,1457.85,1457.85,0.8099166666666667,0.1520057826929624,0.2056950805379745,0.2467518365400846,0.0049885537634282,0.0914503378680723,0.1265273437999517,0.0030928466870883,1.4958687408651166,0.6154740555942179,0.0154934813422247,33.400000000000006,1457.85,0.0049885537634282,,,,,,,,,
GUJ_BHARUCH_2020_2021,wheat,Rabi,booting_heading,booting_heading,2021-01-19,2021-02-08,60,80,4,5,60,125,Bharuch,,,,2020,2021,1955.27,1,available,33.400000000000006,17.244444444444444,29.66296296296296,33.400000000000006,17.244444444444444,29.66296296296296,33.8,13,1899.75,1899.75,0.7915625,0.2144767090243594,0.2040483164787215,0.2467518365400846,0.0037177172351161,0.1395143268684779,0.1262515113574473,0.0023220724569428,0.5938971549143462,0.6193539734368766,0.011547789004304,33.400000000000006,1899.75,0.0037177172351161,,,,,,,,,
GUJ_BHARUCH_2020_2021,wheat,Rabi,flowering,flowering,2021-02-08,2021-02-23,80,95,5,6,80,125,Bharuch,,,,2020,2021,1955.27,1,available,33.400000000000006,17.349999999999998,30.12395833333333,33.400000000000006,17.349999999999998,30.12395833333333,34.7,23,2278.75,2278.75,0.7995614035087719,0.1987664208363389,0.2032089910427756,0.2467518365400846,0.0032145356593188,0.1094466655958373,0.1242950829447435,0.0019553243473786,0.4895008221536333,0.6078982747834313,0.0096297192122381,33.400000000000006,2278.75,0.0032145356593188,0.667205568343874,0.207148998863766,0.5370890299479166,153.39161512586804,83.38302031017486,45.36198009006561,63.0,1.0,auxiliary_external_image_dataset
GUJ_BHARUCH_2020_2021,wheat,Rabi,grain_filling_initial,grain_filling_initial,2021-02-23,2021-03-05,95,105,6,7,95,125,Bharuch,,,,2020,2021,1955.27,1,available,33.400000000000006,17.628301886792453,30.68584905660377,33.400000000000006,17.628301886792453,30.68584905660377,37.8,33,2560.65,2560.65,0.8129047619047619,0.2109024778641492,0.2033750437099196,0.2467518365400846,0.0028821027939557,0.1316835618721582,0.1241284349088334,0.0017478520047145,0.5076570534065022,0.6002597166632624,0.0083912243425306,33.400000000000006,2560.65,0.0028821027939557,0.64207763671875,0.2100675723866411,0.538883518528294,155.23204857078758,96.45987870499894,40.98217857979439,185.0,1.0,auxiliary_external_image_dataset
GUJ_BHARUCH_2020_2021,wheat,Rabi,grain_filling,grain_filling,2021-03-05,2021-03-15,105,115,7,8,105,125,Bharuch,,,,2020,2021,1955.27,1,available,33.400000000000006,17.96896551724138,31.226724137931036,33.400000000000006,17.96896551724138,31.226724137931036,37.8,43,2853.35,2853.35,0.8270579710144927,0.1838816748106032,0.2022114301352837,0.2467518365400846,0.0025875850674617,0.1085229955832452,0.1232252169394574,0.0015659689897767,0.4934305246235443,0.5892800480085288,0.0073582972728062,33.400000000000006,2853.35,0.0025875850674617,0.0612841694294905,0.0121212011134459,0.035730185628939,174.61391897762522,91.87537351976924,38.60734619813807,238.0,1.0,auxiliary_external_image_dataset
GUJ_BHARUCH_2020_2021,wheat,Rabi,maturity_preharvest,maturity_preharvest,2021-03-15,2021-03-25,115,130,8,9,115,125,Bharuch,,,,2020,2021,1955.27,1,available,33.400000000000006,18.33809523809524,31.74920634920635,33.400000000000006,18.33809523809524,31.74920634920635,38.5,53,3155.5,3155.5,0.8414666666666667,0.1857475027694722,0.2003895873645537,0.2467518365400846,0.0023355025768744,0.1033648649896644,0.1218245487213212,0.0014078376661214,0.4948193937164138,0.5867738164866311,0.0067304069974687,33.400000000000006,3155.5,0.0023355025768744,0.0008408979936079,2.9083789590208285e-07,8.322975852272727e-07,168.71288785067472,58.12083906693892,40.56065226468173,55.0,1.0,auxiliary_external_image_dataset
GUJ_BHARUCH_2021_2022,wheat,Rabi,sowing,sowing,2021-11-20,2021-11-30,0,10,0,1,0,125,Bharuch,,,,2021,2022,2028.6,1,available,0.8,21.063636363636363,32.46363636363636,0.8,21.063636363636363,32.46363636363636,33.4,8,294.40000000000003,294.40000000000003,0.9813333333333336,0.2490039345730058,0.2134021586876915,0.2490039345730058,0.0498007869146011,0.1575027931950885,0.1286261780165632,0.0315005586390177,0.7676990202458315,1.1333147034062014,0.1535398040491663,0.8,294.40000000000003,0.0498007869146011,,,,,,,,,
GUJ_BHARUCH_2021_2022,wheat,Rabi,early_vegetative,early_vegetative,2021-11-30,2021-12-10,10,20,1,2,10,125,Bharuch,,,,2021,2022,2028.6,1,available,30.9,20.26666666666667,30.114285714285717,30.9,20.26666666666667,30.114285714285717,33.4,8,529.0,529.0,0.8816666666666667,0.1663137033254031,0.2041569926659609,0.2490039345730058,0.0170709277782189,0.1056436043892364,0.1238212641672621,0.0105601685550881,-1.925654160599372,0.4212472654688023,-0.0331605118603989,30.9,529.0,0.0170709277782189,0.880794324372944,0.3849419227053033,0.837755705180921,137.38434640984786,174.4864686664782,48.70969892802992,19.0,1.0,auxiliary_external_image_dataset
GUJ_BHARUCH_2021_2022,wheat,Rabi,tillering,tillering,2021-12-10,2021-12-30,20,40,2,3,20,125,Bharuch,,,,2021,2022,2028.6,1,available,31.0,18.409756097560976,29.182926829268293,31.0,18.409756097560976,29.182926829268293,33.4,8,975.65,975.65,0.8130416666666666,0.2305742600470861,0.1983031547486274,0.2490039345730058,0.0091226950420809,0.1456878710950863,0.1194627154824908,0.005510342680563,0.6449138972924922,0.2104606250139447,-0.0030000413154015,31.0,975.65,0.0091226950420809,,,,,,,,,
GUJ_BHARUCH_2021_2022,wheat,Rabi,stem_elongation,stem_elongation,2021-12-30,2022-01-19,40,60,3,4,40,125,Bharuch,,,,2021,2022,2028.6,1,available,31.5,17.555737704918034,28.76557377049181,31.5,17.555737704918034,28.76557377049181,33.4,8,1412.7999999999995,1412.7999999999995,0.7848888888888887,0.2092349639429276,0.1845426883532172,0.2490039345730058,0.0045417098532485,0.1089852919335893,0.1071683618812285,0.0025500992445129,0.4750621666359541,0.2918459025546948,0.0067087753941012,31.5,1412.7999999999995,0.0045417098532485,,,,,,,,,
GUJ_BHARUCH_2021_2022,wheat,Rabi,booting_heading,booting_heading,2022-01-19,2022-02-08,60,80,4,5,60,125,Bharuch,,,,2021,2022,2028.6,1,available,31.8,16.807407407407407,28.511111111111116,31.8,16.807407407407407,28.511111111111116,33.4,8,1835.4,1835.4,0.76475,0.2045584153474815,0.1848815816898027,0.2490039345730058,0.0034424520564003,0.1227503869170025,0.1081348374953143,0.0019919749731413,0.443174874537028,0.4295245636024577,0.0095580604030704,31.8,1835.4,0.0034424520564003,,,,,,,,,
GUJ_BHARUCH_2021_2022,wheat,Rabi,flowering,flowering,2022-02-08,2022-02-23,80,95,5,6,80,125,Bharuch,,,,2021,2022,2028.6,1,available,31.8,16.86770833333333,29.057291666666668,31.8,16.86770833333333,29.057291666666668,34.2,16,2204.4,2204.4,0.7734736842105262,0.1929778170377422,0.1847167631621927,0.2490039345730058,0.0029006881799463,0.1155231651150597,0.1078067224793871,0.001676799299992,0.4847755862229022,0.444740406767298,0.0080944809593641,31.8,2204.4,0.0029006881799463,0.667205568343874,0.207148998863766,0.5370890299479166,153.39161512586804,83.38302031017486,45.36198009006561,63.0,1.0,auxiliary_external_image_dataset
GUJ_BHARUCH_2021_2022,wheat,Rabi,grain_filling_initial,grain_filling_initial,2022-02-23,2022-03-05,95,105,6,7,95,125,Bharuch,,,,2021,2022,2028.6,1,available,31.8,17.106603773584908,29.623584905660373,31.8,17.106603773584908,29.623584905660373,36.3,26,2476.7,2476.7,0.7862539682539682,0.1939813428845849,0.1855817051925496,0.2490039345730058,0.0026528879523594,0.1167769542759852,0.1082565029178382,0.001535298246368,0.5601271115721548,0.4510254682106819,0.0073180956964669,31.8,2476.7,0.0026528879523594,0.64207763671875,0.2100675723866411,0.538883518528294,155.23204857078758,96.45987870499894,40.98217857979439,185.0,1.0,auxiliary_external_image_dataset
GUJ_BHARUCH_2021_2022,wheat,Rabi,grain_filling,grain_filling,2022-03-05,2022-03-15,105,115,7,8,105,125,Bharuch,,,,2021,2022,2028.6,1,available,31.8,17.57758620689655,30.313793103448276,31.8,17.57758620689655,30.313793103448276,40.1,36,2777.7,2777.7,0.8051304347826086,0.2000025649424519,0.1761696053373081,0.2490039345730058,0.0021924734980212,0.1247573129226651,0.1013793807995689,0.0012359680609638,0.4195890870066637,0.430646180880238,0.0060421338923575,31.8,2777.7,0.0021924734980212,0.0612841694294905,0.0121212011134459,0.035730185628939,174.61391897762522,91.87537351976924,38.60734619813807,238.0,1.0,auxiliary_external_image_dataset
GUJ_BHARUCH_2021_2022,wheat,Rabi,maturity_preharvest,maturity_preharvest,2022-03-15,2022-03-25,115,130,8,9,115,125,Bharuch,,,,2021,2022,2028.6,1,available,31.8,18.100793650793648,31.081746031746032,31.8,18.100793650793648,31.081746031746032,41.3,46,3098.5,3098.5,0.8262666666666667,0.0784172499129355,0.1728748711429093,0.2490039345730058,0.0019554134998169,0.0234554611463282,0.0985143077953078,0.001082460047884,-0.1573986204312299,0.4067996850480444,0.0049333427253986,31.8,3098.5,0.0019554134998169,0.0008408979936079,2.9083789590208285e-07,8.322975852272727e-07,168.71288785067472,58.12083906693892,40.56065226468173,55.0,1.0,auxiliary_external_image_dataset
GUJ_BHARUCH_2022_2023,wheat,Rabi,sowing,sowing,2022-11-20,2022-11-30,0,10,0,1,0,125,Bharuch,,,,2022,2023,2000.74,1,available,0.0,17.454545454545453,31.9,0.0,17.454545454545453,31.9,32.8,6,271.45,271.45,0.9048333333333332,0.2385633317845373,0.2478734794647685,0.2571836271449997,0.0477126663569074,0.1454449276521018,0.1523689461560395,0.0290889855304203,0.790008832164311,0.6244105411775774,0.1580017664328622,0.0,271.45,0.0477126663569074,,,,,,,,,
GUJ_BHARUCH_2022_2023,wheat,Rabi,early_vegetative,early_vegetative,2022-11-30,2022-12-10,10,20,1,2,10,125,Bharuch,,,,2022,2023,2000.74,1,available,0.0,18.123809523809523,31.899999999999995,0.0,18.123809523809523,31.899999999999995,32.8,12,525.2499999999999,525.2499999999999,0.8754166666666665,0.2126947828718891,0.2370175055928585,0.2571836271449997,0.0193700605934317,0.1288485115558441,0.1424956382044848,0.0114968965745666,0.5734268449784421,0.5977110861786212,0.0521068885980201,0.0,525.2499999999999,0.0193700605934317,0.880794324372944,0.3849419227053033,0.837755705180921,137.38434640984786,174.4864686664782,48.70969892802992,19.0,1.0,auxiliary_external_image_dataset
GUJ_BHARUCH_2022_2023,wheat,Rabi,tillering,tillering,2022-12-10,2022-12-30,20,40,2,3,20,125,Bharuch,,,,2022,2023,2000.74,1,available,8.5,18.341463414634145,31.33658536585365,8.5,18.341463414634145,31.33658536585365,33.7,20,1018.4,1018.4,0.8486666666666666,0.2170385006109629,0.2207793583647448,0.2571836271449997,0.0085145679889158,0.129697717274127,0.1295166768910314,0.0049504348567121,0.7243759615059318,0.5029421416876488,0.0200902935151879,8.5,1018.4,0.0085145679889158,,,,,,,,,
GUJ_BHARUCH_2022_2023,wheat,Rabi,stem_elongation,stem_elongation,2022-12-30,2023-01-19,40,60,3,4,40,125,Bharuch,,,,2022,2023,2000.74,1,available,8.5,17.072131147540986,30.059016393442626,8.5,17.072131147540986,30.059016393442626,33.7,20,1437.5,1437.5,0.7986111111111112,0.2169333246981616,0.203162385842951,0.2571836271449997,0.0048564989018427,0.1370750972885294,0.1175727437007507,0.0027684703536285,0.614054013558823,0.5307656602854333,0.014252820909775,8.5,1437.5,0.0048564989018427,,,,,,,,,
GUJ_BHARUCH_2022_2023,wheat,Rabi,booting_heading,booting_heading,2023-01-19,2023-02-08,60,80,4,5,60,125,Bharuch,,,,2022,2023,2000.74,1,available,8.6,16.729629629629628,29.929629629629627,8.6,16.729629629629628,29.929629629629627,33.7,24,1889.7,1889.7,0.787375,0.1946180481525291,0.2018242389937169,0.2571836271449997,0.0036987565672086,0.1196726394622647,0.1162027678092776,0.0021051291885772,0.5542269114445509,0.526647309026492,0.0103354357274642,8.6,1889.7,0.0036987565672086,,,,,,,,,
GUJ_BHARUCH_2022_2023,wheat,Rabi,flowering,flowering,2023-02-08,2023-02-23,80,95,5,6,80,125,Bharuch,,,,2022,2023,2000.74,1,available,8.6,16.818749999999998,30.70208333333333,8.6,16.818749999999998,30.70208333333333,36.8,39,2281.0,2281.0,0.8003508771929825,0.1867561442397249,0.2006738205098609,0.2571836271449997,0.0031145155792388,0.1173378660280244,0.1165236387256663,0.00181019702858,0.5361114462771075,0.5227528912991676,0.0085106820877308,8.6,2281.0,0.0031145155792388,0.667205568343874,0.207148998863766,0.5370890299479166,153.39161512586804,83.38302031017486,45.36198009006561,63.0,1.0,auxiliary_external_image_dataset
GUJ_BHARUCH_2022_2023,wheat,Rabi,grain_filling_initial,grain_filling_initial,2023-02-23,2023-03-05,95,105,6,7,95,125,Bharuch,,,,2022,2023,2000.74,1,available,8.6,17.120754716981132,31.27169811320755,8.6,17.120754716981132,31.27169811320755,38.6,49,2564.8,2564.8,0.8142222222222222,0.2019344271242478,0.2006142166776945,0.2571836271449997,0.0028324964780862,0.1054453474969967,0.1162851124888462,0.0016394912415998,0.4508487640499296,0.5220724030685252,0.0076508074177361,8.6,2564.8,0.0028324964780862,0.64207763671875,0.2100675723866411,0.538883518528294,155.23204857078758,96.45987870499894,40.98217857979439,185.0,1.0,auxiliary_external_image_dataset
GUJ_BHARUCH_2022_2023,wheat,Rabi,grain_filling,grain_filling,2023-03-05,2023-03-15,105,115,7,8,105,125,Bharuch,,,,2022,2023,2000.74,1,available,9.4,17.601724137931033,31.75172413793104,9.4,17.601724137931033,31.75172413793104,38.6,59,2862.4999999999995,2862.4999999999995,0.8297101449275361,-0.0477551499206929,0.1897315054721222,0.2571836271449997,0.0023066148563261,-0.072516105716524,0.1080559779114793,0.0012839781783875,0.1115579701422143,0.5107646224850654,0.0066596061829629,9.4,2862.4999999999995,0.0023066148563261,0.0612841694294905,0.0121212011134459,0.035730185628939,174.61391897762522,91.87537351976924,38.60734619813807,238.0,1.0,auxiliary_external_image_dataset
GUJ_BHARUCH_2022_2023,wheat,Rabi,maturity_preharvest,maturity_preharvest,2023-03-15,2023-03-25,115,130,8,9,115,125,Bharuch,,,,2022,2023,2000.74,1,available,16.8,17.950793650793653,31.83968253968254,16.8,17.950793650793653,31.83968253968254,38.6,67,3136.8000000000006,3136.8000000000006,0.8364800000000002,0.1482813843896354,0.1880688005689587,0.2571836271449997,0.00210970988635,0.0817228541751943,0.1070550632749303,0.001177153381918,0.0686637507311367,0.5010734534247131,0.0058921404692679,16.8,3136.8000000000006,0.00210970988635,0.0008408979936079,2.9083789590208285e-07,8.322975852272727e-07,168.71288785067472,58.12083906693892,40.56065226468173,55.0,1.0,auxiliary_external_image_dataset
GUJ_BHARUCH_2023_2024,wheat,Rabi,sowing,sowing,2023-11-20,2023-11-30,0,10,0,1,0,126,Bharuch,,,,2023,2024,2022.43,1,available,50.5,20.37272727272727,31.345454545454547,50.5,20.37272727272727,31.345454545454547,35.0,6,284.45,284.45,0.9481666666666666,0.259302917691749,0.2397613978731728,0.259302917691749,0.0518605835383498,0.1509275623935831,0.1432173376587607,0.0301855124787166,1.6909814137326629,1.3065741268253968,0.3381962827465326,50.5,284.45,0.0518605835383498,,,,,,,,,
GUJ_BHARUCH_2023_2024,wheat,Rabi,early_vegetative,early_vegetative,2023-11-30,2023-12-10,10,20,1,2,10,126,Bharuch,,,,2023,2024,2022.43,1,available,55.7,20.27142857142857,30.18571428571429,55.7,20.27142857142857,30.18571428571429,35.0,6,529.8,529.8,0.8829999999999999,0.2645800608355462,0.2359408699810655,0.2645800608355462,0.0207480620983304,0.1494950009814052,0.1377495766263093,0.0118507117964345,1.0048998445628736,1.39603803028429,0.1233984141895467,55.7,529.8,0.0207480620983304,0.880794324372944,0.3849419227053033,0.837755705180921,137.38434640984786,174.4864686664782,48.70969892802992,19.0,1.0,auxiliary_external_image_dataset
GUJ_BHARUCH_2023_2024,wheat,Rabi,tillering,tillering,2023-12-10,2023-12-30,20,40,2,3,20,126,Bharuch,,,,2023,2024,2022.43,1,available,55.7,19.200000000000003,30.258536585365853,55.7,19.200000000000003,30.258536585365853,35.0,7,1013.9,1013.9,0.8449166666666666,0.232623328133246,0.2402814207904655,0.2645800608355462,0.0097167111198767,0.1411351638828038,0.1456736075601442,0.0059751093239453,0.7903634266581487,1.140177715567929,0.0408377687769532,55.7,1013.9,0.0097167111198767,,,,,,,,,
GUJ_BHARUCH_2023_2024,wheat,Rabi,stem_elongation,stem_elongation,2023-12-30,2024-01-19,40,60,3,4,40,126,Bharuch,,,,2023,2024,2022.43,1,available,55.7,18.567213114754097,29.975409836065573,55.7,18.567213114754097,29.975409836065573,35.0,7,1480.55,1480.55,0.8225277777777777,0.2212427550790678,0.2274425490761719,0.2645800608355462,0.0057405413538224,0.1382158883923365,0.1366085442126483,0.0034499455849346,0.5489000939694845,0.9360462133274352,0.0192632807653972,55.7,1480.55,0.0057405413538224,,,,,,,,,
GUJ_BHARUCH_2023_2024,wheat,Rabi,booting_heading,booting_heading,2024-01-19,2024-02-08,60,80,4,5,60,126,Bharuch,,,,2023,2024,2022.43,1,available,55.7,18.06913580246913,30.06913580246913,55.7,18.06913580246913,30.06913580246913,35.0,11,1949.6,1949.6,0.8123333333333332,0.2043362027384133,0.2217821027058872,0.2645800608355462,0.0041186205158973,0.1044536479294612,0.1330190389232355,0.0024587142673736,0.4086478621246056,0.863133995092014,0.0133812293815793,55.7,1949.6,0.0041186205158973,,,,,,,,,
GUJ_BHARUCH_2023_2024,wheat,Rabi,flowering,flowering,2024-02-08,2024-02-23,80,95,5,6,80,126,Bharuch,,,,2023,2024,2022.43,1,available,55.7,18.2125,30.477083333333336,55.7,18.2125,30.477083333333336,36.3,17,2337.1,2337.1,0.8200350877192982,0.0117351069655994,0.2091639098599187,0.2645800608355462,0.0030890986852056,-0.0153934183081121,0.1234121818645033,0.0017811137752721,-0.6898180875556819,0.7518964413053527,0.0085007951420978,55.7,2337.1,0.0030890986852056,0.667205568343874,0.207148998863766,0.5370890299479166,153.39161512586804,83.38302031017486,45.36198009006561,63.0,1.0,auxiliary_external_image_dataset
GUJ_BHARUCH_2023_2024,wheat,Rabi,grain_filling_initial,grain_filling_initial,2024-02-23,2024-03-04,95,105,6,7,95,126,Bharuch,,,,2023,2024,2022.43,1,available,55.8,18.326415094339623,30.77830188679245,55.8,18.326415094339623,30.77830188679245,38.3,24,2602.55,2602.55,0.8262063492063493,0.1703195457719951,0.2008111116443698,0.2645800608355462,0.0026035071266856,0.0931896860208946,0.1171443304981244,0.0014678623457791,0.8190750661134354,0.6776875732057002,0.0062315460792597,55.8,2602.55,0.0026035071266856,0.64207763671875,0.2100675723866411,0.538883518528294,155.23204857078758,96.45987870499894,40.98217857979439,185.0,1.0,auxiliary_external_image_dataset
GUJ_BHARUCH_2023_2024,wheat,Rabi,grain_filling,grain_filling,2024-03-04,2024-03-14,105,115,7,8,105,126,Bharuch,,,,2023,2024,2022.43,1,available,55.8,18.39396551724138,31.0948275862069,55.8,18.39396551724138,31.0948275862069,38.3,34,2870.35,2870.35,0.8319855072463768,0.2001607540967239,0.2012060352404661,0.2645800608355462,0.0024340080531232,0.1125930047358137,0.1169108269486248,0.0013693648133428,0.5688870013215682,0.6616218962067368,0.0058337143253142,55.8,2870.35,0.0024340080531232,0.0612841694294905,0.0121212011134459,0.035730185628939,174.61391897762522,91.87537351976924,38.60734619813807,238.0,1.0,auxiliary_external_image_dataset
GUJ_BHARUCH_2023_2024,wheat,Rabi,maturity_preharvest,maturity_preharvest,2024-03-14,2024-03-25,115,130,8,9,115,126,Bharuch,,,,2023,2024,2022.43,1,available,55.8,18.611023622047245,31.670866141732283,55.8,18.611023622047245,31.670866141732283,39.5,45,3192.9,3192.9,0.8446825396825397,0.2050997389193487,0.201377881885341,0.2645800608355462,0.0022752935505631,0.1290543248985507,0.1173948292500324,0.0012966918784091,0.4370594875062438,0.6467560899465157,0.005429328874948,55.8,3192.9,0.0022752935505631,0.0008408979936079,2.9083789590208285e-07,8.322975852272727e-07,168.71288785067472,58.12083906693892,40.56065226468173,55.0,1.0,auxiliary_external_image_dataset
GUJ_BHAVNAGAR_2020_2021,wheat,Rabi,sowing,sowing,2020-11-20,2020-11-30,0,10,0,1,0,125,Bhavnagar,21.7645,72.1519,,2020,2021,3229.49,1,available,0.0,19.418181818181814,29.94545454545454,0.0,19.418181818181814,29.94545454545454,31.6,0,271.5,271.5,0.905,0.2329221620782264,0.2428427521833158,0.2527633422884053,0.0465844324156452,0.1432685796278346,0.1475918081493611,0.0286537159255669,0.921416433752549,0.7717762041804358,0.1842832867505098,0.0,271.5,0.0465844324156452,,,,,,,,,
GUJ_BHAVNAGAR_2020_2021,wheat,Rabi,early_vegetative,early_vegetative,2020-11-30,2020-12-10,10,20,1,2,10,125,Bhavnagar,21.7645,72.1519,,2020,2021,3229.49,1,available,16.6,19.404761904761905,30.490476190476187,16.6,19.404761904761905,30.490476190476187,32.0,1,523.9,523.9,0.8731666666666666,0.2113114182957378,0.229860626941237,0.2527633422884053,0.0187392512452942,0.1263702159157407,0.1368318565501101,0.0110560916478144,0.5366444633257734,0.649152198872299,0.0509167667333567,16.6,523.9,0.0187392512452942,0.880794324372944,0.3849419227053033,0.837755705180921,137.38434640984786,174.4864686664782,48.70969892802992,19.0,1.0,auxiliary_external_image_dataset
GUJ_BHAVNAGAR_2020_2021,wheat,Rabi,tillering,tillering,2020-12-10,2020-12-30,20,40,2,3,20,125,Bhavnagar,21.7645,72.1519,,2020,2021,3229.49,1,available,53.6,18.07317073170732,28.24634146341463,53.6,18.07317073170732,28.24634146341463,32.0,1,949.55,949.55,0.7912916666666667,0.2321870630787468,0.2152175385310936,0.2527633422884053,0.0084357458494987,0.1596230541250375,0.1289865864014491,0.0051351764826731,0.6557106012466369,0.5357023729220619,0.0208747568833242,53.6,949.55,0.0084357458494987,,,,,,,,,
GUJ_BHAVNAGAR_2020_2021,wheat,Rabi,stem_elongation,stem_elongation,2020-12-30,2021-01-19,40,60,3,4,40,125,Bhavnagar,21.7645,72.1519,,2020,2021,3229.49,1,available,53.6,17.45737704918033,27.94098360655737,53.6,17.45737704918033,27.94098360655737,32.0,1,1384.6499999999996,1384.6499999999996,0.7692499999999998,0.1673051128730354,0.1826039082596985,0.2527633422884053,0.0041699144741028,0.0957444928259387,0.1049328292935651,0.0023313947369628,0.9017491665456696,0.5704710921928412,0.0158994704464012,53.6,1384.6499999999996,0.0041699144741028,,,,,,,,,
GUJ_BHAVNAGAR_2020_2021,wheat,Rabi,booting_heading,booting_heading,2021-01-19,2021-02-08,60,80,4,5,60,125,Bhavnagar,21.7645,72.1519,,2020,2021,3229.49,1,available,53.6,16.911111111111115,27.8716049382716,53.6,16.911111111111115,27.8716049382716,32.0,1,1813.7,1813.7,0.7557083333333332,0.2017573821177556,0.1863620676713751,0.2527633422884053,0.0034208462025425,0.1238852761440057,0.1082625659287727,0.0019799193172925,0.417211542451492,0.5553651845209135,0.0108924066877378,53.6,1813.7,0.0034208462025425,,,,,,,,,
GUJ_BHAVNAGAR_2020_2021,wheat,Rabi,flowering,flowering,2021-02-08,2021-02-23,80,95,5,6,80,125,Bhavnagar,21.7645,72.1519,,2020,2021,3229.49,1,available,53.6,17.080208333333335,28.370833333333334,53.6,17.080208333333335,28.370833333333334,33.3,4,2181.65,2181.65,0.7654912280701753,0.1748955072146785,0.181865165608419,0.2527633422884053,0.0027803971134062,0.0881645181560039,0.1041566447459689,0.0015640482599886,0.4020176103735207,0.5588649108927413,0.0091523919759294,53.6,2181.65,0.0027803971134062,0.667205568343874,0.207148998863766,0.5370890299479166,153.39161512586804,83.38302031017486,45.36198009006561,63.0,1.0,auxiliary_external_image_dataset
GUJ_BHAVNAGAR_2020_2021,wheat,Rabi,grain_filling_initial,grain_filling_initial,2021-02-23,2021-03-05,95,105,6,7,95,125,Bhavnagar,21.7645,72.1519,,2020,2021,3229.49,1,available,53.6,17.38679245283019,28.85471698113208,53.6,17.38679245283019,28.85471698113208,35.8,14,2450.8,2450.8,0.778031746031746,0.1808979387480621,0.1817766538839267,0.2527633422884053,0.002534895164785,0.1045985096860559,0.1040936880577927,0.0014306843340091,0.4131116155400501,0.5461105516013754,0.0078796489378665,53.6,2450.8,0.002534895164785,0.64207763671875,0.2100675723866411,0.538883518528294,155.23204857078758,96.45987870499894,40.98217857979439,185.0,1.0,auxiliary_external_image_dataset
GUJ_BHAVNAGAR_2020_2021,wheat,Rabi,grain_filling,grain_filling,2021-03-05,2021-03-15,105,115,7,8,105,125,Bhavnagar,21.7645,72.1519,,2020,2021,3229.49,1,available,53.6,17.788793103448278,29.35689655172413,53.6,17.788793103448278,29.35689655172413,35.8,24,2734.45,2734.45,0.7925942028985506,0.1613355168621079,0.1805264185418706,0.2527633422884053,0.0022960651870587,0.0883981786696844,0.1031185917275457,0.0012922098415082,0.4023557827961347,0.5347558754103983,0.0069000080425927,53.6,2734.45,0.0022960651870587,0.0612841694294905,0.0121212011134459,0.035730185628939,174.61391897762522,91.87537351976924,38.60734619813807,238.0,1.0,auxiliary_external_image_dataset
GUJ_BHAVNAGAR_2020_2021,wheat,Rabi,maturity_preharvest,maturity_preharvest,2021-03-15,2021-03-25,115,130,8,9,115,125,Bhavnagar,21.7645,72.1519,,2020,2021,3229.49,1,available,53.6,18.224603174603168,29.85238095238096,53.6,18.224603174603168,29.85238095238096,36.8,34,3028.8499999999995,3028.8499999999995,0.8076933333333332,0.1603018908555237,0.1785801764326765,0.2527633422884053,0.0020780924430789,0.0782749118843762,0.1013704334670166,0.0011565804438435,0.3810235753234549,0.5286518334803624,0.0062203111160256,53.6,3028.8499999999995,0.0020780924430789,0.0008408979936079,2.9083789590208285e-07,8.322975852272727e-07,168.71288785067472,58.12083906693892,40.56065226468173,55.0,1.0,auxiliary_external_image_dataset
GUJ_BHAVNAGAR_2021_2022,wheat,Rabi,sowing,sowing,2021-11-20,2021-11-30,0,10,0,1,0,125,Bhavnagar,21.7645,72.1519,,2021,2022,3244.39,1,available,0.3,21.327272727272728,31.5,0.3,21.327272727272728,31.5,32.5,3,290.55,290.55,0.9685,0.203983072365707,0.2206113451023836,0.2372396178390601,0.0407966144731414,0.116655319705137,0.1194830512590605,0.0233310639410274,0.6103437359736464,0.5714385418989106,0.1220687471947292,0.3,290.55,0.0407966144731414,,,,,,,,,
GUJ_BHAVNAGAR_2021_2022,wheat,Rabi,early_vegetative,early_vegetative,2021-11-30,2021-12-10,10,20,1,2,10,125,Bhavnagar,21.7645,72.1519,,2021,2022,3244.39,1,available,28.6,20.623809523809523,29.009523809523813,28.6,20.623809523809523,29.009523809523813,32.5,3,521.1500000000001,521.1500000000001,0.8685833333333335,0.0761544195590809,0.1396053568129546,0.2372396178390601,0.0073504995145555,0.0308117571957658,0.0650390070709549,0.0027120989776042,-0.5182337909498855,0.1285323131858467,-0.0166483673869301,28.6,521.1500000000001,0.0073504995145555,0.880794324372944,0.3849419227053033,0.837755705180921,137.38434640984786,174.4864686664782,48.70969892802992,19.0,1.0,auxiliary_external_image_dataset
GUJ_BHAVNAGAR_2021_2022,wheat,Rabi,tillering,tillering,2021-12-10,2021-12-30,20,40,2,3,20,125,Bhavnagar,21.7645,72.1519,,2021,2022,3244.39,1,available,28.700000000000003,18.731707317073173,27.81219512195122,28.700000000000003,18.731707317073173,27.81219512195122,32.5,3,954.15,954.15,0.7951250000000001,0.2289001620170624,0.1656308314392874,0.2372396178390601,0.0078518605076103,0.1334202164596012,0.0851659310501178,0.0041772307916202,0.4314809199217039,0.4431018360658122,0.0231995462216355,28.700000000000003,954.15,0.0078518605076103,,,,,,,,,
GUJ_BHAVNAGAR_2021_2022,wheat,Rabi,stem_elongation,stem_elongation,2021-12-30,2022-01-19,40,60,3,4,40,125,Bhavnagar,21.7645,72.1519,,2021,2022,3244.39,1,available,28.9,17.832786885245902,27.17540983606557,28.9,17.832786885245902,27.17540983606557,32.5,3,1372.7499999999998,1372.7499999999998,0.7626388888888888,0.2005631392343776,0.1704280214914987,0.2372396178390601,0.0045914511582634,0.0944990490037899,0.0883843524837677,0.0024255000708452,0.4337848456045931,0.5525758817262395,0.0165349629694995,28.9,1372.7499999999998,0.0045914511582634,,,,,,,,,
GUJ_BHAVNAGAR_2021_2022,wheat,Rabi,booting_heading,booting_heading,2022-01-19,2022-02-08,60,80,4,5,60,125,Bhavnagar,21.7645,72.1519,,2021,2022,3244.39,1,available,29.4,17.104938271604937,26.990123456790123,29.4,17.104938271604937,26.990123456790123,32.5,3,1785.85,1785.85,0.7441041666666667,0.1980627139891901,0.1745266911229949,0.2372396178390601,0.0034651494875941,0.1081631892843408,0.0921790094222495,0.0018706486159614,0.3964941811830405,0.5173289801801586,0.0101993306946808,29.4,1785.85,0.0034651494875941,,,,,,,,,
GUJ_BHAVNAGAR_2021_2022,wheat,Rabi,flowering,flowering,2022-02-08,2022-02-23,80,95,5,6,80,125,Bhavnagar,21.7645,72.1519,,2021,2022,3244.39,1,available,29.4,17.157291666666666,27.404166666666665,29.4,17.157291666666666,27.404166666666665,32.5,3,2138.95,2138.95,0.7505087719298245,0.1823844482193006,0.1763876709330475,0.2372396178390601,0.0029223562993697,0.1045249882441451,0.0937561059094323,0.0015842866478609,0.4360098659489935,0.5013640341296238,0.0079799421458174,29.4,2138.95,0.0029223562993697,0.667205568343874,0.207148998863766,0.5370890299479166,153.39161512586804,83.38302031017486,45.36198009006561,63.0,1.0,auxiliary_external_image_dataset
GUJ_BHAVNAGAR_2021_2022,wheat,Rabi,grain_filling_initial,grain_filling_initial,2022-02-23,2022-03-05,95,105,6,7,95,125,Bhavnagar,21.7645,72.1519,,2021,2022,3244.39,1,available,29.4,17.37358490566038,27.902830188679246,29.4,17.37358490566038,27.902830188679246,33.8,12,2399.65,2399.65,0.7617936507936507,0.1851861062419751,0.1771644660102119,0.2372396178390601,0.002643273280009,0.1039536982080543,0.094404070928607,0.0014343186744431,0.4010751576836169,0.4887247707980615,0.0068658909954296,29.4,2399.65,0.002643273280009,0.64207763671875,0.2100675723866411,0.538883518528294,155.23204857078758,96.45987870499894,40.98217857979439,185.0,1.0,auxiliary_external_image_dataset
GUJ_BHAVNAGAR_2021_2022,wheat,Rabi,grain_filling,grain_filling,2022-03-05,2022-03-15,105,115,7,8,105,125,Bhavnagar,21.7645,72.1519,,2021,2022,3244.39,1,available,29.4,17.753448275862066,28.578448275862076,29.4,17.753448275862066,28.578448275862076,38.3,22,2687.2500000000005,2687.2500000000005,0.778913043478261,0.1844752187726003,0.1777040520061747,0.2372396178390601,0.0024110005945469,0.1079427185536076,0.0945576754876201,0.0013013851525274,0.4836279155920037,0.4824784736368997,0.0061381565131441,29.4,2687.2500000000005,0.0024110005945469,0.0612841694294905,0.0121212011134459,0.035730185628939,174.61391897762522,91.87537351976924,38.60734619813807,238.0,1.0,auxiliary_external_image_dataset
GUJ_BHAVNAGAR_2021_2022,wheat,Rabi,maturity_preharvest,maturity_preharvest,2022-03-15,2022-03-25,115,130,8,9,115,125,Bhavnagar,21.7645,72.1519,,2021,2022,3244.39,1,available,29.4,18.329365079365083,29.245238095238097,29.4,18.329365079365083,29.245238095238097,38.3,32,2997.2,2997.2,0.7992533333333333,0.1222894313633998,0.1751715357431776,0.2372396178390601,0.0021462283233287,0.056717075073013,0.0928051013681869,0.0011467282267745,0.827841774903717,0.4933522937832299,0.0059365851071599,29.4,2997.2,0.0021462283233287,0.0008408979936079,2.9083789590208285e-07,8.322975852272727e-07,168.71288785067472,58.12083906693892,40.56065226468173,55.0,1.0,auxiliary_external_image_dataset
GUJ_BHAVNAGAR_2022_2023,wheat,Rabi,sowing,sowing,2022-11-20,2022-11-30,0,10,0,1,0,125,Bhavnagar,21.7645,72.1519,,2022,2023,3078.79,1,available,0.0,18.536363636363635,30.263636363636365,0.0,18.536363636363635,30.263636363636365,30.7,0,268.4,268.4,0.8946666666666666,0.1976300571219222,0.1892841444111951,0.1976300571219222,0.0395260114243844,0.1151980892567459,0.1093060576721003,0.0230396178513491,0.5476434361831135,0.5193385609009536,0.1095286872366227,0.0,268.4,0.0395260114243844,,,,,,,,,
GUJ_BHAVNAGAR_2022_2023,wheat,Rabi,early_vegetative,early_vegetative,2022-11-30,2022-12-10,10,20,1,2,10,125,Bhavnagar,21.7645,72.1519,,2022,2023,3078.79,1,available,0.0,18.70952380952381,30.080952380952382,0.0,18.70952380952381,30.080952380952382,30.7,0,512.3000000000001,512.3000000000001,0.8538333333333334,0.1622903895309767,0.1591929980415382,0.1976300571219222,0.0125189693334346,0.0861477320352509,0.0846005520663239,0.0062989429590598,0.6704304361081781,0.521977354622552,0.0473791209381127,0.0,512.3000000000001,0.0125189693334346,0.880794324372944,0.3849419227053033,0.837755705180921,137.38434640984786,174.4864686664782,48.70969892802992,19.0,1.0,auxiliary_external_image_dataset
GUJ_BHAVNAGAR_2022_2023,wheat,Rabi,tillering,tillering,2022-12-10,2022-12-30,20,40,2,3,20,125,Bhavnagar,21.7645,72.1519,,2022,2023,3078.79,1,available,0.9,18.700000000000003,29.5609756097561,0.9,18.700000000000003,29.5609756097561,31.4,0,989.35,989.35,0.8244583333333334,0.1721648991187542,0.1652408799559553,0.1976300571219222,0.0066849774385127,0.0904969513067003,0.0830718254954008,0.0032883901022241,0.5317444008907479,0.4808048662129488,0.0189148564768342,0.9,989.35,0.0066849774385127,,,,,,,,,
GUJ_BHAVNAGAR_2022_2023,wheat,Rabi,stem_elongation,stem_elongation,2022-12-30,2023-01-19,40,60,3,4,40,125,Bhavnagar,21.7645,72.1519,,2022,2023,3078.79,1,available,0.9,17.6672131147541,28.550819672131148,0.9,17.6672131147541,28.550819672131148,31.4,0,1409.65,1409.65,0.7831388888888889,0.1774061024392912,0.1621634984275121,0.1976300571219222,0.0042153323215603,0.1012300095554062,0.0801022846903815,0.0020426927707548,0.4914579513994012,0.5044572161333167,0.0134459761443768,0.9,1409.65,0.0042153323215603,,,,,,,,,
GUJ_BHAVNAGAR_2022_2023,wheat,Rabi,booting_heading,booting_heading,2023-01-19,2023-02-08,60,80,4,5,60,125,Bhavnagar,21.7645,72.1519,,2022,2023,3078.79,1,available,2.6,17.177777777777777,28.343209876543213,2.6,17.177777777777777,28.343209876543213,31.4,0,1843.6,1843.6,0.7681666666666667,0.1748418839517562,0.1617714165069662,0.1976300571219222,0.0031203527827972,0.0926997727471796,0.0800911792613287,0.0015324274964893,0.5325212355790641,0.4948982445378606,0.0095878613726649,2.6,1843.6,0.0031203527827972,,,,,,,,,
GUJ_BHAVNAGAR_2022_2023,wheat,Rabi,flowering,flowering,2023-02-08,2023-02-23,80,95,5,6,80,125,Bhavnagar,21.7645,72.1519,,2022,2023,3078.79,1,available,2.6,17.282291666666666,28.976041666666664,2.6,17.282291666666666,28.976041666666664,35.3,7,2220.4,2220.4,0.7790877192982456,0.0903182181448092,0.1588955308133712,0.1976300571219222,0.0025212268503693,0.0535889092330534,0.0800746366476377,0.0012846502613748,0.8685580124878115,0.5013193358151797,0.0082953591050849,2.6,2220.4,0.0025212268503693,0.667205568343874,0.207148998863766,0.5370890299479166,153.39161512586804,83.38302031017486,45.36198009006561,63.0,1.0,auxiliary_external_image_dataset
GUJ_BHAVNAGAR_2022_2023,wheat,Rabi,grain_filling_initial,grain_filling_initial,2023-02-23,2023-03-05,95,105,6,7,95,125,Bhavnagar,21.7645,72.1519,,2022,2023,3078.79,1,available,2.6,17.606603773584904,29.50566037735849,2.6,17.606603773584904,29.50566037735849,37.0,17,2496.95,2496.95,0.7926825396825397,0.1550513663999342,0.1589753118000967,0.1976300571219222,0.0022864983476067,0.0699262245791702,0.080086279471968,0.0011612574850379,0.3425996232334161,0.4892668015332948,0.0071120790919065,2.6,2496.95,0.0022864983476067,0.64207763671875,0.2100675723866411,0.538883518528294,155.23204857078758,96.45987870499894,40.98217857979439,185.0,1.0,auxiliary_external_image_dataset
GUJ_BHAVNAGAR_2022_2023,wheat,Rabi,grain_filling,grain_filling,2023-03-05,2023-03-15,105,115,7,8,105,125,Bhavnagar,21.7645,72.1519,,2022,2023,3078.79,1,available,3.7,17.993965517241378,30.004310344827587,3.7,17.993965517241378,30.004310344827587,37.0,27,2783.9,2783.9,0.8069275362318841,0.043931760500938,0.1543954671496028,0.1976300571219222,0.0019668026971316,-0.0095438705822035,0.0763222153724491,0.0009591610970997,-0.4137392069309361,0.4493486254271249,0.0054236270022158,3.7,2783.9,0.0019668026971316,0.0612841694294905,0.0121212011134459,0.035730185628939,174.61391897762522,91.87537351976924,38.60734619813807,238.0,1.0,auxiliary_external_image_dataset
GUJ_BHAVNAGAR_2022_2023,wheat,Rabi,maturity_preharvest,maturity_preharvest,2023-03-15,2023-03-25,115,130,8,9,115,125,Bhavnagar,21.7645,72.1519,,2022,2023,3078.79,1,available,16.900000000000002,18.30079365079365,30.125396825396827,16.900000000000002,18.30079365079365,30.125396825396827,37.0,30,3050.85,3050.85,0.81356,0.1615596717307031,0.1555912854682273,0.1976300571219222,0.0018478133825263,0.0682473624461147,0.0762477064076996,0.0008871962625434,0.4243591604822134,0.4489488103538813,0.0050521561073494,16.900000000000002,3050.85,0.0018478133825263,0.0008408979936079,2.9083789590208285e-07,8.322975852272727e-07,168.71288785067472,58.12083906693892,40.56065226468173,55.0,1.0,auxiliary_external_image_dataset
GUJ_BHAVNAGAR_2023_2024,wheat,Rabi,sowing,sowing,2023-11-20,2023-11-30,0,10,0,1,0,126,Bhavnagar,21.7645,72.1519,,2023,2024,3209.12,1,available,41.1,20.85454545454545,30.072727272727278,41.1,20.85454545454545,30.072727272727278,33.2,4,280.1,280.1,0.9336666666666668,0.1662406936823603,0.1825559211409586,0.1988711485995569,0.033248138736472,0.0820474313307774,0.0992417373165231,0.0164094862661555,1.3290962519827652,0.9969902389626558,0.265819250396553,41.1,280.1,0.033248138736472,,,,,,,,,
GUJ_BHAVNAGAR_2023_2024,wheat,Rabi,early_vegetative,early_vegetative,2023-11-30,2023-12-10,10,20,1,2,10,126,Bhavnagar,21.7645,72.1519,,2023,2024,3209.12,1,available,45.0,20.719047619047625,28.685714285714283,45.0,20.719047619047625,28.685714285714283,33.2,4,518.7499999999999,518.7499999999999,0.8645833333333331,0.1842517571935468,0.116175650723774,0.1988711485995569,0.0078524853157466,0.0882653980255911,0.0475661432800036,0.0021982146618615,0.6205854260737593,0.680674687255844,0.0486731174321807,45.0,518.7499999999999,0.0078524853157466,0.880794324372944,0.3849419227053033,0.837755705180921,137.38434640984786,174.4864686664782,48.70969892802992,19.0,1.0,auxiliary_external_image_dataset
GUJ_BHAVNAGAR_2023_2024,wheat,Rabi,tillering,tillering,2023-12-10,2023-12-30,20,40,2,3,20,126,Bhavnagar,21.7645,72.1519,,2023,2024,3209.12,1,available,45.0,19.729268292682928,28.353658536585368,45.0,19.729268292682928,28.353658536585368,33.2,4,985.7,985.7,0.8214166666666667,0.1252121969070901,0.1402459329128181,0.2184351138341187,0.0058070035361448,0.058488564493526,0.0680261512685818,0.002894124818611,1.1419586263180903,0.5777426880393126,0.0218726568138969,45.0,985.7,0.0058070035361448,,,,,,,,,
GUJ_BHAVNAGAR_2023_2024,wheat,Rabi,stem_elongation,stem_elongation,2023-12-30,2024-01-19,40,60,3,4,40,126,Bhavnagar,21.7645,72.1519,,2023,2024,3209.12,1,available,45.2,18.811475409836063,28.19344262295082,45.2,18.811475409836063,28.19344262295082,33.2,4,1433.6500000000003,1433.6500000000003,0.7964722222222224,0.181215919364437,0.1463445880779182,0.2184351138341187,0.0039979802880516,0.0942876241570499,0.0709916399818137,0.0019609262134001,0.4953302944159315,0.5500976609674687,0.0135317393448455,45.2,1433.6500000000003,0.0039979802880516,,,,,,,,,
GUJ_BHAVNAGAR_2023_2024,wheat,Rabi,booting_heading,booting_heading,2024-01-19,2024-02-08,60,80,4,5,60,126,Bhavnagar,21.7645,72.1519,,2023,2024,3209.12,1,available,45.2,18.39753086419753,28.33333333333333,45.2,18.39753086419753,28.33333333333333,33.2,4,1892.6,1892.6,0.7885833333333334,0.1552998258635627,0.1487340950498911,0.2184351138341187,0.0029927862088478,0.0615439211061852,0.0727608262922066,0.0014737369206813,0.3182010384596284,0.535665802646603,0.0097149112470281,45.2,1892.6,0.0029927862088478,,,,,,,,,
GUJ_BHAVNAGAR_2023_2024,wheat,Rabi,flowering,flowering,2024-02-08,2024-02-23,80,95,5,6,80,126,Bhavnagar,21.7645,72.1519,,2023,2024,3209.12,1,available,45.3,18.48229166666667,28.769791666666663,45.3,18.48229166666667,28.769791666666663,34.7,9,2268.1000000000004,2268.1000000000004,0.7958245614035089,0.0282692993723948,0.1443163863804522,0.2184351138341187,0.0023299271066362,-0.0183476940697452,0.0686665115593566,0.0010823549410849,0.2038166938777124,0.5039081788377994,0.0073057343652146,45.3,2268.1000000000004,0.0023299271066362,0.667205568343874,0.207148998863766,0.5370890299479166,153.39161512586804,83.38302031017486,45.36198009006561,63.0,1.0,auxiliary_external_image_dataset
GUJ_BHAVNAGAR_2023_2024,wheat,Rabi,grain_filling_initial,grain_filling_initial,2024-02-23,2024-03-04,95,105,6,7,95,126,Bhavnagar,21.7645,72.1519,,2023,2024,3209.12,1,available,49.3,18.539622641509435,29.04811320754717,49.3,18.539622641509435,29.04811320754717,36.8,14,2522.1500000000005,2522.1500000000005,0.8006825396825399,0.1048724053610043,0.1400824031625613,0.2184351138341187,0.0019838757577253,0.0443646833138623,0.0660715756536907,0.0009081355783936,0.5965826074292423,0.5158501101164269,0.0070765778999739,49.3,2522.1500000000005,0.0019838757577253,0.64207763671875,0.2100675723866411,0.538883518528294,155.23204857078758,96.45987870499894,40.98217857979439,185.0,1.0,auxiliary_external_image_dataset
GUJ_BHAVNAGAR_2023_2024,wheat,Rabi,grain_filling,grain_filling,2024-03-04,2024-03-14,105,115,7,8,105,126,Bhavnagar,21.7645,72.1519,,2023,2024,3209.12,1,available,49.3,18.628448275862063,29.323275862068964,49.3,18.628448275862063,29.323275862068964,36.8,19,2781.2000000000003,2781.2000000000003,0.806144927536232,0.1608580094618261,0.1422165969702335,0.2184351138341187,0.0018731884940581,0.075990140751151,0.0671629406036772,0.0008648153432937,0.4433241211778049,0.5077813337200009,0.0063114994788522,49.3,2781.2000000000003,0.0018731884940581,0.0612841694294905,0.0121212011134459,0.035730185628939,174.61391897762522,91.87537351976924,38.60734619813807,238.0,1.0,auxiliary_external_image_dataset
GUJ_BHAVNAGAR_2023_2024,wheat,Rabi,maturity_preharvest,maturity_preharvest,2024-03-14,2024-03-25,115,130,8,9,115,126,Bhavnagar,21.7645,72.1519,,2023,2024,3209.12,1,available,49.3,18.93779527559055,29.83307086614173,49.3,18.93779527559055,29.83307086614173,36.8,30,3096.9500000000003,3096.9500000000003,0.8192989417989419,0.1662946675005362,0.1441665171362808,0.2184351138341187,0.0017703352611576,0.0942218453035514,0.0689473597140616,0.0008416175200221,0.4480491577282167,0.5020679242134333,0.0057257748021956,49.3,3096.9500000000003,0.0017703352611576,0.0008408979936079,2.9083789590208285e-07,8.322975852272727e-07,168.71288785067472,58.12083906693892,40.56065226468173,55.0,1.0,auxiliary_external_image_dataset
GUJ_BOTAD_2020_2021,wheat,Rabi,sowing,sowing,2020-11-20,2020-11-30,0,10,0,1,0,125,Botad,,,,2020,2021,3525.53,1,available,0.0,18.581818181818186,31.572727272727278,0.0,18.581818181818186,31.572727272727278,33.8,5,275.85,275.85,0.9195,0.1575316007992923,0.1461403372379164,0.1604971534638685,0.0262835057434048,0.093782723165962,0.0828094707394494,0.0146641990137942,0.6111963279424716,0.5814816916629161,0.1080010031181694,0.0,275.85,0.0262835057434048,,,,,,,,,
GUJ_BOTAD_2020_2021,wheat,Rabi,early_vegetative,early_vegetative,2020-11-30,2020-12-10,10,20,1,2,10,125,Botad,,,,2020,2021,3525.53,1,available,0.1,19.133333333333333,32.357142857142854,0.1,19.133333333333333,32.357142857142854,34.0,14,540.65,540.65,0.9010833333333332,0.1435689190590697,0.1436337357634199,0.1604971534638685,0.011611464550067,0.0806669154797671,0.0773039388216533,0.0061006477260432,0.4927959204630138,0.4996385121713788,0.0376501827759219,0.1,540.65,0.011611464550067,0.880794324372944,0.3849419227053033,0.837755705180921,137.38434640984786,174.4864686664782,48.70969892802992,19.0,1.0,auxiliary_external_image_dataset
GUJ_BOTAD_2020_2021,wheat,Rabi,tillering,tillering,2020-12-10,2020-12-30,20,40,2,3,20,125,Botad,,,,2020,2021,3525.53,1,available,4.299999999999999,17.192682926829264,29.899999999999995,4.299999999999999,17.192682926829264,29.899999999999995,34.0,14,965.4,965.4,0.8045,0.1560030456220885,0.1438225996957222,0.1604971534638685,0.0055345208950426,0.1093464120882666,0.0791586221750653,0.0030927266458004,0.5313782772823091,0.5472519866299577,0.0221915311671445,4.299999999999999,965.4,0.0055345208950426,,,,,,,,,
GUJ_BOTAD_2020_2021,wheat,Rabi,stem_elongation,stem_elongation,2020-12-30,2021-01-19,40,60,3,4,40,125,Botad,,,,2020,2021,3525.53,1,available,4.299999999999999,16.413114754098363,29.437704918032782,4.299999999999999,16.413114754098363,29.437704918032782,34.0,14,1398.4499999999998,1398.4499999999998,0.7769166666666666,0.1395996376779833,0.1365436973770102,0.1604971534638685,0.0033340145697997,0.0785032221914448,0.0724839024073362,0.0017317952893485,0.5597200877233847,0.5421406962003159,0.013901494254516,4.299999999999999,1398.4499999999998,0.0033340145697997,,,,,,,,,
GUJ_BOTAD_2020_2021,wheat,Rabi,booting_heading,booting_heading,2021-01-19,2021-02-08,60,80,4,5,60,125,Botad,,,,2020,2021,3525.53,1,available,4.299999999999999,16.00864197530864,29.472839506172843,4.299999999999999,16.00864197530864,29.472839506172843,34.0,15,1842.0,1842.0,0.7675,0.1547153422493391,0.1391645607243485,0.1604971534638685,0.0026213263763251,0.0915033323995951,0.0759140077891907,0.0014419518055399,0.4351817960006259,0.5119794077779161,0.0093324403032232,4.299999999999999,1842.0,0.0026213263763251,,,,,,,,,
GUJ_BOTAD_2020_2021,wheat,Rabi,flowering,flowering,2021-02-08,2021-02-23,80,95,5,6,80,125,Botad,,,,2020,2021,3525.53,1,available,4.299999999999999,16.409375,30.039583333333336,4.299999999999999,16.409375,30.039583333333336,34.8,29,2229.55,2229.55,0.7822982456140352,0.1401475816114079,0.1386719110127567,0.1604971534638685,0.0021949035496408,0.0684228742791807,0.0751231045816121,0.0011879343311294,0.3324608082772959,0.4885356738837129,0.0072497720201778,4.299999999999999,2229.55,0.0021949035496408,0.667205568343874,0.207148998863766,0.5370890299479166,153.39161512586804,83.38302031017486,45.36198009006561,63.0,1.0,auxiliary_external_image_dataset
GUJ_BOTAD_2020_2021,wheat,Rabi,grain_filling_initial,grain_filling_initial,2021-02-23,2021-03-05,95,105,6,7,95,125,Botad,,,,2020,2021,3525.53,1,available,4.299999999999999,16.90754716981132,30.66320754716981,4.299999999999999,16.90754716981132,30.66320754716981,38.8,39,2521.25,2521.25,0.8003968253968254,0.1383286961184012,0.1378942383120508,0.1604971534638685,0.0019662707955716,0.0768327720517335,0.074263603031867,0.0010527277237128,0.3444754559317468,0.4743949280427894,0.0062572588638428,4.299999999999999,2521.25,0.0019662707955716,0.64207763671875,0.2100675723866411,0.538883518528294,155.23204857078758,96.45987870499894,40.98217857979439,185.0,1.0,auxiliary_external_image_dataset
GUJ_BOTAD_2020_2021,wheat,Rabi,grain_filling,grain_filling,2021-03-05,2021-03-15,105,115,7,8,105,125,Botad,,,,2020,2021,3525.53,1,available,4.299999999999999,17.43793103448276,31.25172413793103,4.299999999999999,17.43793103448276,31.25172413793103,38.8,49,2824.0000000000005,2824.0000000000005,0.8185507246376813,0.1203069926340635,0.1364898506241751,0.1604971534638685,0.0017623727913468,0.0648288444264713,0.0729907286739144,0.0009315998244532,0.3233038566037443,0.461905785109221,0.0054868372471827,4.299999999999999,2824.0000000000005,0.0017623727913468,0.0612841694294905,0.0121212011134459,0.035730185628939,174.61391897762522,91.87537351976924,38.60734619813807,238.0,1.0,auxiliary_external_image_dataset
GUJ_BOTAD_2020_2021,wheat,Rabi,maturity_preharvest,maturity_preharvest,2021-03-15,2021-03-25,115,130,8,9,115,125,Botad,,,,2020,2021,3525.53,1,available,4.299999999999999,17.96587301587302,31.77936507936508,4.299999999999999,17.96587301587302,31.77936507936508,38.8,59,3133.95,3133.95,0.8357199999999999,0.1128404678815199,0.1348071946464049,0.1604971534638685,0.0015864435735847,0.0449112877552514,0.0714815625570062,0.0008256670846437,0.2837354907175727,0.4524807308960767,0.004910327156275,4.299999999999999,3133.95,0.0015864435735847,0.0008408979936079,2.9083789590208285e-07,8.322975852272727e-07,168.71288785067472,58.12083906693892,40.56065226468173,55.0,1.0,auxiliary_external_image_dataset
GUJ_BOTAD_2021_2022,wheat,Rabi,sowing,sowing,2021-11-20,2021-11-30,0,10,0,1,0,125,Botad,,,,2021,2022,3587.64,1,available,0.1,21.21818181818182,33.71818181818182,0.1,21.21818181818182,33.71818181818182,34.9,11,302.15,302.15,1.0071666666666663,0.1014385076393183,0.1189121313125247,0.149364262506301,0.0223742254360487,0.0468414615251731,0.0525852947472281,0.0113693520430562,0.4513808055808359,0.5016795694454215,0.0824206344626023,0.1,302.15,0.0223742254360487,,,,,,,,,
GUJ_BOTAD_2021_2022,wheat,Rabi,early_vegetative,early_vegetative,2021-11-30,2021-12-10,10,20,1,2,10,125,Botad,,,,2021,2022,3587.64,1,available,20.200000000000003,19.742857142857147,31.057142857142853,20.200000000000003,19.742857142857147,31.057142857142853,34.9,11,533.4000000000001,533.4000000000001,0.8890000000000001,0.0803187367795237,0.1107918297443898,0.149364262506301,0.0083922359523414,0.0357385907495036,0.0489158687872111,0.0038788930310911,-0.5201655596201622,0.2526443605744004,0.0033082623864045,20.200000000000003,533.4000000000001,0.0083922359523414,0.880794324372944,0.3849419227053033,0.837755705180921,137.38434640984786,174.4864686664782,48.70969892802992,19.0,1.0,auxiliary_external_image_dataset
GUJ_BOTAD_2021_2022,wheat,Rabi,tillering,tillering,2021-12-10,2021-12-30,20,40,2,3,20,125,Botad,,,,2021,2022,3587.64,1,available,20.200000000000003,17.81219512195122,29.763414634146347,20.200000000000003,17.81219512195122,29.763414634146347,34.9,11,975.3,975.3,0.8127500000000001,0.0802345065881822,0.1208009381822252,0.1526835855622038,0.0050311712517021,0.0386256337221232,0.0585281918857664,0.0025684242192009,-0.1641688131328848,0.3776899812402936,0.0147408488577872,20.200000000000003,975.3,0.0050311712517021,,,,,,,,,
GUJ_BOTAD_2021_2022,wheat,Rabi,stem_elongation,stem_elongation,2021-12-30,2022-01-19,40,60,3,4,40,125,Botad,,,,2021,2022,3587.64,1,available,22.500000000000004,16.754098360655735,28.85245901639344,22.500000000000004,16.754098360655735,28.85245901639344,34.9,11,1391.0,1391.0,0.7727777777777778,0.0785553274811309,0.1189761058084186,0.1526835855622038,0.003019459001889,0.0264133318735165,0.0575063025199359,0.0014941452810819,0.7105002936492836,0.358893274580409,0.0089991826380708,22.500000000000004,1391.0,0.003019459001889,,,,,,,,,
GUJ_BOTAD_2021_2022,wheat,Rabi,booting_heading,booting_heading,2022-01-19,2022-02-08,60,80,4,5,60,125,Botad,,,,2021,2022,3587.64,1,available,23.1,16.270370370370372,28.78024691358025,23.1,16.270370370370372,28.78024691358025,34.9,12,1824.55,1824.55,0.7602291666666666,0.1405755972491353,0.1232493724571018,0.1526835855622038,0.0023857909882986,0.0744850968935212,0.0613208483392788,0.001228243661056,0.3483894489296481,0.3710782355967036,0.0071332949292888,23.1,1824.55,0.0023857909882986,,,,,,,,,
GUJ_BOTAD_2021_2022,wheat,Rabi,flowering,flowering,2022-02-08,2022-02-23,80,95,5,6,80,125,Botad,,,,2021,2022,3587.64,1,available,23.1,16.525000000000002,29.322916666666668,23.1,16.525000000000002,29.322916666666668,36.5,19,2200.7,2200.7,0.7721754385964912,0.1402209721416733,0.1257493843336964,0.1526835855622038,0.0020622083302187,0.0724331590038867,0.062511073715972,0.001048696779239,0.3726735055953494,0.369314989976536,0.0059095376957204,23.1,2200.7,0.0020622083302187,0.667205568343874,0.207148998863766,0.5370890299479166,153.39161512586804,83.38302031017486,45.36198009006561,63.0,1.0,auxiliary_external_image_dataset
GUJ_BOTAD_2021_2022,wheat,Rabi,grain_filling_initial,grain_filling_initial,2022-02-23,2022-03-05,95,105,6,7,95,125,Botad,,,,2021,2022,3587.64,1,available,23.1,16.882075471698112,29.84339622641509,23.1,16.882075471698112,29.84339622641509,36.5,29,2476.45,2476.45,0.7861746031746031,0.1298364773101801,0.1256840984322543,0.1526835855622038,0.0018518117366505,0.065812025626908,0.0625961245912695,0.0009408560089787,0.3308886089925887,0.3652521965337567,0.0052250384577512,23.1,2476.45,0.0018518117366505,0.64207763671875,0.2100675723866411,0.538883518528294,155.23204857078758,96.45987870499894,40.98217857979439,185.0,1.0,auxiliary_external_image_dataset
GUJ_BOTAD_2021_2022,wheat,Rabi,grain_filling,grain_filling,2022-03-05,2022-03-15,105,115,7,8,105,125,Botad,,,,2021,2022,3587.64,1,available,23.1,17.412068965517243,30.54051724137931,23.1,17.412068965517243,30.54051724137931,40.7,39,2781.25,2781.25,0.8061594202898551,0.1255431045461704,0.1247610200359036,0.1526835855622038,0.0016601920607769,0.0659237711871959,0.061924323221041,0.0008356497252988,0.3400437868414134,0.3716562651319776,0.0049251520591961,23.1,2781.25,0.0016601920607769,0.0612841694294905,0.0121212011134459,0.035730185628939,174.61391897762522,91.87537351976924,38.60734619813807,238.0,1.0,auxiliary_external_image_dataset
GUJ_BOTAD_2021_2022,wheat,Rabi,maturity_preharvest,maturity_preharvest,2022-03-15,2022-03-25,115,130,8,9,115,125,Botad,,,,2021,2022,3587.64,1,available,23.1,18.050000000000004,31.25793650793651,23.1,18.050000000000004,31.25793650793651,41.3,49,3106.4,3106.4,0.8283733333333334,0.1362364024104309,0.1246667958574596,0.1526835855622038,0.001521462792115,0.0695150947767181,0.061738346604061,0.0007610202194634,0.319745584857784,0.3672596707033013,0.0044215518456688,23.1,3106.4,0.001521462792115,0.0008408979936079,2.9083789590208285e-07,8.322975852272727e-07,168.71288785067472,58.12083906693892,40.56065226468173,55.0,1.0,auxiliary_external_image_dataset
GUJ_BOTAD_2022_2023,wheat,Rabi,sowing,sowing,2022-11-20,2022-11-30,0,10,0,1,0,125,Botad,,,,2022,2023,3657.22,1,available,0.0,17.88181818181818,32.03636363636363,0.0,17.88181818181818,32.03636363636363,32.4,7,274.54999999999995,274.54999999999995,0.9151666666666664,0.1518093429462435,0.1408743706589645,0.1518093429462435,0.0258896289115006,0.0852613101923244,0.0776865031286598,0.014323807724478,0.4745428246808141,0.4805417365543032,0.0850219861705695,0.0,274.54999999999995,0.0258896289115006,,,,,,,,,
GUJ_BOTAD_2022_2023,wheat,Rabi,early_vegetative,early_vegetative,2022-11-30,2022-12-10,10,20,1,2,10,125,Botad,,,,2022,2023,3657.22,1,available,0.0,17.790476190476188,31.628571428571423,0.0,17.790476190476188,31.628571428571423,32.4,7,518.9,518.9,0.8648333333333333,0.1439369188013699,0.1382409877361657,0.1518093429462435,0.0112045912296099,0.0790417040892224,0.0739740625143324,0.0059056316952043,0.5089442220943337,0.4802708149628428,0.0390487062969793,0.0,518.9,0.0112045912296099,0.880794324372944,0.3849419227053033,0.837755705180921,137.38434640984786,174.4864686664782,48.70969892802992,19.0,1.0,auxiliary_external_image_dataset
GUJ_BOTAD_2022_2023,wheat,Rabi,tillering,tillering,2022-12-10,2022-12-30,20,40,2,3,20,125,Botad,,,,2022,2023,3657.22,1,available,1.3,18.195121951219512,31.419512195121957,1.3,18.195121951219512,31.419512195121957,34.0,16,1017.1,1017.1,0.8475833333333334,0.1401540067506005,0.1351715018092678,0.1518093429462435,0.0052257242964027,0.0757523284190252,0.0685917446342792,0.0025911855098664,0.4990088631802666,0.4416835831602065,0.0165862255876338,1.3,1017.1,0.0052257242964027,,,,,,,,,
GUJ_BOTAD_2022_2023,wheat,Rabi,stem_elongation,stem_elongation,2022-12-30,2023-01-19,40,60,3,4,40,125,Botad,,,,2022,2023,3657.22,1,available,1.3,17.129508196721314,30.44918032786885,1.3,17.129508196721314,30.44918032786885,34.0,16,1451.15,1451.15,0.8061944444444445,0.1463635119140928,0.133628133300852,0.1518093429462435,0.0033935593180515,0.0842126325973151,0.0673469823446797,0.0016878361090613,0.4269915734474774,0.4403161295781976,0.0110224598051838,1.3,1451.15,0.0033935593180515,,,,,,,,,
GUJ_BOTAD_2022_2023,wheat,Rabi,booting_heading,booting_heading,2023-01-19,2023-02-08,60,80,4,5,60,125,Botad,,,,2022,2023,3657.22,1,available,3.2,16.72222222222222,30.195061728395057,3.2,16.72222222222222,30.195061728395057,34.0,19,1900.15,1900.15,0.7917291666666666,0.13875558074083,0.1356611230937899,0.153299732982055,0.0026115036386381,0.0672343229549447,0.0693133332525816,0.0013381476291704,0.5881107419682603,0.4375061938805411,0.008243700614335,3.2,1900.15,0.0026115036386381,,,,,,,,,
GUJ_BOTAD_2022_2023,wheat,Rabi,flowering,flowering,2023-02-08,2023-02-23,80,95,5,6,80,125,Botad,,,,2022,2023,3657.22,1,available,3.2,17.011458333333334,31.05625,3.2,17.011458333333334,31.05625,38.5,33,2307.25,2307.25,0.8095614035087719,0.1348299027181182,0.1366781014700879,0.153299732982055,0.0022175501673343,0.0833222454642809,0.0712259686094544,0.0011779775081416,0.3411412817477291,0.4374139599512025,0.0069494203420511,3.2,2307.25,0.0022175501673343,0.667205568343874,0.207148998863766,0.5370890299479166,153.39161512586804,83.38302031017486,45.36198009006561,63.0,1.0,auxiliary_external_image_dataset
GUJ_BOTAD_2022_2023,wheat,Rabi,grain_filling_initial,grain_filling_initial,2023-02-23,2023-03-05,95,105,6,7,95,125,Botad,,,,2022,2023,3657.22,1,available,3.4000000000000004,17.473584905660374,31.597169811320757,3.4000000000000004,17.473584905660374,31.597169811320757,39.0,43,2600.75,2600.75,0.8256349206349206,0.1500291955172327,0.1366330358571253,0.153299732982055,0.0019980996024297,0.0665064816939856,0.0708801412194808,0.001048352256284,0.3028138658680496,0.4270316130466352,0.0059979002344261,3.4000000000000004,2600.75,0.0019980996024297,0.64207763671875,0.2100675723866411,0.538883518528294,155.23204857078758,96.45987870499894,40.98217857979439,185.0,1.0,auxiliary_external_image_dataset
GUJ_BOTAD_2022_2023,wheat,Rabi,grain_filling,grain_filling,2023-03-05,2023-03-15,105,115,7,8,105,125,Botad,,,,2022,2023,3657.22,1,available,4.9,17.92413793103448,32.02413793103448,4.9,17.92413793103448,32.02413793103448,39.0,53,2897.0000000000005,2897.0000000000005,0.8397101449275364,-0.0527933786184866,0.1319998442532848,0.153299732982055,0.0016975441600677,-0.0526077335997152,0.0674313487428309,0.0008626399626809,0.0440850379246904,0.4222164912346416,0.0053682912609971,4.9,2897.0000000000005,0.0016975441600677,0.0612841694294905,0.0121212011134459,0.035730185628939,174.61391897762522,91.87537351976924,38.60734619813807,238.0,1.0,auxiliary_external_image_dataset
GUJ_BOTAD_2022_2023,wheat,Rabi,maturity_preharvest,maturity_preharvest,2023-03-15,2023-03-25,115,130,8,9,115,125,Botad,,,,2022,2023,3657.22,1,available,16.700000000000003,18.27539682539682,32.17777777777778,16.700000000000003,18.27539682539682,32.17777777777778,39.0,62,3178.5500000000006,3178.5500000000006,0.8476133333333336,0.1021662056932165,0.1302239190631255,0.153299732982055,0.0015242117433572,0.028992218436889,0.0651630788750716,0.0007429623578076,0.4717103362414691,0.4155459509970178,0.0048051083957056,16.700000000000003,3178.5500000000006,0.0015242117433572,0.0008408979936079,2.9083789590208285e-07,8.322975852272727e-07,168.71288785067472,58.12083906693892,40.56065226468173,55.0,1.0,auxiliary_external_image_dataset
GUJ_BOTAD_2023_2024,wheat,Rabi,sowing,sowing,2023-11-20,2023-11-30,0,10,0,1,0,126,Botad,,,,2023,2024,3692.25,1,available,25.7,19.75454545454545,31.06363636363636,25.7,19.75454545454545,31.06363636363636,34.7,5,279.5,279.5,0.9316666666666666,-0.0057322539504253,0.0565095076045487,0.1656183225946674,-0.0016630840713409,-0.0287152785003893,-0.0006419404945122,-0.0082238909244313,0.0211888945529791,0.2437420227175413,0.0209730112063153,25.7,279.5,-0.0016630840713409,,,,,,,,,
GUJ_BOTAD_2023_2024,wheat,Rabi,early_vegetative,early_vegetative,2023-11-30,2023-12-10,10,20,1,2,10,126,Botad,,,,2023,2024,3692.25,1,available,33.5,19.266666666666666,29.59523809523809,33.5,19.266666666666666,29.59523809523809,34.7,5,513.05,513.05,0.8550833333333333,0.1414284016916197,0.0888187711846416,0.1656183225946674,0.0082535805317653,0.0642484440032625,0.0226644514884744,0.002470985101454,0.5394068994878165,0.4580848151161323,0.049061784882501,33.5,513.05,0.0082535805317653,0.880794324372944,0.3849419227053033,0.837755705180921,137.38434640984786,174.4864686664782,48.70969892802992,19.0,1.0,auxiliary_external_image_dataset
GUJ_BOTAD_2023_2024,wheat,Rabi,tillering,tillering,2023-12-10,2023-12-30,20,40,2,3,20,126,Botad,,,,2023,2024,3692.25,1,available,33.5,18.241463414634147,29.334146341463416,33.5,18.241463414634147,29.334146341463416,34.7,5,975.3,975.3,0.8127500000000001,0.0594252378050979,0.1098802793420257,0.1656183225946674,0.0046671906649361,0.017339729760572,0.0438394825531718,0.0021879079909794,0.7304278164975181,0.5718437862311145,0.0250025869640849,33.5,975.3,0.0046671906649361,,,,,,,,,
GUJ_BOTAD_2023_2024,wheat,Rabi,stem_elongation,stem_elongation,2023-12-30,2024-01-19,40,60,3,4,40,126,Botad,,,,2023,2024,3692.25,1,available,34.7,17.447540983606558,29.01311475409836,34.7,17.447540983606558,29.01311475409836,34.7,5,1417.05,1417.05,0.78725,0.1258839483536102,0.1144884970732466,0.1656183225946674,0.0031195828862864,0.0601018484923937,0.0473560968059787,0.0014011834484918,0.4098689242352122,0.5089386325646051,0.0126612021718553,34.7,1417.05,0.0031195828862864,,,,,,,,,
GUJ_BOTAD_2023_2024,wheat,Rabi,booting_heading,booting_heading,2024-01-19,2024-02-08,60,80,4,5,60,126,Botad,,,,2023,2024,3692.25,1,available,34.7,17.314814814814813,29.233333333333327,34.7,17.314814814814813,29.233333333333327,35.0,8,1885.2,1885.2,0.7855,0.1319303806572441,0.1217873916096615,0.1656183225946674,0.0024263577947254,0.0511762038288791,0.0537942810329653,0.0011475851047801,0.1156299613127134,0.492364228457927,0.0087552868428307,34.7,1885.2,0.0024263577947254,,,,,,,,,
GUJ_BOTAD_2023_2024,wheat,Rabi,flowering,flowering,2024-02-08,2024-02-23,80,95,5,6,80,126,Botad,,,,2023,2024,3692.25,1,available,34.7,17.547916666666666,29.67916666666667,34.7,17.547916666666666,29.67916666666667,36.0,15,2266.9,2266.9,0.7954035087719297,0.1354378371334988,0.1248814019215439,0.1656183225946674,0.0020804562632277,0.0562493862931472,0.0557975944247074,0.0009792207030458,0.4067942273275668,0.4728203699771518,0.0069101269047873,34.7,2266.9,0.0020804562632277,0.667205568343874,0.207148998863766,0.5370890299479166,153.39161512586804,83.38302031017486,45.36198009006561,63.0,1.0,auxiliary_external_image_dataset
GUJ_BOTAD_2023_2024,wheat,Rabi,grain_filling_initial,grain_filling_initial,2024-02-23,2024-03-04,95,105,6,7,95,126,Botad,,,,2023,2024,3692.25,1,available,38.8,17.678301886792454,29.980188679245284,38.8,17.678301886792454,29.980188679245284,37.5,20,2525.9,2525.9,0.8018730158730158,0.1119431329032261,0.1234204691121511,0.1656183225946674,0.0018213801217363,0.0394628892015177,0.0553226024960858,0.0008538061344775,0.390481655249639,0.4485738335118967,0.0057069214162706,38.8,2525.9,0.0018213801217363,0.64207763671875,0.2100675723866411,0.538883518528294,155.23204857078758,96.45987870499894,40.98217857979439,185.0,1.0,auxiliary_external_image_dataset
GUJ_BOTAD_2023_2024,wheat,Rabi,grain_filling,grain_filling,2024-03-04,2024-03-14,105,115,7,8,105,126,Botad,,,,2023,2024,3692.25,1,available,38.8,17.87327586206896,30.31465517241379,38.8,17.87327586206896,30.31465517241379,37.5,29,2794.9,2794.9,0.8101159420289855,0.1117215226814319,0.123576084667078,0.1656183225946674,0.0016549639546868,0.0440478364750419,0.0555331799327299,0.0007728355689124,0.3422350768514268,0.4307749599701322,0.0048923086502637,38.8,2794.9,0.0016549639546868,0.0612841694294905,0.0121212011134459,0.035730185628939,174.61391897762522,91.87537351976924,38.60734619813807,238.0,1.0,auxiliary_external_image_dataset
GUJ_BOTAD_2023_2024,wheat,Rabi,maturity_preharvest,maturity_preharvest,2024-03-14,2024-03-25,115,130,8,9,115,126,Botad,,,,2023,2024,3692.25,1,available,38.8,18.29842519685039,30.970078740157483,38.8,18.29842519685039,30.970078740157483,39.3,40,3128.55,3128.55,0.82765873015873,0.1250356436338791,0.1234144525076556,0.1656183225946674,0.0015118752641277,0.0659452873355948,0.0560904868521226,0.0007158756147112,0.3848834441243094,0.4227597177309697,0.0044283963688374,38.8,3128.55,0.0015118752641277,0.0008408979936079,2.9083789590208285e-07,8.322975852272727e-07,168.71288785067472,58.12083906693892,40.56065226468173,55.0,1.0,auxiliary_external_image_dataset
GUJ_CHHOTA_UDEPUR_2020_2021,wheat,Rabi,sowing,sowing,2020-11-20,2020-11-30,0,10,0,1,0,125,Chhota Udepur,,,,2020,2021,3270.67,1,available,0.0,18.700000000000003,29.727272727272734,0.0,18.700000000000003,29.727272727272734,31.5,0,266.35,266.35,0.8878333333333334,0.257284524195217,0.2436268031406581,0.2864822704859321,0.0323222625724811,0.1326953023876397,0.1452070746016532,0.0187357046622249,0.7569347929150846,0.5227644480982679,0.0653721082676552,0.0,266.35,0.0323222625724811,,,,,,,,,
GUJ_CHHOTA_UDEPUR_2020_2021,wheat,Rabi,early_vegetative,early_vegetative,2020-11-30,2020-12-10,10,20,1,2,10,125,Chhota Udepur,,,,2020,2021,3270.67,1,available,0.5,18.61904761904762,30.46190476190476,0.5,18.61904761904762,30.46190476190476,31.8,0,515.35,515.35,0.8589166666666667,0.2364387152940093,0.2520117627043369,0.2864822704859321,0.0179113404959891,0.1294007787113119,0.1516888465246383,0.0107035704595704,1.0535934061128598,0.6691996280239622,0.0535648336406428,0.5,515.35,0.0179113404959891,0.880794324372944,0.3849419227053033,0.837755705180921,137.38434640984786,174.4864686664782,48.70969892802992,19.0,1.0,auxiliary_external_image_dataset
GUJ_CHHOTA_UDEPUR_2020_2021,wheat,Rabi,tillering,tillering,2020-12-10,2020-12-30,20,40,2,3,20,125,Chhota Udepur,,,,2020,2021,3270.67,1,available,20.6,17.441463414634146,28.617073170731707,20.6,17.441463414634146,28.617073170731707,31.8,0,944.2,944.2,0.7868333333333334,0.2568784028250331,0.2487236251902821,0.2864822704859321,0.0090317098109349,0.1548981941550201,0.1527132348602684,0.0056297577515266,0.7772170121274797,0.6722028614264501,0.0260282536092241,20.6,944.2,0.0090317098109349,,,,,,,,,
GUJ_CHHOTA_UDEPUR_2020_2021,wheat,Rabi,stem_elongation,stem_elongation,2020-12-30,2021-01-19,40,60,3,4,40,125,Chhota Udepur,,,,2020,2021,3270.67,1,available,34.8,17.608196721311472,28.622950819672127,34.8,17.608196721311472,28.622950819672127,31.8,0,1410.0500000000002,1410.0500000000002,0.7833611111111112,0.2454258757448339,0.2330707745102844,0.2864822704859321,0.0055197866234496,0.1500138148940751,0.1411595300681904,0.0033364603174218,0.7283309686776451,0.5963555897500613,0.0145237420104864,34.8,1410.0500000000002,0.0055197866234496,,,,,,,,,
GUJ_CHHOTA_UDEPUR_2020_2021,wheat,Rabi,booting_heading,booting_heading,2021-01-19,2021-02-08,60,80,4,5,60,125,Chhota Udepur,,,,2020,2021,3270.67,1,available,34.8,16.85061728395062,28.46049382716049,34.8,16.85061728395062,28.46049382716049,31.8,0,1835.1,1835.1,0.7646250000000001,0.2372511627823325,0.2363200755832381,0.2864822704859321,0.0042252638303494,0.1506916750385347,0.1449383416207811,0.0026134205169155,0.5568782856519817,0.6223069035950918,0.0115141273104506,34.8,1835.1,0.0042252638303494,,,,,,,,,
GUJ_CHHOTA_UDEPUR_2020_2021,wheat,Rabi,flowering,flowering,2021-02-08,2021-02-23,80,95,5,6,80,125,Chhota Udepur,,,,2020,2021,3270.67,1,available,34.9,16.814583333333335,28.85625,34.9,16.814583333333335,28.85625,33.3,5,2192.2,2192.2,0.7691929824561403,0.2349531622024332,0.2328570624742528,0.2864822704859321,0.0035186144720892,0.1357500559121587,0.1418206324580024,0.0021427010986851,0.5923864174038852,0.6416994090517574,0.0103222089264839,34.9,2192.2,0.0035186144720892,0.667205568343874,0.207148998863766,0.5370890299479166,153.39161512586804,83.38302031017486,45.36198009006561,63.0,1.0,auxiliary_external_image_dataset
GUJ_CHHOTA_UDEPUR_2020_2021,wheat,Rabi,grain_filling_initial,grain_filling_initial,2021-02-23,2021-03-05,95,105,6,7,95,125,Chhota Udepur,,,,2020,2021,3270.67,1,available,34.9,16.88490566037736,29.36603773584905,34.9,16.88490566037736,29.36603773584905,35.7,15,2451.3,2451.3,0.7781904761904761,0.2091086304728337,0.2312340376852328,0.2864822704859321,0.0031368309804144,0.1222194734065305,0.140609044794977,0.0019047153956808,0.5783010681424565,0.6327376959649715,0.0089784427489639,34.9,2451.3,0.0031368309804144,0.64207763671875,0.2100675723866411,0.538883518528294,155.23204857078758,96.45987870499894,40.98217857979439,185.0,1.0,auxiliary_external_image_dataset
GUJ_CHHOTA_UDEPUR_2020_2021,wheat,Rabi,grain_filling,grain_filling,2021-03-05,2021-03-15,105,115,7,8,105,125,Chhota Udepur,,,,2020,2021,3270.67,1,available,35.0,17.11551724137931,29.88793103448276,35.0,17.11551724137931,29.88793103448276,36.1,25,2726.2,2726.2,0.7902028985507246,0.1911123112238908,0.2292426515561729,0.2864822704859321,0.002822435065248,0.1139231908921682,0.1391011144136666,0.0017071477533263,0.7137216814214321,0.6292959081631694,0.0080688217402305,35.0,2726.2,0.002822435065248,0.0612841694294905,0.0121212011134459,0.035730185628939,174.61391897762522,91.87537351976924,38.60734619813807,238.0,1.0,auxiliary_external_image_dataset
GUJ_CHHOTA_UDEPUR_2020_2021,wheat,Rabi,maturity_preharvest,maturity_preharvest,2021-03-15,2021-03-25,115,130,8,9,115,125,Chhota Udepur,,,,2020,2021,3270.67,1,available,35.0,17.417460317460314,30.40317460317461,35.0,17.417460317460314,30.40317460317461,37.0,35,3012.7000000000003,3012.7000000000003,0.8033866666666667,0.2106222785929615,0.2274274294868355,0.2864822704859321,0.0026167364674617,0.1254656492464947,0.1377116378828712,0.0015767120568861,0.5375275201778179,0.6256744536081789,0.0074752190925257,35.0,3012.7000000000003,0.0026167364674617,0.0008408979936079,2.9083789590208285e-07,8.322975852272727e-07,168.71288785067472,58.12083906693892,40.56065226468173,55.0,1.0,auxiliary_external_image_dataset
GUJ_CHHOTA_UDEPUR_2021_2022,wheat,Rabi,sowing,sowing,2021-11-20,2021-11-30,0,10,0,1,0,125,Chhota Udepur,,,,2021,2022,3305.3,1,available,0.4,20.35454545454545,31.618181818181824,0.4,20.35454545454545,31.618181818181824,32.8,7,285.85,285.85,0.9528333333333334,0.1702206447445358,0.2651623488788885,0.3147318711420708,0.0328220233548894,0.0993574928550733,0.1612820838406383,0.0203632806276276,-0.5154766367432302,1.1265561703279758,0.0731948734100935,0.4,285.85,0.0328220233548894,,,,,,,,,
GUJ_CHHOTA_UDEPUR_2021_2022,wheat,Rabi,early_vegetative,early_vegetative,2021-11-30,2021-12-10,10,20,1,2,10,125,Chhota Udepur,,,,2021,2022,3305.3,1,available,21.4,19.51904761904762,29.20476190476191,21.4,19.51904761904762,29.20476190476191,32.8,7,511.6,511.6,0.8526666666666667,0.2193230277440458,0.2466094510840685,0.3147318711420708,0.0160564000610762,0.1382917062158334,0.1518344088760853,0.0100650040617983,-2.0577326563581155,1.1712321672474189,0.0616682435882212,21.4,511.6,0.0160564000610762,0.880794324372944,0.3849419227053033,0.837755705180921,137.38434640984786,174.4864686664782,48.70969892802992,19.0,1.0,auxiliary_external_image_dataset
GUJ_CHHOTA_UDEPUR_2021_2022,wheat,Rabi,tillering,tillering,2021-12-10,2021-12-30,20,40,2,3,20,125,Chhota Udepur,,,,2021,2022,3305.3,1,available,21.4,17.507317073170732,28.241463414634147,21.4,17.507317073170732,28.241463414634147,32.8,7,937.85,937.85,0.7815416666666667,0.2810697371956248,0.2551674410120226,0.3147318711420708,0.0097086461385151,0.1701809886458759,0.1574294371901984,0.0060091769851517,1.012898891466733,0.9884882549438658,0.0298120948773516,21.4,937.85,0.0097086461385151,,,,,,,,,
GUJ_CHHOTA_UDEPUR_2021_2022,wheat,Rabi,stem_elongation,stem_elongation,2021-12-30,2022-01-19,40,60,3,4,40,125,Chhota Udepur,,,,2021,2022,3305.3,1,available,24.1,16.68360655737705,27.701639344262297,24.1,16.68360655737705,27.701639344262297,32.8,7,1353.7499999999998,1353.7499999999998,0.7520833333333332,0.261034883088941,0.2509663420476929,0.3147318711420708,0.0060083405460602,0.1503263464627437,0.1536219711200297,0.0036591395270918,0.8731666170325267,0.885690717406736,0.0177708557250142,24.1,1353.7499999999998,0.0060083405460602,,,,,,,,,
GUJ_CHHOTA_UDEPUR_2021_2022,wheat,Rabi,booting_heading,booting_heading,2022-01-19,2022-02-08,60,80,4,5,60,125,Chhota Udepur,,,,2021,2022,3305.3,1,available,30.4,15.72345679012346,27.42469135802469,30.4,15.72345679012346,27.42469135802469,32.8,7,1747.4999999999998,1747.4999999999998,0.7281249999999999,0.2466517666307771,0.2334376377440158,0.3147318711420708,0.0039552279471709,0.1446075657786808,0.1417451726355391,0.0023785952021666,0.7038000798206704,0.8059551459878684,0.0119668389597489,30.4,1747.4999999999998,0.0039552279471709,,,,,,,,,
GUJ_CHHOTA_UDEPUR_2021_2022,wheat,Rabi,flowering,flowering,2022-02-08,2022-02-23,80,95,5,6,80,125,Chhota Udepur,,,,2021,2022,3305.3,1,available,30.4,15.770833333333334,27.84895833333333,30.4,15.770833333333334,27.84895833333333,33.3,10,2093.75,2093.75,0.7346491228070176,0.2192200346799597,0.2338995417938295,0.3147318711420708,0.0034152791422877,0.1245478503587742,0.141385229832809,0.0020417901848197,0.5530633256511146,0.7734518076349046,0.0098519912879294,30.4,2093.75,0.0034152791422877,0.667205568343874,0.207148998863766,0.5370890299479166,153.39161512586804,83.38302031017486,45.36198009006561,63.0,1.0,auxiliary_external_image_dataset
GUJ_CHHOTA_UDEPUR_2021_2022,wheat,Rabi,grain_filling_initial,grain_filling_initial,2022-02-23,2022-03-05,95,105,6,7,95,125,Chhota Udepur,,,,2021,2022,3305.3,1,available,30.4,15.91509433962264,28.35377358490566,30.4,15.91509433962264,28.35377358490566,34.5,20,2346.25,2346.25,0.7448412698412699,0.2336350136420457,0.2334526560222755,0.3147318711420708,0.0031114154051205,0.1390025503027524,0.1407795189017154,0.0018553369119236,0.5154003410888082,0.7565632948669645,0.0088241174260096,30.4,2346.25,0.0031114154051205,0.64207763671875,0.2100675723866411,0.538883518528294,155.23204857078758,96.45987870499894,40.98217857979439,185.0,1.0,auxiliary_external_image_dataset
GUJ_CHHOTA_UDEPUR_2021_2022,wheat,Rabi,grain_filling,grain_filling,2022-03-05,2022-03-15,105,115,7,8,105,125,Chhota Udepur,,,,2021,2022,3305.3,1,available,30.700000000000003,16.342241379310344,28.99913793103448,30.700000000000003,16.342241379310344,28.99913793103448,38.7,30,2629.8,2629.8,0.7622608695652174,0.2213500893388795,0.2330206407352882,0.3147318711420708,0.0028556699310278,0.1310087482509004,0.1399943284001407,0.0016939686580628,0.5214023723512514,0.7405193205168924,0.007950246525034,30.700000000000003,2629.8,0.0028556699310278,0.0612841694294905,0.0121212011134459,0.035730185628939,174.61391897762522,91.87537351976924,38.60734619813807,238.0,1.0,auxiliary_external_image_dataset
GUJ_CHHOTA_UDEPUR_2021_2022,wheat,Rabi,maturity_preharvest,maturity_preharvest,2022-03-15,2022-03-25,115,130,8,9,115,125,Chhota Udepur,,,,2021,2022,3305.3,1,available,30.700000000000003,16.799999999999997,29.749206349206347,30.700000000000003,16.799999999999997,29.749206349206347,40.0,40,2932.5999999999995,2932.5999999999995,0.7820266666666665,0.2167922571441504,0.2326306058691952,0.3147318711420708,0.0027383319992154,0.1230459637306557,0.1396846794444325,0.0016242841899618,0.5580809492044468,0.7318867453620178,0.0075410513736083,30.700000000000003,2932.5999999999995,0.0027383319992154,0.0008408979936079,2.9083789590208285e-07,8.322975852272727e-07,168.71288785067472,58.12083906693892,40.56065226468173,55.0,1.0,auxiliary_external_image_dataset
GUJ_CHHOTA_UDEPUR_2022_2023,wheat,Rabi,sowing,sowing,2022-11-20,2022-11-30,0,10,0,1,0,125,Chhota Udepur,,,,2022,2023,3285.24,1,available,0.0,16.954545454545453,29.536363636363635,0.0,16.954545454545453,29.536363636363635,30.5,0,255.7,255.7,0.8523333333333333,0.2728440358984332,0.2824055522466188,0.2893976080404165,0.0365636427325338,0.1607644111812436,0.1740192732814736,0.0221916243138138,0.7000193533824841,0.8311083702225617,0.1082268623207261,0.0,255.7,0.0365636427325338,,,,,,,,,
GUJ_CHHOTA_UDEPUR_2022_2023,wheat,Rabi,early_vegetative,early_vegetative,2022-11-30,2022-12-10,10,20,1,2,10,125,Chhota Udepur,,,,2022,2023,3285.24,1,available,0.0,17.290476190476188,29.633333333333333,0.0,17.290476190476188,29.633333333333333,31.4,0,492.7,492.7,0.8211666666666666,0.2797066702422503,0.2463889592898199,0.2921438605513761,0.0163243553031955,0.176901531067172,0.149325751613286,0.009817855993225,0.7375127480756629,0.7287078144021015,0.0481711062405909,0.0,492.7,0.0163243553031955,0.880794324372944,0.3849419227053033,0.837755705180921,137.38434640984786,174.4864686664782,48.70969892802992,19.0,1.0,auxiliary_external_image_dataset
GUJ_CHHOTA_UDEPUR_2022_2023,wheat,Rabi,tillering,tillering,2022-12-10,2022-12-30,20,40,2,3,20,125,Chhota Udepur,,,,2022,2023,3285.24,1,available,4.9,17.741463414634147,29.709756097560973,4.9,17.741463414634147,29.709756097560973,32.2,1,972.75,972.75,0.810625,0.2470109236258338,0.2494275223584962,0.2921438605513761,0.0088779926592022,0.1371173867812703,0.1484104000413102,0.0052299534655444,0.6037575995337529,0.7399391190971087,0.026530644723102,4.9,972.75,0.0088779926592022,,,,,,,,,
GUJ_CHHOTA_UDEPUR_2022_2023,wheat,Rabi,stem_elongation,stem_elongation,2022-12-30,2023-01-19,40,60,3,4,40,125,Chhota Udepur,,,,2022,2023,3285.24,1,available,4.9,16.463934426229507,28.532786885245905,4.9,16.463934426229507,28.532786885245905,32.2,1,1372.4000000000003,1372.4000000000003,0.7624444444444446,0.2398091307905978,0.2448669569169096,0.2921438605513761,0.0057797465850975,0.1377186305675675,0.1469506195118169,0.0034713497445194,0.5820711887622028,0.6722582373683531,0.0149127462979509,4.9,1372.4000000000003,0.0057797465850975,,,,,,,,,
GUJ_CHHOTA_UDEPUR_2022_2023,wheat,Rabi,booting_heading,booting_heading,2023-01-19,2023-02-08,60,80,4,5,60,125,Chhota Udepur,,,,2022,2023,3285.24,1,available,10.3,16.10246913580247,28.433333333333334,10.3,16.10246913580247,28.433333333333334,32.2,1,1803.7,1803.7,0.7515416666666667,0.2331321487359691,0.2406599086598153,0.2921438605513761,0.0042835078833479,0.1415371078041418,0.1437569538020693,0.0025531224744211,0.5875548490708338,0.6801329352255816,0.0119344977751714,10.3,1803.7,0.0042835078833479,,,,,,,,,
GUJ_CHHOTA_UDEPUR_2022_2023,wheat,Rabi,flowering,flowering,2023-02-08,2023-02-23,80,95,5,6,80,125,Chhota Udepur,,,,2022,2023,3285.24,1,available,10.3,16.0625,29.084375,10.3,16.0625,29.084375,34.7,11,2167.05,2167.05,0.7603684210526317,0.2221553462684448,0.2391807338224714,0.2921438605513761,0.0036066991058917,0.1335198416105784,0.1438986994430935,0.0021799768434743,0.6047830320300527,0.6624823838895798,0.0097124249524171,10.3,2167.05,0.0036066991058917,0.667205568343874,0.207148998863766,0.5370890299479166,153.39161512586804,83.38302031017486,45.36198009006561,63.0,1.0,auxiliary_external_image_dataset
GUJ_CHHOTA_UDEPUR_2022_2023,wheat,Rabi,grain_filling_initial,grain_filling_initial,2023-02-23,2023-03-05,95,105,6,7,95,125,Chhota Udepur,,,,2022,2023,3285.24,1,available,10.3,16.18867924528302,29.64056603773585,10.3,16.18867924528302,29.64056603773585,36.8,21,2428.9500000000003,2428.9500000000003,0.7710952380952382,0.2561031888096281,0.2382390939741569,0.2921438605513761,0.0032603185543216,0.1291800678442102,0.142676658548203,0.0019509437868623,0.4316692338689651,0.6516582855884177,0.0086015823678965,10.3,2428.9500000000003,0.0032603185543216,0.64207763671875,0.2100675723866411,0.538883518528294,155.23204857078758,96.45987870499894,40.98217857979439,185.0,1.0,auxiliary_external_image_dataset
GUJ_CHHOTA_UDEPUR_2022_2023,wheat,Rabi,grain_filling,grain_filling,2023-03-05,2023-03-15,105,115,7,8,105,125,Chhota Udepur,,,,2022,2023,3285.24,1,available,11.0,16.58534482758621,30.078448275862076,11.0,16.58534482758621,30.078448275862076,36.8,31,2706.5,2706.5,0.7844927536231884,0.1363041215150526,0.2355388002559677,0.2921438605513761,0.0029865435751057,0.069880497221481,0.1405561268818093,0.0017745429214017,0.2856467304032699,0.6402885065844449,0.007810331333607,11.0,2706.5,0.0029865435751057,0.0612841694294905,0.0121212011134459,0.035730185628939,174.61391897762522,91.87537351976924,38.60734619813807,238.0,1.0,auxiliary_external_image_dataset
GUJ_CHHOTA_UDEPUR_2022_2023,wheat,Rabi,maturity_preharvest,maturity_preharvest,2023-03-15,2023-03-25,115,130,8,9,115,125,Chhota Udepur,,,,2022,2023,3285.24,1,available,21.5,16.83809523809524,30.191269841269843,21.5,16.83809523809524,30.191269841269843,36.8,34,2962.8500000000004,2962.8500000000004,0.7900933333333334,0.2369381094032133,0.2354844961112253,0.2921438605513761,0.002799021384208,0.1351329206288272,0.1398876838365409,0.0016488103276217,0.5826853217708224,0.6406433973283728,0.0073676081947916,21.5,2962.8500000000004,0.002799021384208,0.0008408979936079,2.9083789590208285e-07,8.322975852272727e-07,168.71288785067472,58.12083906693892,40.56065226468173,55.0,1.0,auxiliary_external_image_dataset
GUJ_CHHOTA_UDEPUR_2023_2024,wheat,Rabi,sowing,sowing,2023-11-20,2023-11-30,0,10,0,1,0,126,Chhota Udepur,,,,2023,2024,3090.51,1,available,36.2,19.863636363636367,29.827272727272728,36.2,19.863636363636367,29.827272727272728,33.3,2,273.3,273.3,0.911,0.096899801582257,0.2128819531231926,0.2818896546776944,0.0215410937408407,0.0368520512874704,0.11844320560182,0.0112188027722893,0.074545370953936,0.7036443444842971,0.0505427920251509,36.2,273.3,0.0215410937408407,,,,,,,,,
GUJ_CHHOTA_UDEPUR_2023_2024,wheat,Rabi,early_vegetative,early_vegetative,2023-11-30,2023-12-10,10,20,1,2,10,126,Chhota Udepur,,,,2023,2024,3090.51,1,available,40.8,19.6047619047619,29.19523809523809,40.8,19.6047619047619,29.19523809523809,33.3,2,512.4,512.4,0.854,0.3202230428026668,0.2351523882008919,0.3202230428026668,0.0167417555382244,0.1977213998020521,0.1360636006333086,0.0098332148735798,1.2042402368405831,0.5669152082970528,0.0319738670948495,40.8,512.4,0.0167417555382244,0.880794324372944,0.3849419227053033,0.837755705180921,137.38434640984786,174.4864686664782,48.70969892802992,19.0,1.0,auxiliary_external_image_dataset
GUJ_CHHOTA_UDEPUR_2023_2024,wheat,Rabi,tillering,tillering,2023-12-10,2023-12-30,20,40,2,3,20,126,Chhota Udepur,,,,2023,2024,3090.51,1,available,40.8,18.731707317073173,28.936585365853656,40.8,18.731707317073173,28.936585365853656,33.3,2,977.2,977.2,0.8143333333333332,0.2805733237237575,0.2652252805853839,0.3324379034131004,0.010131440881374,0.1684878093526095,0.1607170326442873,0.0062847946207485,1.3347309277714643,0.7592229133619729,0.0302758920321493,40.8,977.2,0.010131440881374,,,,,,,,,
GUJ_CHHOTA_UDEPUR_2023_2024,wheat,Rabi,stem_elongation,stem_elongation,2023-12-30,2024-01-19,40,60,3,4,40,126,Chhota Udepur,,,,2023,2024,3090.51,1,available,41.1,18.083606557377053,28.750819672131147,41.1,18.083606557377053,28.750819672131147,33.3,2,1428.45,1428.45,0.7935833333333333,0.2977210977992703,0.257582299947291,0.3324379034131004,0.0064142498152582,0.1818409537034326,0.1549937735201201,0.0038995293650485,1.1804255909583825,0.8280220087889404,0.0222660746132912,41.1,1428.45,0.0064142498152582,,,,,,,,,
GUJ_CHHOTA_UDEPUR_2023_2024,wheat,Rabi,booting_heading,booting_heading,2024-01-19,2024-02-08,60,80,4,5,60,126,Chhota Udepur,,,,2023,2024,3090.51,1,available,41.1,17.470370370370368,28.75925925925926,41.1,17.470370370370368,28.75925925925926,33.3,3,1872.3,1872.3,0.7801249999999998,0.2586442563836154,0.2599038883334783,0.3324379034131004,0.0050244116863627,0.1481802099460114,0.157219182909109,0.0030658009132852,0.59468202820304,0.8321585530677647,0.0167743818379265,41.1,1872.3,0.0050244116863627,,,,,,,,,
GUJ_CHHOTA_UDEPUR_2023_2024,wheat,Rabi,flowering,flowering,2024-02-08,2024-02-23,80,95,5,6,80,126,Chhota Udepur,,,,2023,2024,3090.51,1,available,42.2,17.516666666666666,29.10729166666667,42.2,17.516666666666666,29.10729166666667,34.1,8,2237.95,2237.95,0.7852456140350876,0.2284315780407704,0.2550926686512667,0.3324379034131004,0.0040584252882039,0.1410160614172328,0.1538853385435158,0.0024578739471198,0.7240721986058742,0.8442151529806282,0.0142779355624158,42.2,2237.95,0.0040584252882039,0.667205568343874,0.207148998863766,0.5370890299479166,153.39161512586804,83.38302031017486,45.36198009006561,63.0,1.0,auxiliary_external_image_dataset
GUJ_CHHOTA_UDEPUR_2023_2024,wheat,Rabi,grain_filling_initial,grain_filling_initial,2024-02-23,2024-03-04,95,105,6,7,95,126,Chhota Udepur,,,,2023,2024,3090.51,1,available,43.9,17.550943396226415,29.391509433962263,43.9,17.550943396226415,29.391509433962263,36.5,14,2487.9500000000003,2487.9500000000003,0.7898253968253969,0.2541467185815002,0.2512728993213564,0.3324379034131004,0.003517981099449,0.1611575759285312,0.1513861021087807,0.002123772336186,1.0252217349700616,0.8645318253235598,0.0131975467190779,43.9,2487.9500000000003,0.003517981099449,0.64207763671875,0.2100675723866411,0.538883518528294,155.23204857078758,96.45987870499894,40.98217857979439,185.0,1.0,auxiliary_external_image_dataset
GUJ_CHHOTA_UDEPUR_2023_2024,wheat,Rabi,grain_filling,grain_filling,2024-03-04,2024-03-14,105,115,7,8,105,126,Chhota Udepur,,,,2023,2024,3090.51,1,available,43.9,17.498275862068965,29.702586206896548,43.9,17.498275862068965,29.702586206896548,36.5,23,2737.65,2737.65,0.7935217391304348,0.2268093355970575,0.2504180476724342,0.3324379034131004,0.0031763331117201,0.1331034424554448,0.1508141561742239,0.0019152919119913,0.6406840378301605,0.8466939434098741,0.0113666099770423,43.9,2737.65,0.0031763331117201,0.0612841694294905,0.0121212011134459,0.035730185628939,174.61391897762522,91.87537351976924,38.60734619813807,238.0,1.0,auxiliary_external_image_dataset
GUJ_CHHOTA_UDEPUR_2023_2024,wheat,Rabi,maturity_preharvest,maturity_preharvest,2024-03-14,2024-03-25,115,130,8,9,115,126,Chhota Udepur,,,,2023,2024,3090.51,1,available,43.9,17.637795275590552,30.277165354330712,43.9,17.637795275590552,30.277165354330712,38.4,34,3042.6,3042.6,0.8049206349206349,0.1936305949315716,0.2468497805644546,0.3324379034131004,0.0028349285132118,0.1128657389491299,0.1488364336468108,0.0017129645768241,0.7926634301027231,0.844257979067987,0.0103017969289783,43.9,3042.6,0.0028349285132118,0.0008408979936079,2.9083789590208285e-07,8.322975852272727e-07,168.71288785067472,58.12083906693892,40.56065226468173,55.0,1.0,auxiliary_external_image_dataset
GUJ_DAHOD_2020_2021,wheat,Rabi,sowing,sowing,2020-11-20,2020-11-30,0,10,0,1,0,125,Dahod,,,,2020,2021,2378.16,1,available,0.0,16.28181818181818,28.272727272727277,0.0,16.28181818181818,28.272727272727277,30.0,0,245.05,245.05,0.8168333333333334,0.2611538920448808,0.2430135310540279,0.2871022496139042,0.0332328065517182,0.0556013645148185,0.0724724324970451,0.0103862147911557,0.5666024728946599,0.1639762774499623,0.02127894108053,0.0,245.05,0.0332328065517182,,,,,,,,,
GUJ_DAHOD_2020_2021,wheat,Rabi,early_vegetative,early_vegetative,2020-11-30,2020-12-10,10,20,1,2,10,125,Dahod,,,,2020,2021,2378.16,1,available,0.1,15.87619047619048,29.071428571428573,0.1,15.87619047619048,29.071428571428573,30.5,0,471.94999999999993,471.94999999999993,0.7865833333333332,0.2525771571770475,0.2581660447152812,0.2946245744391448,0.0187633777034028,0.0704364538795408,0.0753721223457488,0.0054969970712221,0.3988937969089849,0.3893864188369474,0.0349697457920445,0.1,471.94999999999993,0.0187633777034028,0.880794324372944,0.3849419227053033,0.837755705180921,137.38434640984786,174.4864686664782,48.70969892802992,19.0,1.0,auxiliary_external_image_dataset
GUJ_DAHOD_2020_2021,wheat,Rabi,tillering,tillering,2020-12-10,2020-12-30,20,40,2,3,20,125,Dahod,,,,2020,2021,2378.16,1,available,26.800000000000004,14.778048780487808,26.948780487804875,26.800000000000004,14.778048780487808,26.948780487804875,30.5,0,855.4,855.4,0.7128333333333333,0.235770837589516,0.2517172127668832,0.3139429179937319,0.0092223559416312,0.0907624012789923,0.0802802152350674,0.0031447239418147,0.706493514018225,0.4374458066580079,0.0194694186499917,26.800000000000004,855.4,0.0092223559416312,,,,,,,,,
GUJ_DAHOD_2020_2021,wheat,Rabi,stem_elongation,stem_elongation,2020-12-30,2021-01-19,40,60,3,4,40,125,Dahod,,,,2020,2021,2378.16,1,available,47.7,15.262295081967212,26.95081967213115,47.7,15.262295081967212,26.95081967213115,30.5,0,1287.4999999999998,1287.4999999999998,0.7152777777777777,0.3031539344970161,0.2394637417119246,0.3139429179937319,0.0057749773864787,0.0802017264735945,0.0754901074284833,0.0018648283202194,1.5259967555438227,0.3194298254076746,0.0080567385692744,47.7,1287.4999999999998,0.0057749773864787,,,,,,,,,
GUJ_DAHOD_2020_2021,wheat,Rabi,booting_heading,booting_heading,2021-01-19,2021-02-08,60,80,4,5,60,125,Dahod,,,,2020,2021,2378.16,1,available,47.7,14.533333333333331,26.7283950617284,47.7,14.533333333333331,26.7283950617284,30.5,0,1671.1,1671.1,0.6962916666666666,0.2952950005506579,0.2527725540579973,0.3169575600167529,0.0046500693502908,0.0697892308962003,0.07997187061612,0.0014886397375145,0.9503130936660212,0.4877305051525435,0.011132554921417,47.7,1671.1,0.0046500693502908,,,,,,,,,
GUJ_DAHOD_2020_2021,wheat,Rabi,flowering,flowering,2021-02-08,2021-02-23,80,95,5,6,80,125,Dahod,,,,2020,2021,2378.16,1,available,48.400000000000006,14.5875,27.219791666666666,48.400000000000006,14.5875,27.219791666666666,32.0,1,2006.75,2006.75,0.7041228070175438,0.2908108622641178,0.2500821319164294,0.3169575600167529,0.0038126095107903,0.0677361955345748,0.0776606632479289,0.0011733763891334,0.482883957841759,0.5083825551835269,0.0092844772610573,48.400000000000006,2006.75,0.0038126095107903,0.667205568343874,0.207148998863766,0.5370890299479166,153.39161512586804,83.38302031017486,45.36198009006561,63.0,1.0,auxiliary_external_image_dataset
GUJ_DAHOD_2020_2021,wheat,Rabi,grain_filling_initial,grain_filling_initial,2021-02-23,2021-03-05,95,105,6,7,95,125,Dahod,,,,2020,2021,2378.16,1,available,48.400000000000006,14.905660377358489,27.744339622641505,48.400000000000006,14.905660377358489,27.744339622641505,34.0,9,2260.45,2260.45,0.7176031746031746,0.2454088922594254,0.2524515228020381,0.3169575600167529,0.0035114097418727,0.0785048361458441,0.0769651317935606,0.0010468513339718,0.587589472565784,0.5507923727523385,0.0092178661141861,48.400000000000006,2260.45,0.0035114097418727,0.64207763671875,0.2100675723866411,0.538883518528294,155.23204857078758,96.45987870499894,40.98217857979439,185.0,1.0,auxiliary_external_image_dataset
GUJ_DAHOD_2020_2021,wheat,Rabi,grain_filling,grain_filling,2021-03-05,2021-03-15,105,115,7,8,105,125,Dahod,,,,2020,2021,2378.16,1,available,48.8,15.311206896551724,28.28793103448276,48.8,15.311206896551724,28.28793103448276,35.0,18,2528.75,2528.75,0.7329710144927536,0.1761585490800273,0.2517466873407973,0.3169575600167529,0.0031883651382836,0.1000955122691428,0.078392153632715,0.0009934037988289,0.958499890714618,0.6130089841816975,0.0096177427924352,48.8,2528.75,0.0031883651382836,0.0612841694294905,0.0121212011134459,0.035730185628939,174.61391897762522,91.87537351976924,38.60734619813807,238.0,1.0,auxiliary_external_image_dataset
GUJ_DAHOD_2020_2021,wheat,Rabi,maturity_preharvest,maturity_preharvest,2021-03-15,2021-03-25,115,130,8,9,115,125,Dahod,,,,2020,2021,2378.16,1,available,49.0,15.81031746031746,28.82063492063492,49.0,15.81031746031746,28.82063492063492,35.9,28,2811.75,2811.75,0.7498,0.2143581917694752,0.2493603356848066,0.3169575600167529,0.0029423554499635,0.0733340611349636,0.078322968520559,0.0009315109356164,1.208579971596313,0.6227568784556167,0.0090481360399969,49.0,2811.75,0.0029423554499635,0.0008408979936079,2.9083789590208285e-07,8.322975852272727e-07,168.71288785067472,58.12083906693892,40.56065226468173,55.0,1.0,auxiliary_external_image_dataset
GUJ_DAHOD_2021_2022,wheat,Rabi,sowing,sowing,2021-11-20,2021-11-30,0,10,0,1,0,125,Dahod,,,,2021,2022,2346.41,1,available,0.0,17.363636363636363,29.509090909090904,0.0,17.363636363636363,29.509090909090904,30.5,0,257.8,257.8,0.8593333333333334,0.2511414793515817,0.2073825105439235,0.269674314040997,0.0412058841606364,0.0795093778410875,0.0621677634492427,0.0126056291413229,0.7247886261019852,0.5347093119699469,0.1310666098278279,0.0,257.8,0.0412058841606364,,,,,,,,,
GUJ_DAHOD_2021_2022,wheat,Rabi,early_vegetative,early_vegetative,2021-11-30,2021-12-10,10,20,1,2,10,125,Dahod,,,,2021,2022,2346.41,1,available,23.8,16.804761904761904,27.180952380952384,23.8,16.804761904761904,27.180952380952384,30.5,0,461.85,461.85,0.7697499999999999,0.1857674723231989,0.1827971833370515,0.269674314040997,0.012187274519928,0.0935749667799802,0.0682769109959162,0.0052001705769796,-0.2294109221772369,0.1349095140258058,-0.0018989543224747,23.8,461.85,0.012187274519928,0.880794324372944,0.3849419227053033,0.837755705180921,137.38434640984786,174.4864686664782,48.70969892802992,19.0,1.0,auxiliary_external_image_dataset
GUJ_DAHOD_2021_2022,wheat,Rabi,tillering,tillering,2021-12-10,2021-12-30,20,40,2,3,20,125,Dahod,,,,2021,2022,2346.41,1,available,26.1,15.275609756097564,26.212195121951225,26.1,15.275609756097564,26.212195121951225,30.5,0,850.5000000000001,850.5000000000001,0.7087500000000001,0.207362334161748,0.1930124377650297,0.269674314040997,0.0074262528420537,0.0745247220316495,0.0722710235189131,0.0028380649682694,1.068792721564481,0.4922037540768261,0.0240701091533233,26.1,850.5000000000001,0.0074262528420537,,,,,,,,,
GUJ_DAHOD_2021_2022,wheat,Rabi,stem_elongation,stem_elongation,2021-12-30,2022-01-19,40,60,3,4,40,125,Dahod,,,,2021,2022,2346.41,1,available,26.6,14.288524590163936,25.56393442622951,26.6,14.288524590163936,25.56393442622951,30.5,0,1215.5,1215.5,0.6752777777777778,0.1676099702750524,0.1850056505898336,0.269674314040997,0.0046256763722401,0.0353316482612112,0.0648534006409061,0.0015541967753786,0.5624541776272746,0.5565818790581916,0.0172193799911509,26.6,1215.5,0.0046256763722401,,,,,,,,,
GUJ_DAHOD_2021_2022,wheat,Rabi,booting_heading,booting_heading,2022-01-19,2022-02-08,60,80,4,5,60,125,Dahod,,,,2021,2022,2346.41,1,available,29.2,13.712345679012344,25.385185185185183,29.2,13.712345679012344,25.385185185185183,30.5,0,1583.4499999999998,1583.4499999999998,0.6597708333333333,0.2561561949592455,0.1822643231569946,0.269674314040997,0.003264857718306,0.0290385994701771,0.0576888083748393,0.0009135678996004,1.0789187447116488,0.5999446927459609,0.0126446159782688,29.2,1583.4499999999998,0.003264857718306,,,,,,,,,
GUJ_DAHOD_2021_2022,wheat,Rabi,flowering,flowering,2022-02-08,2022-02-23,80,95,5,6,80,125,Dahod,,,,2021,2022,2346.41,1,available,29.2,13.865625,25.90520833333333,29.2,13.865625,25.90520833333333,32.4,1,1909.0,1909.0,0.6698245614035088,0.2490465015165982,0.186730449142903,0.269674314040997,0.0028743379711651,0.0050359301159001,0.0524847612016348,0.0006560079904893,0.4041887457556344,0.581885206453898,0.0096306105793352,29.2,1909.0,0.0028743379711651,0.667205568343874,0.207148998863766,0.5370890299479166,153.39161512586804,83.38302031017486,45.36198009006561,63.0,1.0,auxiliary_external_image_dataset
GUJ_DAHOD_2021_2022,wheat,Rabi,grain_filling_initial,grain_filling_initial,2022-02-23,2022-03-05,95,105,6,7,95,125,Dahod,,,,2021,2022,2346.41,1,available,29.2,14.14622641509434,26.449056603773585,29.2,14.14622641509434,26.449056603773585,32.8,6,2151.55,2151.55,0.6830317460317461,0.2274758570839899,0.1902838096722852,0.269674314040997,0.0026881938776342,0.0023671169840449,0.0503261117059068,0.0005626692888887,0.4856895847816612,0.5780755464736524,0.0084867814415764,29.2,2151.55,0.0026881938776342,0.64207763671875,0.2100675723866411,0.538883518528294,155.23204857078758,96.45987870499894,40.98217857979439,185.0,1.0,auxiliary_external_image_dataset
GUJ_DAHOD_2021_2022,wheat,Rabi,grain_filling,grain_filling,2022-03-05,2022-03-15,105,115,7,8,105,125,Dahod,,,,2021,2022,2346.41,1,available,30.5,14.618103448275862,27.129310344827587,30.5,14.618103448275862,27.129310344827587,38.2,16,2421.35,2421.35,0.7018405797101449,0.1804770871703139,0.1838749274982176,0.269674314040997,0.0023017563207675,0.0346649432464677,0.0470509779774022,0.0004604993161977,0.4947229899521957,0.5691397443859088,0.0074769597101909,30.5,2421.35,0.0023017563207675,0.0612841694294905,0.0121212011134459,0.035730185628939,174.61391897762522,91.87537351976924,38.60734619813807,238.0,1.0,auxiliary_external_image_dataset
GUJ_DAHOD_2021_2022,wheat,Rabi,maturity_preharvest,maturity_preharvest,2022-03-15,2022-03-25,115,130,8,9,115,125,Dahod,,,,2021,2022,2346.41,1,available,30.5,15.274603174603172,27.971428571428568,30.5,15.274603174603172,27.971428571428568,39.2,26,2724.4999999999995,2724.4999999999995,0.7265333333333333,0.060072650566379,0.1823053040563221,0.269674314040997,0.0021288849701256,0.0181340026241336,0.0472317739883145,0.0004517764624418,-0.1503012779970291,0.5566048886605666,0.0067043938334835,30.5,2724.4999999999995,0.0021288849701256,0.0008408979936079,2.9083789590208285e-07,8.322975852272727e-07,168.71288785067472,58.12083906693892,40.56065226468173,55.0,1.0,auxiliary_external_image_dataset
GUJ_DAHOD_2022_2023,wheat,Rabi,sowing,sowing,2022-11-20,2022-11-30,0,10,0,1,0,125,Dahod,,,,2022,2023,2697.13,1,available,0.0,13.963636363636365,28.663636363636364,0.0,13.963636363636365,28.663636363636364,29.5,0,234.45,234.45,0.7815,0.2036037792650811,0.2224383616504727,0.2415660671812121,0.0280690789490957,0.0599841343175666,0.0740393810752033,0.0093289548106128,0.9731641700747308,0.7210352523742138,0.0882509485505943,0.0,234.45,0.0280690789490957,,,,,,,,,
GUJ_DAHOD_2022_2023,wheat,Rabi,early_vegetative,early_vegetative,2022-11-30,2022-12-10,10,20,1,2,10,125,Dahod,,,,2022,2023,2697.13,1,available,0.0,14.352380952380951,28.700000000000003,0.0,14.352380952380951,28.700000000000003,29.7,0,452.05,452.05,0.7534166666666667,0.2017977644562069,0.2089089066048083,0.2415660671812121,0.0139391170358501,0.0841998930945522,0.0757943607933685,0.0053908739437123,0.9472526131204164,0.8488097991838139,0.0628891939501634,0.0,452.05,0.0139391170358501,0.880794324372944,0.3849419227053033,0.837755705180921,137.38434640984786,174.4864686664782,48.70969892802992,19.0,1.0,auxiliary_external_image_dataset
GUJ_DAHOD_2022_2023,wheat,Rabi,tillering,tillering,2022-12-10,2022-12-30,20,40,2,3,20,125,Dahod,,,,2022,2023,2697.13,1,available,14.0,15.168292682926827,28.16585365853659,14.0,15.168292682926827,28.16585365853659,30.5,0,888.3499999999999,888.3499999999999,0.7402916666666666,0.2255836986828818,0.1975350732135261,0.2415660671812121,0.0070107685749511,0.0601538032438367,0.0685084406445563,0.0024354634139913,0.8301617421595383,0.77275169413809,0.0268132715826026,14.0,888.3499999999999,0.0070107685749511,,,,,,,,,
GUJ_DAHOD_2022_2023,wheat,Rabi,stem_elongation,stem_elongation,2022-12-30,2023-01-19,40,60,3,4,40,125,Dahod,,,,2022,2023,2697.13,1,available,14.0,13.8,26.69508196721312,14.0,13.8,26.69508196721312,30.5,0,1235.1,1235.1,0.6861666666666666,0.1903061958208035,0.2018600303496425,0.2415660671812121,0.0049507228445054,0.0151426354551077,0.0673394110721131,0.0015912915074811,0.6381534029313285,0.750458187110527,0.0174857016537286,14.0,1235.1,0.0049507228445054,,,,,,,,,
GUJ_DAHOD_2022_2023,wheat,Rabi,booting_heading,booting_heading,2023-01-19,2023-02-08,60,80,4,5,60,125,Dahod,,,,2022,2023,2697.13,1,available,19.6,13.519753086419753,26.427160493827152,19.6,13.519753086419753,26.427160493827152,30.5,0,1617.85,1617.85,0.6741041666666666,0.2044854452207113,0.2003702611964603,0.2537383843297644,0.0036762294005209,0.0055370010876473,0.0587929540490862,0.0009323187473922,0.6508060228645606,0.7187425792615575,0.0124113281431168,19.6,1617.85,0.0036762294005209,,,,,,,,,
GUJ_DAHOD_2022_2023,wheat,Rabi,flowering,flowering,2023-02-08,2023-02-23,80,95,5,6,80,125,Dahod,,,,2022,2023,2697.13,1,available,19.6,13.668749999999998,26.943750000000005,19.6,13.668749999999998,26.943750000000005,32.1,1,1949.4,1949.4,0.6839999999999998,0.1759958670109573,0.197908506379336,0.2537383843297644,0.0030352129315559,-0.028280120697998,0.0514814108595085,0.0006114616962366,0.9668089143500724,0.6953186841255654,0.0100297753630309,19.6,1949.4,0.0030352129315559,0.667205568343874,0.207148998863766,0.5370890299479166,153.39161512586804,83.38302031017486,45.36198009006561,63.0,1.0,auxiliary_external_image_dataset
GUJ_DAHOD_2022_2023,wheat,Rabi,grain_filling_initial,grain_filling_initial,2023-02-23,2023-03-05,95,105,6,7,95,125,Dahod,,,,2022,2023,2697.13,1,available,19.6,13.941509433962263,27.42169811320755,19.6,13.941509433962263,27.42169811320755,33.6,6,2192.25,2192.25,0.695952380952381,0.1413131002568935,0.1942696122876679,0.2537383843297644,0.0026573579462376,-0.0700783846233155,0.0453149435800441,0.0004160762865146,0.3183424703827374,0.6738295828384374,0.0086342890974061,19.6,2192.25,0.0026573579462376,0.64207763671875,0.2100675723866411,0.538883518528294,155.23204857078758,96.45987870499894,40.98217857979439,185.0,1.0,auxiliary_external_image_dataset
GUJ_DAHOD_2022_2023,wheat,Rabi,grain_filling,grain_filling,2023-03-05,2023-03-15,105,115,7,8,105,125,Dahod,,,,2022,2023,2697.13,1,available,20.2,14.303448275862069,27.838793103448275,20.2,14.303448275862069,27.838793103448275,34.0,11,2444.2499999999995,2444.2499999999995,0.7084782608695651,0.2030028807840649,0.1945607000375388,0.2537383843297644,0.002499008457095,0.0096486466519815,0.0421221340935826,0.0003334391241897,0.5364378925403643,0.677670881924338,0.0082602500872033,20.2,2444.2499999999995,0.002499008457095,0.0612841694294905,0.0121212011134459,0.035730185628939,174.61391897762522,91.87537351976924,38.60734619813807,238.0,1.0,auxiliary_external_image_dataset
GUJ_DAHOD_2022_2023,wheat,Rabi,maturity_preharvest,maturity_preharvest,2023-03-15,2023-03-25,115,130,8,9,115,125,Dahod,,,,2022,2023,2697.13,1,available,32.800000000000004,14.653968253968255,27.964285714285715,32.800000000000004,14.653968253968255,27.964285714285715,34.0,12,2684.95,2684.95,0.7159866666666667,0.2178415541312197,0.1968454419045333,0.2537383843297644,0.0023954873958843,0.0126578025946474,0.0391597758759822,0.0002643596911991,0.922913748124067,0.6920029097441132,0.0081397786489237,32.800000000000004,2684.95,0.0023954873958843,0.0008408979936079,2.9083789590208285e-07,8.322975852272727e-07,168.71288785067472,58.12083906693892,40.56065226468173,55.0,1.0,auxiliary_external_image_dataset
GUJ_DAHOD_2023_2024,wheat,Rabi,sowing,sowing,2023-11-20,2023-11-30,0,10,0,1,0,126,Dahod,,,,2023,2024,2560.13,1,available,41.7,17.5,28.43636363636364,41.7,17.5,28.43636363636364,31.9,0,252.65000000000003,252.65000000000003,0.8421666666666667,0.1951919055144908,0.1916316743502443,0.2024619439760327,0.0309052651693328,0.004075434499666,0.0070805187443109,0.0012802747300375,0.6049634991833593,0.5168057679147989,0.0884758295486029,41.7,252.65000000000003,0.0309052651693328,,,,,,,,,
GUJ_DAHOD_2023_2024,wheat,Rabi,early_vegetative,early_vegetative,2023-11-30,2023-12-10,10,20,1,2,10,126,Dahod,,,,2023,2024,2560.13,1,available,56.3,17.314285714285717,27.23809523809524,56.3,17.314285714285717,27.23809523809524,31.9,0,467.7999999999999,467.7999999999999,0.7796666666666665,0.2246366816396584,0.1994367835187596,0.2246366816396584,0.0136492474655503,0.026926985210658,0.0119715043726677,0.0011708589010008,0.6464552572540795,0.6345404801211993,0.0502237206490209,56.3,467.7999999999999,0.0136492474655503,0.880794324372944,0.3849419227053033,0.837755705180921,137.38434640984786,174.4864686664782,48.70969892802992,19.0,1.0,auxiliary_external_image_dataset
GUJ_DAHOD_2023_2024,wheat,Rabi,tillering,tillering,2023-12-10,2023-12-30,20,40,2,3,20,126,Dahod,,,,2023,2024,2560.13,1,available,56.3,16.041463414634148,27.143902439024387,56.3,16.041463414634148,27.143902439024387,31.9,0,885.3000000000001,885.3000000000001,0.73775,0.2015341354499411,0.1952239749475779,0.2344338892833209,0.0065894460362274,0.0170324134268832,0.0198673732427714,0.0007510735245367,0.829456080854224,0.3999742280748727,0.0113403420639902,56.3,885.3000000000001,0.0065894460362274,,,,,,,,,
GUJ_DAHOD_2023_2024,wheat,Rabi,stem_elongation,stem_elongation,2023-12-30,2024-01-19,40,60,3,4,40,126,Dahod,,,,2023,2024,2560.13,1,available,60.8,15.585245901639343,26.86393442622951,60.8,15.585245901639343,26.86393442622951,31.9,0,1294.6999999999998,1294.6999999999998,0.7192777777777777,0.2104715583220502,0.1744413932707456,0.2986295967381294,0.003940518004721,0.0349170783079245,0.0121966863077596,0.00025727932426,0.5177536465183543,0.4444411861825301,0.0109629495602979,60.8,1294.6999999999998,0.003940518004721,,,,,,,,,
GUJ_DAHOD_2023_2024,wheat,Rabi,booting_heading,booting_heading,2024-01-19,2024-02-08,60,80,4,5,60,126,Dahod,,,,2023,2024,2560.13,1,available,60.8,15.143209876543208,26.89012345679013,60.8,15.143209876543208,26.89012345679013,31.9,0,1702.35,1702.35,0.7093125,0.1350985091311054,0.1847664984311985,0.2986295967381294,0.0034482838959566,0.0338001998638797,0.015400768549728,0.0003101711320184,-1.5636095565894337,0.436767812348493,0.0079110206848331,60.8,1702.35,0.0034482838959566,,,,,,,,,
GUJ_DAHOD_2023_2024,wheat,Rabi,flowering,flowering,2024-02-08,2024-02-23,80,95,5,6,80,126,Dahod,,,,2023,2024,2560.13,1,available,61.0,15.413541666666667,27.30208333333333,61.0,15.413541666666667,27.30208333333333,32.8,2,2050.35,2050.35,0.719421052631579,0.3090724550277115,0.1860187078991169,0.3201301168200611,0.0029269583962632,0.0404479209411338,0.0171035870350258,0.0003005476762213,0.8197574707534626,0.4178571727445113,0.0062796218171431,61.0,2050.35,0.0029269583962632,0.667205568343874,0.207148998863766,0.5370890299479166,153.39161512586804,83.38302031017486,45.36198009006561,63.0,1.0,auxiliary_external_image_dataset
GUJ_DAHOD_2023_2024,wheat,Rabi,grain_filling_initial,grain_filling_initial,2024-02-23,2024-03-04,95,105,6,7,95,126,Dahod,,,,2023,2024,2560.13,1,available,62.2,15.52735849056604,27.62452830188679,62.2,15.52735849056604,27.62452830188679,35.8,6,2287.05,2287.05,0.7260476190476189,0.2410446137628852,0.1878965170423739,0.3201301168200611,0.0027891704329468,0.025895653163417,0.0177316694720821,0.0002953364255014,1.1997051882469243,0.4237716142854233,0.0060957212553517,62.2,2287.05,0.0027891704329468,0.64207763671875,0.2100675723866411,0.538883518528294,155.23204857078758,96.45987870499894,40.98217857979439,185.0,1.0,auxiliary_external_image_dataset
GUJ_DAHOD_2023_2024,wheat,Rabi,grain_filling,grain_filling,2024-03-04,2024-03-14,105,115,7,8,105,126,Dahod,,,,2023,2024,2560.13,1,available,62.2,15.623275862068969,27.987931034482763,62.2,15.623275862068969,27.987931034482763,35.8,10,2529.45,2529.45,0.7331739130434782,0.2305019210539055,0.1906999344123392,0.3201301168200611,0.0025380769398327,0.0079763631458717,0.0173798201767376,0.0002469425477985,0.7832515337900816,0.5199019002033965,0.007807403689275,62.2,2529.45,0.0025380769398327,0.0612841694294905,0.0121212011134459,0.035730185628939,174.61391897762522,91.87537351976924,38.60734619813807,238.0,1.0,auxiliary_external_image_dataset
GUJ_DAHOD_2023_2024,wheat,Rabi,maturity_preharvest,maturity_preharvest,2024-03-14,2024-03-25,115,130,8,9,115,126,Dahod,,,,2023,2024,2560.13,1,available,62.2,15.975590551181106,28.609448818897643,62.2,15.975590551181106,28.609448818897643,37.1,21,2831.15,2831.15,0.7489814814814815,0.1807339556523063,0.188385132321781,0.3201301168200611,0.0022373458487299,-0.0115829069692271,0.0165051295276912,0.000200625757778,1.0901760192717596,0.5101304753203061,0.0066878985260855,62.2,2831.15,0.0022373458487299,0.0008408979936079,2.9083789590208285e-07,8.322975852272727e-07,168.71288785067472,58.12083906693892,40.56065226468173,55.0,1.0,auxiliary_external_image_dataset
GUJ_DANGS_2020_2021,wheat,Rabi,sowing,sowing,2020-11-20,2020-11-30,0,10,0,1,0,125,Dangs,,,,2020,2021,3270.67,1,available,0.0,19.700000000000003,30.75454545454545,0.0,19.700000000000003,30.75454545454545,31.9,0,277.5,277.5,0.925,0.3625210334676731,0.3255142265317157,0.4195162945984911,0.0438180093050271,0.2234319646549077,0.2054593031964086,0.0276579704934225,1.5884750807229724,0.8722173011234731,0.1169061479316888,0.0,277.5,0.0438180093050271,,,,,,,,,
GUJ_DANGS_2020_2021,wheat,Rabi,early_vegetative,early_vegetative,2020-11-30,2020-12-10,10,20,1,2,10,125,Dangs,,,,2020,2021,3270.67,1,available,0.0,20.047619047619047,31.390476190476186,0.0,20.047619047619047,31.390476190476186,32.9,6,540.1,540.1,0.9001666666666667,0.0667186468741299,0.3161337198509033,0.4195162945984911,0.0208981926557643,0.0004695285484278,0.2013061360724439,0.0132422391119507,-0.2449045543624589,0.8653219576676626,0.056998785645127,0.0,540.1,0.0208981926557643,0.880794324372944,0.3849419227053033,0.837755705180921,137.38434640984786,174.4864686664782,48.70969892802992,19.0,1.0,auxiliary_external_image_dataset
GUJ_DANGS_2020_2021,wheat,Rabi,tillering,tillering,2020-12-10,2020-12-30,20,40,2,3,20,125,Dangs,,,,2020,2021,3270.67,1,available,42.7,18.92439024390244,29.402439024390244,42.7,18.92439024390244,29.402439024390244,32.9,6,990.7,990.7,0.8255833333333333,0.3495420486176051,0.3490961697195327,0.4195162945984911,0.0130171540680608,0.2222551057329663,0.2286915295081099,0.0086539375208225,1.3172278960265555,1.077460395988778,0.0425694279517211,42.7,990.7,0.0130171540680608,,,,,,,,,
GUJ_DANGS_2020_2021,wheat,Rabi,stem_elongation,stem_elongation,2020-12-30,2021-01-19,40,60,3,4,40,125,Dangs,,,,2020,2021,3270.67,1,available,78.8,18.850819672131145,29.29836065573771,78.8,18.850819672131145,29.29836065573771,32.9,6,1468.55,1468.55,0.815861111111111,0.3778002338869323,0.3289381628237731,0.4195162945984911,0.0078651391171915,0.2382304784486985,0.2121733248715985,0.0050632171974252,1.0192586866709583,0.976941986907892,0.0238413544790092,78.8,1468.55,0.0078651391171915,,,,,,,,,
GUJ_DANGS_2020_2021,wheat,Rabi,booting_heading,booting_heading,2021-01-19,2021-02-08,60,80,4,5,60,125,Dangs,,,,2020,2021,3270.67,1,available,78.8,18.040740740740745,29.21728395061729,78.8,18.040740740740745,29.21728395061729,32.9,6,1913.9500000000005,1913.9500000000005,0.7974791666666667,0.3616656404220318,0.3398103719980627,0.4195162945984911,0.0063124783914011,0.2432446311914742,0.2210793756804827,0.0041279520947336,1.019153379153242,1.006739583547171,0.0188249944271112,78.8,1913.9500000000005,0.0063124783914011,,,,,,,,,
GUJ_DANGS_2020_2021,wheat,Rabi,flowering,flowering,2021-02-08,2021-02-23,80,95,5,6,80,125,Dangs,,,,2020,2021,3270.67,1,available,79.3,17.933333333333334,29.34479166666667,79.3,17.933333333333334,29.34479166666667,32.9,7,2269.35,2269.35,0.7962631578947368,0.3449047932557454,0.3361555718357116,0.4195162945984911,0.0052115596833589,0.2175280875798125,0.2180019583278107,0.0033826974415634,1.143110460302179,1.0580327154570406,0.0172627207506984,79.3,2269.35,0.0052115596833589,0.667205568343874,0.207148998863766,0.5370890299479166,153.39161512586804,83.38302031017486,45.36198009006561,63.0,1.0,auxiliary_external_image_dataset
GUJ_DANGS_2020_2021,wheat,Rabi,grain_filling_initial,grain_filling_initial,2021-02-23,2021-03-05,95,105,6,7,95,125,Dangs,,,,2020,2021,3270.67,1,available,79.3,18.056603773584907,29.699056603773585,79.3,18.056603773584907,29.699056603773585,34.3,15,2531.05,2531.05,0.8035079365079364,0.3291338710144706,0.3361923770596762,0.4195162945984911,0.0047232996957651,0.2158624148405645,0.2182440788310428,0.0030710985380556,0.9199909890763168,1.0417140404395862,0.0150659726552319,79.3,2531.05,0.0047232996957651,0.64207763671875,0.2100675723866411,0.538883518528294,155.23204857078758,96.45987870499894,40.98217857979439,185.0,1.0,auxiliary_external_image_dataset
GUJ_DANGS_2020_2021,wheat,Rabi,grain_filling,grain_filling,2021-03-05,2021-03-15,105,115,7,8,105,125,Dangs,,,,2020,2021,3270.67,1,available,79.3,18.20775862068966,30.054310344827584,79.3,18.20775862068966,30.054310344827584,34.7,24,2799.2,2799.2,0.8113623188405796,0.2686243952292654,0.3324201051236233,0.4195162945984911,0.0042257650813294,0.1702155864939641,0.2157122648852059,0.0027447937592296,1.0452396071917596,1.0285976968829251,0.0133914198299871,79.3,2799.2,0.0042257650813294,0.0612841694294905,0.0121212011134459,0.035730185628939,174.61391897762522,91.87537351976924,38.60734619813807,238.0,1.0,auxiliary_external_image_dataset
GUJ_DANGS_2020_2021,wheat,Rabi,maturity_preharvest,maturity_preharvest,2021-03-15,2021-03-25,115,130,8,9,115,125,Dangs,,,,2020,2021,3270.67,1,available,79.3,18.414285714285715,30.4468253968254,79.3,18.414285714285715,30.4468253968254,35.7,34,3078.2500000000005,3078.2500000000005,0.8208666666666667,0.29632304673144,0.3294901861125879,0.4195162945984911,0.003907225163365,0.183579147147757,0.2134436182336201,0.002528999402067,0.8030562663705032,1.017536266055489,0.0123027065183206,79.3,3078.2500000000005,0.003907225163365,0.0008408979936079,2.9083789590208285e-07,8.322975852272727e-07,168.71288785067472,58.12083906693892,40.56065226468173,55.0,1.0,auxiliary_external_image_dataset
GUJ_DANGS_2021_2022,wheat,Rabi,sowing,sowing,2021-11-20,2021-11-30,0,10,0,1,0,125,Dangs,,,,2021,2022,3254.48,1,available,4.1,20.863636363636363,30.590909090909086,4.1,20.863636363636363,30.590909090909086,31.7,0,283.0,283.0,0.9433333333333334,0.352833601798218,0.3786358145311156,0.435461568070569,0.0512738323301174,0.2341649839551997,0.2460129521617689,0.0339824160334936,2.6155217331088645,1.6688683243348108,0.2641857743349972,4.1,283.0,0.0512738323301174,,,,,,,,,
GUJ_DANGS_2021_2022,wheat,Rabi,early_vegetative,early_vegetative,2021-11-30,2021-12-10,10,20,1,2,10,125,Dangs,,,,2021,2022,3254.48,1,available,107.6,19.9047619047619,28.695238095238096,107.6,19.9047619047619,28.695238095238096,31.7,0,510.3,510.3,0.8504999999999999,0.3298380500405728,0.3673170314973402,0.435461568070569,0.0251581957398524,0.2242370825895474,0.2409288137421879,0.0167211145266135,-2.163623646936608,1.080716015602265,0.041292670014354,107.6,510.3,0.0251581957398524,0.880794324372944,0.3849419227053033,0.837755705180921,137.38434640984786,174.4864686664782,48.70969892802992,19.0,1.0,auxiliary_external_image_dataset
GUJ_DANGS_2021_2022,wheat,Rabi,tillering,tillering,2021-12-10,2021-12-30,20,40,2,3,20,125,Dangs,,,,2021,2022,3254.48,1,available,107.6,18.05609756097561,28.07317073170732,107.6,18.05609756097561,28.07317073170732,31.7,0,945.65,945.65,0.7880416666666666,0.3371869124549234,0.3627150538139069,0.435461568070569,0.0130435729038084,0.2200286298468656,0.2377590285088269,0.0085659645304898,2.15833367783138,1.1728810116514614,0.0411565213545993,107.6,945.65,0.0130435729038084,,,,,,,,,
GUJ_DANGS_2021_2022,wheat,Rabi,stem_elongation,stem_elongation,2021-12-30,2022-01-19,40,60,3,4,40,125,Dangs,,,,2021,2022,3254.48,1,available,111.1,17.413114754098366,27.5967213114754,111.1,17.413114754098366,27.5967213114754,31.7,0,1372.8,1372.8,0.7626666666666666,0.3873530469146745,0.3609726877594006,0.435461568070569,0.0088206633521285,0.2467909621011754,0.2351048180158922,0.0057204939056321,1.0691830291367117,1.3821892559785154,0.0372594192632782,111.1,1372.8,0.0088206633521285,,,,,,,,,
GUJ_DANGS_2021_2022,wheat,Rabi,booting_heading,booting_heading,2022-01-19,2022-02-08,60,80,4,5,60,125,Dangs,,,,2021,2022,3254.48,1,available,114.8,16.564197530864195,27.432098765432094,114.8,16.564197530864195,27.432098765432094,31.7,0,1781.85,1781.85,0.7424375,0.3247878816348489,0.3490305492089355,0.435461568070569,0.0062249633926782,0.2044196504587937,0.22766562516899,0.0040547501246433,0.987129174017368,1.2129694575196135,0.0213199494999468,114.8,1781.85,0.0062249633926782,,,,,,,,,
GUJ_DANGS_2021_2022,wheat,Rabi,flowering,flowering,2022-02-08,2022-02-23,80,95,5,6,80,125,Dangs,,,,2021,2022,3254.48,1,available,114.8,16.54375,27.909375,114.8,16.54375,27.909375,34.5,3,2133.75,2133.75,0.7486842105263158,0.3063119105555895,0.3429456840507147,0.435461568070569,0.0051142188520386,0.1917389947319384,0.2229102845435316,0.0033096455644282,0.7676615612097639,1.1487995722199869,0.0163382644059158,114.8,2133.75,0.0051142188520386,0.667205568343874,0.207148998863766,0.5370890299479166,153.39161512586804,83.38302031017486,45.36198009006561,63.0,1.0,auxiliary_external_image_dataset
GUJ_DANGS_2021_2022,wheat,Rabi,grain_filling_initial,grain_filling_initial,2022-02-23,2022-03-05,95,105,6,7,95,125,Dangs,,,,2021,2022,3254.48,1,available,114.8,16.766981132075472,28.47264150943396,114.8,16.766981132075472,28.47264150943396,34.7,13,2397.7,2397.7,0.7611746031746032,0.2971239055301859,0.338105644744223,0.435461568070569,0.0045335365276292,0.1834381889120352,0.2193280388359157,0.0029241896404196,0.7166283923029566,1.1300790953273658,0.0145279537013374,114.8,2397.7,0.0045335365276292,0.64207763671875,0.2100675723866411,0.538883518528294,155.23204857078758,96.45987870499894,40.98217857979439,185.0,1.0,auxiliary_external_image_dataset
GUJ_DANGS_2021_2022,wheat,Rabi,grain_filling,grain_filling,2022-03-05,2022-03-15,105,115,7,8,105,125,Dangs,,,,2021,2022,3254.48,1,available,115.7,17.173275862068962,29.011206896551727,115.7,17.173275862068962,29.011206896551727,36.5,23,2678.7000000000007,2678.7000000000007,0.7764347826086959,0.310682430802833,0.3295495637319124,0.435461568070569,0.003970916639321,0.1987079905056883,0.2127069292073425,0.0025377804107627,0.8209106035025819,1.0952207045276705,0.0126287178025225,115.7,2678.7000000000007,0.003970916639321,0.0612841694294905,0.0121212011134459,0.035730185628939,174.61391897762522,91.87537351976924,38.60734619813807,238.0,1.0,auxiliary_external_image_dataset
GUJ_DANGS_2021_2022,wheat,Rabi,maturity_preharvest,maturity_preharvest,2022-03-15,2022-03-25,115,130,8,9,115,125,Dangs,,,,2021,2022,3254.48,1,available,115.7,17.640476190476193,29.670634920634924,115.7,17.640476190476193,29.670634920634924,38.5,33,2980.6,2980.6,0.7948266666666667,0.0468634247425427,0.3222989011511981,0.435461568070569,0.0035862859459286,0.0113193240148086,0.2075423014043129,0.0022823360387062,-0.0711331065755576,1.0551533617990858,0.0110760505464094,115.7,2980.6,0.0035862859459286,0.0008408979936079,2.9083789590208285e-07,8.322975852272727e-07,168.71288785067472,58.12083906693892,40.56065226468173,55.0,1.0,auxiliary_external_image_dataset
GUJ_DANGS_2022_2023,wheat,Rabi,sowing,sowing,2022-11-20,2022-11-30,0,10,0,1,0,125,Dangs,,,,2022,2023,3224.48,1,available,0.0,18.1,30.39090909090909,0.0,18.1,30.39090909090909,31.5,0,266.7,266.7,0.889,0.3629293952450175,0.3791698723128724,0.3895894088587299,0.0491513773296689,0.2264829941561109,0.2486697311185798,0.0318528780320154,1.0545461304208907,1.112034014610277,0.1556092355881503,0.0,266.7,0.0491513773296689,,,,,,,,,
GUJ_DANGS_2022_2023,wheat,Rabi,early_vegetative,early_vegetative,2022-11-30,2022-12-10,10,20,1,2,10,125,Dangs,,,,2022,2023,3224.48,1,available,0.1,18.79523809523809,30.590476190476185,0.1,18.79523809523809,30.590476190476185,32.0,1,518.55,518.55,0.86425,0.3813639349477382,0.3694174441035682,0.3895894088587299,0.0253808670814019,0.2580169352661134,0.241420426329506,0.0165512446031136,0.947238442938213,1.1872078093608394,0.0863490679228686,0.1,518.55,0.0253808670814019,0.880794324372944,0.3849419227053033,0.837755705180921,137.38434640984786,174.4864686664782,48.70969892802992,19.0,1.0,auxiliary_external_image_dataset
GUJ_DANGS_2022_2023,wheat,Rabi,tillering,tillering,2022-12-10,2022-12-30,20,40,2,3,20,125,Dangs,,,,2022,2023,3224.48,1,available,26.1,18.54390243902439,30.43658536585366,26.1,18.54390243902439,30.43658536585366,32.0,1,1004.1,1004.1,0.83675,0.3512366260932599,0.3421248409495376,0.3895894088587299,0.0121152299413609,0.2200871439436624,0.2187044027897136,0.0077016205501922,0.8429288708657189,1.0371108964648128,0.035484386496338,26.1,1004.1,0.0121152299413609,,,,,,,,,
GUJ_DANGS_2022_2023,wheat,Rabi,stem_elongation,stem_elongation,2022-12-30,2023-01-19,40,60,3,4,40,125,Dangs,,,,2022,2023,3224.48,1,available,26.1,17.55573770491803,29.75409836065574,26.1,17.55573770491803,29.75409836065574,32.0,1,1442.9499999999998,1442.9499999999998,0.8016388888888888,0.3219006521348444,0.3389388935298785,0.3895894088587299,0.0081368595507498,0.1986518015184776,0.2173377143136067,0.0052193894520516,0.7591808427998045,1.0372430560251764,0.0244563216805179,26.1,1442.9499999999998,0.0081368595507498,,,,,,,,,
GUJ_DANGS_2022_2023,wheat,Rabi,booting_heading,booting_heading,2023-01-19,2023-02-08,60,80,4,5,60,125,Dangs,,,,2022,2023,3224.48,1,available,26.700000000000003,17.362962962962964,29.530864197530864,26.700000000000003,17.362962962962964,29.530864197530864,32.0,2,1899.2,1899.2,0.7913333333333333,0.2969195518698783,0.3235393346395829,0.3895894088587299,0.0056740813822354,0.1887997914148335,0.2054918666743617,0.0035772591470016,0.6870288745038144,0.9797625912205088,0.0167991831058009,26.700000000000003,1899.2,0.0056740813822354,,,,,,,,,
GUJ_DANGS_2022_2023,wheat,Rabi,flowering,flowering,2023-02-08,2023-02-23,80,95,5,6,80,125,Dangs,,,,2022,2023,3224.48,1,available,26.700000000000003,17.454166666666666,30.24895833333333,26.700000000000003,17.454166666666666,30.24895833333333,35.9,15,2289.75,2289.75,0.8034210526315789,0.2914057576133062,0.3183163658976105,0.3895894088587299,0.0047075945402205,0.1931648155877799,0.2033746173000085,0.0030086593242542,0.6748142428116544,0.9263533330530136,0.012940923463016,26.700000000000003,2289.75,0.0047075945402205,0.667205568343874,0.207148998863766,0.5370890299479166,153.39161512586804,83.38302031017486,45.36198009006561,63.0,1.0,auxiliary_external_image_dataset
GUJ_DANGS_2022_2023,wheat,Rabi,grain_filling_initial,grain_filling_initial,2023-02-23,2023-03-05,95,105,6,7,95,125,Dangs,,,,2022,2023,3224.48,1,available,26.700000000000003,17.704716981132076,30.725471698113203,26.700000000000003,17.704716981132076,30.725471698113203,36.5,25,2566.8,2566.8,0.814857142857143,0.2079812720483183,0.3129384011344006,0.3895894088587299,0.0041572031950998,0.0665447294540321,0.1981877786463473,0.0026074852518205,0.1815934459092571,0.8935439860989778,0.0110565265955564,26.700000000000003,2566.8,0.0041572031950998,0.64207763671875,0.2100675723866411,0.538883518528294,155.23204857078758,96.45987870499894,40.98217857979439,185.0,1.0,auxiliary_external_image_dataset
GUJ_DANGS_2022_2023,wheat,Rabi,grain_filling,grain_filling,2023-03-05,2023-03-15,105,115,7,8,105,125,Dangs,,,,2022,2023,3224.48,1,available,27.7,18.00948275862069,31.02155172413793,27.7,18.00948275862069,31.02155172413793,36.5,35,2843.8,2843.8,0.8242898550724638,-0.0866981673268457,0.3037368911548744,0.3895894088587299,0.0036710910251548,-0.0901022828115904,0.1917744777439463,0.0022886733460593,0.0801567245058249,0.875098518143837,0.010022449469737,27.7,2843.8,0.0036710910251548,0.0612841694294905,0.0121212011134459,0.035730185628939,174.61391897762522,91.87537351976924,38.60734619813807,238.0,1.0,auxiliary_external_image_dataset
GUJ_DANGS_2022_2023,wheat,Rabi,maturity_preharvest,maturity_preharvest,2023-03-15,2023-03-25,115,130,8,9,115,125,Dangs,,,,2022,2023,3224.48,1,available,34.10000000000001,18.062698412698413,30.933333333333334,34.10000000000001,18.062698412698413,30.933333333333334,36.5,35,3086.75,3086.75,0.8231333333333334,0.0702594148988654,0.2943907439455682,0.3895894088587299,0.0032331637848763,0.0029493651970712,0.1845217572474781,0.00198394195902,-0.242147280933659,0.826488864659641,0.0083262918932658,34.10000000000001,3086.75,0.0032331637848763,0.0008408979936079,2.9083789590208285e-07,8.322975852272727e-07,168.71288785067472,58.12083906693892,40.56065226468173,55.0,1.0,auxiliary_external_image_dataset
GUJ_DANGS_2023_2024,wheat,Rabi,sowing,sowing,2023-11-20,2023-11-30,0,10,0,1,0,126,Dangs,,,,2023,2024,3251.38,1,available,15.3,20.372727272727275,29.963636363636365,15.3,20.372727272727275,29.963636363636365,32.7,3,276.85,276.85,0.9228333333333332,0.1158846872784929,0.3012669494970396,0.3936481911287104,0.0311122787469858,0.0448843711236081,0.1815541797539829,0.0179208785073008,-0.0725136223321376,1.0962537453958423,0.1185515591628993,15.3,276.85,0.0311122787469858,,,,,,,,,
GUJ_DANGS_2023_2024,wheat,Rabi,early_vegetative,early_vegetative,2023-11-30,2023-12-10,10,20,1,2,10,126,Dangs,,,,2023,2024,3251.38,1,available,16.499999999999996,20.05714285714286,29.52857142857143,16.499999999999996,20.05714285714286,29.52857142857143,32.7,3,520.65,520.65,0.8677499999999999,0.4165842979241744,0.3526291147714295,0.4328045779132141,0.0255982787336136,0.2735768923958425,0.2191408212196802,0.0160874896928771,1.7201212520255242,1.2308186759345172,0.0894802562165428,16.499999999999996,520.65,0.0255982787336136,0.880794324372944,0.3849419227053033,0.837755705180921,137.38434640984786,174.4864686664782,48.70969892802992,19.0,1.0,auxiliary_external_image_dataset
GUJ_DANGS_2023_2024,wheat,Rabi,tillering,tillering,2023-12-10,2023-12-30,20,40,2,3,20,126,Dangs,,,,2023,2024,3251.38,1,available,16.499999999999996,19.30975609756097,29.72439024390244,16.499999999999996,19.30975609756097,29.72439024390244,32.8,8,1005.2,1005.2,0.8376666666666666,0.3958051196748652,0.3546990175613372,0.4328045779132141,0.0130834878993322,0.2580074086645235,0.2263840708046299,0.0084947467476684,1.310259331870038,1.1692148208378332,0.0413782495060138,16.499999999999996,1005.2,0.0130834878993322,,,,,,,,,
GUJ_DANGS_2023_2024,wheat,Rabi,stem_elongation,stem_elongation,2023-12-30,2024-01-19,40,60,3,4,40,126,Dangs,,,,2023,2024,3251.38,1,available,17.4,18.562295081967218,29.488524590163937,17.4,18.562295081967218,29.488524590163937,32.8,8,1465.55,1465.55,0.8141944444444444,0.3645463275060996,0.3558859761473003,0.4328045779132141,0.0088015284493408,0.2332526944974436,0.226487626314448,0.005638240776821,1.3553265300639965,1.2220488529173332,0.0301808957921554,17.4,1465.55,0.0088015284493408,,,,,,,,,
GUJ_DANGS_2023_2024,wheat,Rabi,booting_heading,booting_heading,2024-01-19,2024-02-08,60,80,4,5,60,126,Dangs,,,,2023,2024,3251.38,1,available,17.4,17.946913580246914,29.44567901234568,17.4,17.946913580246914,29.44567901234568,32.9,9,1919.4,1919.4,0.7997500000000001,0.3268195808126055,0.3513880784590115,0.4328045779132141,0.0064481771182242,0.1997374916813264,0.224111535938537,0.0041311360470154,0.6545529654127655,1.1815552114345802,0.0211974499130928,17.4,1919.4,0.0064481771182242,,,,,,,,,
GUJ_DANGS_2023_2024,wheat,Rabi,flowering,flowering,2024-02-08,2024-02-23,80,95,5,6,80,126,Dangs,,,,2023,2024,3251.38,1,available,17.599999999999998,17.935416666666665,29.72083333333333,17.599999999999998,17.935416666666665,29.72083333333333,34.8,14,2287.5,2287.5,0.8026315789473685,0.3162064985700592,0.3450830583221947,0.4328045779132141,0.0053420068110276,0.2040756688602495,0.2201655860012939,0.0034207118285852,0.6957347499855128,1.142924877488523,0.0171296199390601,17.599999999999998,2287.5,0.0053420068110276,0.667205568343874,0.207148998863766,0.5370890299479166,153.39161512586804,83.38302031017486,45.36198009006561,63.0,1.0,auxiliary_external_image_dataset
GUJ_DANGS_2023_2024,wheat,Rabi,grain_filling_initial,grain_filling_initial,2024-02-23,2024-03-04,95,105,6,7,95,126,Dangs,,,,2023,2024,3251.38,1,available,20.2,17.942452830188675,29.97830188679245,20.2,17.942452830188675,29.97830188679245,35.6,19,2539.8000000000006,2539.8000000000006,0.8062857142857145,0.3192540688904778,0.3412753211682229,0.4328045779132141,0.0047967412591282,0.2087877534764587,0.2175791930400445,0.0030657750319267,0.7392089148219978,1.1177068288915204,0.0150729422273406,20.2,2539.8000000000006,0.0047967412591282,0.64207763671875,0.2100675723866411,0.538883518528294,155.23204857078758,96.45987870499894,40.98217857979439,185.0,1.0,auxiliary_external_image_dataset
GUJ_DANGS_2023_2024,wheat,Rabi,grain_filling,grain_filling,2024-03-04,2024-03-14,105,115,7,8,105,126,Dangs,,,,2023,2024,3251.38,1,available,20.2,17.96551724137931,30.26034482758621,20.2,17.96551724137931,30.26034482758621,35.6,29,2797.1000000000004,2797.1000000000004,0.8107536231884059,0.2803938726600845,0.3361471336451112,0.4328045779132141,0.0042181921704094,0.175352283881841,0.214081216091392,0.0026891313575046,0.7268704567282479,1.0837739545442016,0.0128946198783089,20.2,2797.1000000000004,0.0042181921704094,0.0612841694294905,0.0121212011134459,0.035730185628939,174.61391897762522,91.87537351976924,38.60734619813807,238.0,1.0,auxiliary_external_image_dataset
GUJ_DANGS_2023_2024,wheat,Rabi,maturity_preharvest,maturity_preharvest,2024-03-14,2024-03-25,115,130,8,9,115,126,Dangs,,,,2023,2024,3251.38,1,available,20.2,18.154330708661416,30.74803149606299,20.2,18.154330708661416,30.74803149606299,38.1,40,3105.3,3105.3,0.8215079365079364,0.2501144607703893,0.3301717694071591,0.4328045779132141,0.0037381463025195,0.1491144775362289,0.2101731841643358,0.0023802326609289,0.6319323120500593,1.055328651993812,0.0112929181114987,20.2,3105.3,0.0037381463025195,0.0008408979936079,2.9083789590208285e-07,8.322975852272727e-07,168.71288785067472,58.12083906693892,40.56065226468173,55.0,1.0,auxiliary_external_image_dataset
GUJ_DEVBHOOMI_DWARKA_2020_2021,wheat,Rabi,sowing,sowing,2020-11-20,2020-11-30,0,10,0,1,0,125,Devbhoomi Dwarka,,,,2020,2021,4343.43,1,available,0.0,19.69090909090909,27.90909090909091,0.0,19.69090909090909,27.90909090909091,30.4,0,261.8,261.8,0.8726666666666667,0.3165811106253773,0.3197032891596634,0.3228254676939495,0.0633162221250754,0.1797274300354163,0.1879668235278472,0.0359454860070832,0.5303016752856193,0.5454504038006722,0.1060603350571238,0.0,261.8,0.0633162221250754,,,,,,,,,
GUJ_DEVBHOOMI_DWARKA_2020_2021,wheat,Rabi,early_vegetative,early_vegetative,2020-11-30,2020-12-10,10,20,1,2,10,125,Devbhoomi Dwarka,,,,2020,2021,4343.43,1,available,0.0,20.0952380952381,28.671428571428567,0.0,20.0952380952381,28.671428571428567,30.8,0,512.0500000000001,512.0500000000001,0.8534166666666668,0.2979987393445173,0.3060055741052763,0.3228254676939495,0.0254830183739064,0.165029457134835,0.170170861113298,0.0136322354566463,0.4530921914852734,0.5399152446981823,0.0445844887021951,0.0,512.0500000000001,0.0254830183739064,0.880794324372944,0.3849419227053033,0.837755705180921,137.38434640984786,174.4864686664782,48.70969892802992,19.0,1.0,auxiliary_external_image_dataset
GUJ_DEVBHOOMI_DWARKA_2020_2021,wheat,Rabi,tillering,tillering,2020-12-10,2020-12-30,20,40,2,3,20,125,Devbhoomi Dwarka,,,,2020,2021,4343.43,1,available,0.0,18.682926829268293,26.831707317073167,0.0,18.682926829268293,26.831707317073167,30.8,0,933.05,933.05,0.7775416666666666,0.30229666394276,0.2944403237358803,0.3228254676939495,0.0115862880545035,0.1791368279211973,0.1689744450891964,0.0067549685675542,0.5504716919070948,0.600343564213117,0.0245639968003586,0.0,933.05,0.0115862880545035,,,,,,,,,
GUJ_DEVBHOOMI_DWARKA_2020_2021,wheat,Rabi,stem_elongation,stem_elongation,2020-12-30,2021-01-19,40,60,3,4,40,125,Devbhoomi Dwarka,,,,2020,2021,4343.43,1,available,0.0,17.860655737704917,25.82131147540984,0.0,17.860655737704917,25.82131147540984,30.8,0,1332.3,1332.3,0.7401666666666666,0.3400384471224472,0.3011316117396642,0.3400384471224472,0.00794587547384,0.2058931965782314,0.1757498234238758,0.004718541510374,0.567613564476768,0.6075489465864169,0.0161090169911154,0.0,1332.3,0.00794587547384,,,,,,,,,
GUJ_DEVBHOOMI_DWARKA_2020_2021,wheat,Rabi,booting_heading,booting_heading,2021-01-19,2021-02-08,60,80,4,5,60,125,Devbhoomi Dwarka,,,,2020,2021,4343.43,1,available,0.0,17.411111111111108,25.730864197530863,0.0,17.411111111111108,25.730864197530863,30.8,0,1747.25,1747.25,0.7280208333333333,0.3473433574025253,0.3135186029468645,0.3565066653513012,0.0062934051531375,0.2078518811799311,0.1863365444618008,0.003821419715724,0.592337150765551,0.6151484743703638,0.0121101876366239,0.0,1747.25,0.0062934051531375,,,,,,,,,
GUJ_DEVBHOOMI_DWARKA_2020_2021,wheat,Rabi,flowering,flowering,2021-02-08,2021-02-23,80,95,5,6,80,125,Devbhoomi Dwarka,,,,2020,2021,4343.43,1,available,0.0,17.557291666666668,26.191666666666663,0.0,17.557291666666668,26.191666666666663,31.2,0,2099.9500000000003,2099.9500000000003,0.7368245614035088,0.3338970827871533,0.3171445328197471,0.3565066653513012,0.0053273334765743,0.1964230089017285,0.1882303413316933,0.0032048117706993,0.5950809726042919,0.615414676039828,0.0100913525905763,0.0,2099.9500000000003,0.0053273334765743,0.667205568343874,0.207148998863766,0.5370890299479166,153.39161512586804,83.38302031017486,45.36198009006561,63.0,1.0,auxiliary_external_image_dataset
GUJ_DEVBHOOMI_DWARKA_2020_2021,wheat,Rabi,grain_filling_initial,grain_filling_initial,2021-02-23,2021-03-05,95,105,6,7,95,125,Devbhoomi Dwarka,,,,2020,2021,4343.43,1,available,0.0,17.827358490566034,26.610377358490563,0.0,17.827358490566034,26.610377358490563,31.8,0,2355.2,2355.2,0.7476825396825396,0.2711760383179368,0.314491345577479,0.3565066653513012,0.0046997057899846,0.1658819554092191,0.1865777882573476,0.0028190945206532,0.5871436664633357,0.6076153843744736,0.0088692889929705,0.0,2355.2,0.0046997057899846,0.64207763671875,0.2100675723866411,0.538883518528294,155.23204857078758,96.45987870499894,40.98217857979439,185.0,1.0,auxiliary_external_image_dataset
GUJ_DEVBHOOMI_DWARKA_2020_2021,wheat,Rabi,grain_filling,grain_filling,2021-03-05,2021-03-15,105,115,7,8,105,125,Devbhoomi Dwarka,,,,2020,2021,4343.43,1,available,0.0,18.18879310344828,27.06982758620689,0.0,18.18879310344828,27.06982758620689,33.8,5,2625.0,2625.0,0.7608695652173914,0.2429766588092097,0.3084522402793906,0.3565066653513012,0.0041093809433658,0.1410529170387172,0.1826732098062487,0.0024529862979362,0.4888345229285293,0.5959673970390857,0.0077816600702393,0.0,2625.0,0.0041093809433658,0.0612841694294905,0.0121212011134459,0.035730185628939,174.61391897762522,91.87537351976924,38.60734619813807,238.0,1.0,auxiliary_external_image_dataset
GUJ_DEVBHOOMI_DWARKA_2020_2021,wheat,Rabi,maturity_preharvest,maturity_preharvest,2021-03-15,2021-03-25,115,130,8,9,115,125,Devbhoomi Dwarka,,,,2020,2021,4343.43,1,available,0.0,18.56507936507937,27.51587301587301,0.0,18.56507936507937,27.51587301587301,34.2,11,2903.1000000000004,2903.1000000000004,0.7741600000000001,0.2284041070001546,0.3020769515292407,0.3565066653513012,0.0036215069195462,0.1244624311572792,0.1783775047337578,0.0021470536599552,0.3796329000683041,0.5786967837324568,0.0067559400140957,0.0,2903.1000000000004,0.0036215069195462,0.0008408979936079,2.9083789590208285e-07,8.322975852272727e-07,168.71288785067472,58.12083906693892,40.56065226468173,55.0,1.0,auxiliary_external_image_dataset
GUJ_DEVBHOOMI_DWARKA_2021_2022,wheat,Rabi,sowing,sowing,2021-11-20,2021-11-30,0,10,0,1,0,125,Devbhoomi Dwarka,,,,2021,2022,4486.98,1,available,0.0,21.33636363636364,29.072727272727278,0.0,21.33636363636364,29.072727272727278,30.5,0,277.25,277.25,0.9241666666666668,0.302443274470408,0.2596325971927972,0.302443274470408,0.0604886548940815,0.1641708278461203,0.1393551699238422,0.032834165569224,0.5109490464308966,0.558240187277404,0.1021898092861793,0.0,277.25,0.0604886548940815,,,,,,,,,
GUJ_DEVBHOOMI_DWARKA_2021_2022,wheat,Rabi,early_vegetative,early_vegetative,2021-11-30,2021-12-10,10,20,1,2,10,125,Devbhoomi Dwarka,,,,2021,2022,4486.98,1,available,0.0,20.723809523809525,27.928571428571427,0.0,20.723809523809525,27.928571428571427,30.5,0,510.85,510.85,0.8514166666666666,0.2891901849193502,0.2694851264349815,0.302443274470408,0.0234002765845691,0.164315850328303,0.1476753967253291,0.0131423675766205,0.529411955092801,0.548630776549203,0.041983698234186,0.0,510.85,0.0234002765845691,0.880794324372944,0.3849419227053033,0.837755705180921,137.38434640984786,174.4864686664782,48.70969892802992,19.0,1.0,auxiliary_external_image_dataset
GUJ_DEVBHOOMI_DWARKA_2021_2022,wheat,Rabi,tillering,tillering,2021-12-10,2021-12-30,20,40,2,3,20,125,Devbhoomi Dwarka,,,,2021,2022,4486.98,1,available,0.7,19.151219512195123,26.38536585365853,0.7,19.151219512195123,26.38536585365853,30.5,0,933.5,933.5,0.7779166666666667,0.2742485811020135,0.2742271738305795,0.302443274470408,0.0122944707154499,0.1639144352040736,0.156079611680059,0.0071957721032311,0.4759855223456759,0.5274722110654473,0.0222920157841585,0.7,933.5,0.0122944707154499,,,,,,,,,
GUJ_DEVBHOOMI_DWARKA_2021_2022,wheat,Rabi,stem_elongation,stem_elongation,2021-12-30,2022-01-19,40,60,3,4,40,125,Devbhoomi Dwarka,,,,2021,2022,4486.98,1,available,7.4,18.32950819672131,25.473770491803275,7.4,18.32950819672131,25.473770491803275,30.5,0,1336.0000000000002,1336.0000000000002,0.7422222222222223,0.3239068748057654,0.2805102349642073,0.3239068748057654,0.0075029293544942,0.1962158846765244,0.1617945501051479,0.004427367733461,0.7105558416147751,0.5668201182468058,0.0153691601528495,7.4,1336.0000000000002,0.0075029293544942,,,,,,,,,
GUJ_DEVBHOOMI_DWARKA_2021_2022,wheat,Rabi,booting_heading,booting_heading,2022-01-19,2022-02-08,60,80,4,5,60,125,Devbhoomi Dwarka,,,,2021,2022,4486.98,1,available,8.0,17.798765432098765,25.339506172839503,8.0,17.798765432098765,25.339506172839503,30.5,0,1747.1,1747.1,0.7279583333333334,0.3487801668718294,0.3008260526163156,0.3635646703186238,0.0059161910637048,0.21778042710143,0.1759770470844072,0.0035305824471233,0.6598613352803016,0.5894232566117851,0.011428127213953,8.0,1747.1,0.0059161910637048,,,,,,,,,
GUJ_DEVBHOOMI_DWARKA_2021_2022,wheat,Rabi,flowering,flowering,2022-02-08,2022-02-23,80,95,5,6,80,125,Devbhoomi Dwarka,,,,2021,2022,4486.98,1,available,8.0,17.928124999999998,25.696875,8.0,17.928124999999998,25.696875,31.4,0,2094.0,2094.0,0.7347368421052631,0.3347831561977522,0.3080870473149485,0.3635646703186238,0.0050639304166181,0.1990833026673502,0.1797223782771234,0.0029883568892286,0.5675934564762357,0.5987799245654006,0.0096996166755583,8.0,2094.0,0.0050639304166181,0.667205568343874,0.207148998863766,0.5370890299479166,153.39161512586804,83.38302031017486,45.36198009006561,63.0,1.0,auxiliary_external_image_dataset
GUJ_DEVBHOOMI_DWARKA_2021_2022,wheat,Rabi,grain_filling_initial,grain_filling_initial,2022-02-23,2022-03-05,95,105,6,7,95,125,Devbhoomi Dwarka,,,,2021,2022,4486.98,1,available,8.0,18.129245283018868,26.10188679245283,8.0,18.129245283018868,26.10188679245283,31.4,0,2344.2499999999995,2344.2499999999995,0.7442063492063491,0.2801919194422332,0.3068672795863263,0.3635646703186238,0.0045012172528015,0.1614167223887578,0.1789593906546634,0.0026491191236235,0.5050811126767597,0.5927515448189699,0.008551222737136,8.0,2344.2499999999995,0.0045012172528015,0.64207763671875,0.2100675723866411,0.538883518528294,155.23204857078758,96.45987870499894,40.98217857979439,185.0,1.0,auxiliary_external_image_dataset
GUJ_DEVBHOOMI_DWARKA_2021_2022,wheat,Rabi,grain_filling,grain_filling,2022-03-05,2022-03-15,105,115,7,8,105,125,Devbhoomi Dwarka,,,,2021,2022,4486.98,1,available,8.0,18.477586206896557,26.64051724137931,8.0,18.477586206896557,26.64051724137931,34.8,7,2616.8499999999995,2616.8499999999995,0.7585072463768114,0.2408380619895589,0.3013567995806218,0.3635646703186238,0.0039547399191775,0.1312754734268809,0.1752294961057398,0.0023119892806088,0.3840268606836891,0.579915796187269,0.0074771540214033,8.0,2616.8499999999995,0.0039547399191775,0.0612841694294905,0.0121212011134459,0.035730185628939,174.61391897762522,91.87537351976924,38.60734619813807,238.0,1.0,auxiliary_external_image_dataset
GUJ_DEVBHOOMI_DWARKA_2021_2022,wheat,Rabi,maturity_preharvest,maturity_preharvest,2022-03-15,2022-03-25,115,130,8,9,115,125,Devbhoomi Dwarka,,,,2021,2022,4486.98,1,available,8.0,18.799206349206344,27.08968253968254,8.0,18.799206349206344,27.08968253968254,34.8,13,2890.999999999999,2890.999999999999,0.7709333333333331,0.2151297131140855,0.294106044053653,0.3635646703186238,0.0034746191530726,0.1219389922941092,0.1707380105202777,0.0020239516528938,0.3973986301255371,0.5664143250131441,0.0065929956022837,8.0,2890.999999999999,0.0034746191530726,0.0008408979936079,2.9083789590208285e-07,8.322975852272727e-07,168.71288785067472,58.12083906693892,40.56065226468173,55.0,1.0,auxiliary_external_image_dataset
GUJ_DEVBHOOMI_DWARKA_2022_2023,wheat,Rabi,sowing,sowing,2022-11-20,2022-11-30,0,10,0,1,0,125,Devbhoomi Dwarka,,,,2022,2023,4025.69,1,available,0.0,19.627272727272725,29.827272727272728,0.0,19.627272727272725,29.827272727272728,30.7,0,272.0,272.0,0.9066666666666666,0.2989113145016416,0.2878885798262999,0.2989113145016416,0.0597822629003283,0.1781161322985449,0.1655284338888943,0.0356232264597089,0.49256999648754,0.5418180831071455,0.098513999297508,0.0,272.0,0.0597822629003283,,,,,,,,,
GUJ_DEVBHOOMI_DWARKA_2022_2023,wheat,Rabi,early_vegetative,early_vegetative,2022-11-30,2022-12-10,10,20,1,2,10,125,Devbhoomi Dwarka,,,,2022,2023,4025.69,1,available,0.0,19.3,29.114285714285707,0.0,19.3,29.114285714285707,30.7,0,508.35,508.35,0.84725,0.3127565160857652,0.2981702335328752,0.3127565160857652,0.0263639339935029,0.1924078476541505,0.1755950284611329,0.0159024353155168,0.5210735496356179,0.5478765814346294,0.0461340552167373,0.0,508.35,0.0263639339935029,0.880794324372944,0.3849419227053033,0.837755705180921,137.38434640984786,174.4864686664782,48.70969892802992,19.0,1.0,auxiliary_external_image_dataset
GUJ_DEVBHOOMI_DWARKA_2022_2023,wheat,Rabi,tillering,tillering,2022-12-10,2022-12-30,20,40,2,3,20,125,Devbhoomi Dwarka,,,,2022,2023,4025.69,1,available,0.0,19.49512195121951,28.17560975609756,0.0,19.49512195121951,28.17560975609756,30.7,0,977.25,977.25,0.814375,0.3808911366012886,0.3179772028780352,0.3808911366012886,0.0134389523127058,0.2451423644322314,0.1890810586560162,0.0081135820511014,0.6459934915410666,0.6098819747085195,0.0256588993602093,0.0,977.25,0.0134389523127058,,,,,,,,,
GUJ_DEVBHOOMI_DWARKA_2022_2023,wheat,Rabi,stem_elongation,stem_elongation,2022-12-30,2023-01-19,40,60,3,4,40,125,Devbhoomi Dwarka,,,,2022,2023,4025.69,1,available,0.0,18.6,26.98196721311475,0.0,18.6,26.98196721311475,30.7,0,1390.25,1390.25,0.7723611111111112,0.4007090175447163,0.345672572262963,0.4151634123520817,0.0097521087616453,0.2697267785714793,0.2125098886387836,0.0061556603347215,0.7262103745540373,0.656088018892268,0.0183308776869792,0.0,1390.25,0.0097521087616453,,,,,,,,,
GUJ_DEVBHOOMI_DWARKA_2022_2023,wheat,Rabi,booting_heading,booting_heading,2023-01-19,2023-02-08,60,80,4,5,60,125,Devbhoomi Dwarka,,,,2022,2023,4025.69,1,available,0.0,18.019753086419755,26.440740740740743,0.0,18.019753086419755,26.440740740740743,30.7,0,1800.65,1800.65,0.7502708333333333,0.382167574311671,0.355569343462305,0.4151634123520817,0.0073363101659294,0.2308619545278391,0.2195565900825587,0.0046064376286179,0.6332500216950323,0.6717961666492829,0.0137004769897926,0.0,1800.65,0.0073363101659294,,,,,,,,,
GUJ_DEVBHOOMI_DWARKA_2022_2023,wheat,Rabi,flowering,flowering,2023-02-08,2023-02-23,80,95,5,6,80,125,Devbhoomi Dwarka,,,,2022,2023,4025.69,1,available,0.0,18.010416666666668,26.928125,0.0,18.010416666666668,26.928125,33.0,1,2157.05,2157.05,0.7568596491228069,0.2967901799842989,0.3510217215509866,0.4151634123520817,0.0058874566868474,0.1747021576446485,0.2153994397801666,0.003639342914887,0.5100385927256776,0.6552652539114866,0.0107842252464144,0.0,2157.05,0.0058874566868474,0.667205568343874,0.207148998863766,0.5370890299479166,153.39161512586804,83.38302031017486,45.36198009006561,63.0,1.0,auxiliary_external_image_dataset
GUJ_DEVBHOOMI_DWARKA_2022_2023,wheat,Rabi,grain_filling_initial,grain_filling_initial,2023-02-23,2023-03-05,95,105,6,7,95,125,Devbhoomi Dwarka,,,,2022,2023,4025.69,1,available,0.0,18.25094339622641,27.28773584905661,0.0,18.25094339622641,27.28773584905661,34.3,4,2413.55,2413.55,0.7662063492063492,0.2204449348187495,0.3407555877554792,0.4151634123520817,0.0049858058349933,0.1228239652901734,0.2079377207201262,0.0030458291156421,0.4654212037734075,0.6342682605656941,0.0091085265317685,0.0,2413.55,0.0049858058349933,0.64207763671875,0.2100675723866411,0.538883518528294,155.23204857078758,96.45987870499894,40.98217857979439,185.0,1.0,auxiliary_external_image_dataset
GUJ_DEVBHOOMI_DWARKA_2022_2023,wheat,Rabi,grain_filling,grain_filling,2023-03-05,2023-03-15,105,115,7,8,105,125,Devbhoomi Dwarka,,,,2022,2023,4025.69,1,available,0.0,18.57672413793103,27.735344827586207,0.0,18.57672413793103,27.735344827586207,34.3,12,2686.1000000000004,2686.1000000000004,0.7785797101449277,0.2177341788185515,0.332899713983177,0.4151634123520817,0.0043363054316037,0.1294508316400898,0.2016135581773752,0.002609534250498,0.4498101606543526,0.6142439208203863,0.0078063070744826,0.0,2686.1000000000004,0.0043363054316037,0.0612841694294905,0.0121212011134459,0.035730185628939,174.61391897762522,91.87537351976924,38.60734619813807,238.0,1.0,auxiliary_external_image_dataset
GUJ_DEVBHOOMI_DWARKA_2022_2023,wheat,Rabi,maturity_preharvest,maturity_preharvest,2023-03-15,2023-03-25,115,130,8,9,115,125,Devbhoomi Dwarka,,,,2022,2023,4025.69,1,available,1.5000000000000002,18.881746031746022,27.903174603174605,1.5000000000000002,18.881746031746022,27.903174603174605,34.3,12,2947.4500000000003,2947.4500000000003,0.7859866666666667,0.1006670806665168,0.3194883026317012,0.4151634123520817,0.0036728117535296,0.0313811172340167,0.1915007447780517,0.0021635367139585,0.0316385091803336,0.5802429698725069,0.0064024893391916,1.5000000000000002,2947.4500000000003,0.0036728117535296,0.0008408979936079,2.9083789590208285e-07,8.322975852272727e-07,168.71288785067472,58.12083906693892,40.56065226468173,55.0,1.0,auxiliary_external_image_dataset
GUJ_DEVBHOOMI_DWARKA_2023_2024,wheat,Rabi,sowing,sowing,2023-11-20,2023-11-30,0,10,0,1,0,126,Devbhoomi Dwarka,,,,2023,2024,4125.76,1,available,1.8,22.19090909090909,28.6,1.8,22.19090909090909,28.6,31.5,0,279.35,279.35,0.9311666666666666,0.0256043483027256,0.157775308387458,0.2899462684721905,0.0051208696605451,-0.0435740366283405,0.0512342212426933,-0.0087148073256681,-0.4208040207569343,-0.0275835698975975,-0.0841608041513868,1.8,279.35,0.0051208696605451,,,,,,,,,
GUJ_DEVBHOOMI_DWARKA_2023_2024,wheat,Rabi,early_vegetative,early_vegetative,2023-11-30,2023-12-10,10,20,1,2,10,126,Devbhoomi Dwarka,,,,2023,2024,4125.76,1,available,1.8,21.43809523809524,27.838095238095235,1.8,21.43809523809524,27.838095238095235,31.5,0,517.4000000000001,517.4000000000001,0.8623333333333335,0.2488087385176041,0.1881197850975067,0.2899462684721905,0.0209288730135173,0.1343398206669985,0.0789360877174617,0.0090042241882262,0.4093650768837185,0.1180659790295077,0.0159170453204201,1.8,517.4000000000001,0.0209288730135173,0.880794324372944,0.3849419227053033,0.837755705180921,137.38434640984786,174.4864686664782,48.70969892802992,19.0,1.0,auxiliary_external_image_dataset
GUJ_DEVBHOOMI_DWARKA_2023_2024,wheat,Rabi,tillering,tillering,2023-12-10,2023-12-30,20,40,2,3,20,126,Devbhoomi Dwarka,,,,2023,2024,4125.76,1,available,2.3000000000000003,20.38048780487805,27.32439024390244,2.3000000000000003,20.38048780487805,27.32439024390244,31.5,0,977.95,977.95,0.8149583333333332,0.2651025177043339,0.1807807314393172,0.2899462684721905,0.0066317463077112,0.1560477561438616,0.0820246380741789,0.0032990743982228,0.5564676116683623,0.2900395965490659,0.0157453961978269,2.3000000000000003,977.95,0.0066317463077112,,,,,,,,,
GUJ_DEVBHOOMI_DWARKA_2023_2024,wheat,Rabi,stem_elongation,stem_elongation,2023-12-30,2024-01-19,40,60,3,4,40,126,Devbhoomi Dwarka,,,,2023,2024,4125.76,1,available,2.3000000000000003,19.539344262295085,26.59344262295082,2.3000000000000003,19.539344262295085,26.59344262295082,31.5,0,1407.0500000000002,1407.0500000000002,0.7816944444444446,0.2707472989942398,0.2140497307187216,0.2987592028975123,0.0063117282852911,0.1402062512356947,0.1068066349017978,0.003381975028916,0.41980385386728,0.3440851040116322,0.0118076094768585,2.3000000000000003,1407.0500000000002,0.0063117282852911,,,,,,,,,
GUJ_DEVBHOOMI_DWARKA_2023_2024,wheat,Rabi,booting_heading,booting_heading,2024-01-19,2024-02-08,60,80,4,5,60,126,Devbhoomi Dwarka,,,,2023,2024,4125.76,1,available,3.5,19.32592592592593,26.62962962962963,3.5,19.32592592592593,26.62962962962963,31.5,0,1861.2,1861.2,0.7755,0.2745532166823112,0.2295596337294656,0.2987592028975123,0.0046732806206754,0.14630166100092,0.1198017771803099,0.0025700045424207,0.4638785927428611,0.3958491992536898,0.0089455314685157,3.5,1861.2,0.0046732806206754,,,,,,,,,
GUJ_DEVBHOOMI_DWARKA_2023_2024,wheat,Rabi,flowering,flowering,2024-02-08,2024-02-23,80,95,5,6,80,126,Devbhoomi Dwarka,,,,2023,2024,4125.76,1,available,3.5,19.426041666666663,26.860416666666666,3.5,19.426041666666663,26.860416666666666,31.5,0,2221.75,2221.75,0.7795614035087719,0.2001205003276981,0.2311460270807162,0.2987592028975123,0.0038350857272201,0.1079310512599122,0.1219742742368101,0.002111146809986,0.370412500783373,0.3999419659400582,0.0071490338644777,3.5,2221.75,0.0038350857272201,0.667205568343874,0.207148998863766,0.5370890299479166,153.39161512586804,83.38302031017486,45.36198009006561,63.0,1.0,auxiliary_external_image_dataset
GUJ_DEVBHOOMI_DWARKA_2023_2024,wheat,Rabi,grain_filling_initial,grain_filling_initial,2024-02-23,2024-03-04,95,105,6,7,95,126,Devbhoomi Dwarka,,,,2023,2024,4125.76,1,available,9.2,19.45849056603773,26.98867924528302,9.2,19.45849056603773,26.98867924528302,32.5,1,2461.7,2461.7,0.7814920634920635,0.1969632472246479,0.2284124352435548,0.2987592028975123,0.0033544045727348,0.1064334137828719,0.1214526530441114,0.0018563852662916,0.3473970535149562,0.398559274951912,0.0062584492526534,9.2,2461.7,0.0033544045727348,0.64207763671875,0.2100675723866411,0.538883518528294,155.23204857078758,96.45987870499894,40.98217857979439,185.0,1.0,auxiliary_external_image_dataset
GUJ_DEVBHOOMI_DWARKA_2023_2024,wheat,Rabi,grain_filling,grain_filling,2024-03-04,2024-03-14,105,115,7,8,105,126,Devbhoomi Dwarka,,,,2023,2024,4125.76,1,available,9.2,19.55,27.13103448275862,9.2,19.55,27.13103448275862,32.5,1,2707.5,2707.5,0.7847826086956522,0.1818123792616547,0.2249834034328734,0.2987592028975123,0.0029609170501317,0.0918517340232679,0.1204943600194775,0.0016483610533527,0.3137578286459509,0.3952435883936576,0.0055303227099643,9.2,2707.5,0.0029609170501317,0.0612841694294905,0.0121212011134459,0.035730185628939,174.61391897762522,91.87537351976924,38.60734619813807,238.0,1.0,auxiliary_external_image_dataset
GUJ_DEVBHOOMI_DWARKA_2023_2024,wheat,Rabi,maturity_preharvest,maturity_preharvest,2024-03-14,2024-03-25,115,130,8,9,115,126,Devbhoomi Dwarka,,,,2023,2024,4125.76,1,available,9.2,19.77086614173228,27.58267716535433,9.2,19.77086614173228,27.58267716535433,33.5,8,3006.95,3006.95,0.7954894179894179,0.1648638226393864,0.2201580394782341,0.2987592028975123,0.0026123011274361,0.0924915221828283,0.1183293854407051,0.001456209607263,0.3138969396281322,0.3901450077734263,0.0049144281891122,9.2,3006.95,0.0026123011274361,0.0008408979936079,2.9083789590208285e-07,8.322975852272727e-07,168.71288785067472,58.12083906693892,40.56065226468173,55.0,1.0,auxiliary_external_image_dataset
GUJ_GANDHINAGAR_2020_2021,wheat,Rabi,sowing,sowing,2020-11-20,2020-11-30,0,10,0,1,0,125,Gandhinagar,23.2156,72.6369,,2020,2021,3503.47,1,available,0.0,17.954545454545453,30.42727272727273,0.0,17.954545454545453,30.42727272727273,32.4,1,266.1,266.1,0.8870000000000001,0.3748781825772684,0.3691145274236688,0.3748781825772684,0.0749756365154536,0.2494870065581326,0.2396895257666954,0.0498974013116265,0.8127085177284119,0.7560935046858249,0.1625417035456823,0.0,266.1,0.0749756365154536,,,,,,,,,
GUJ_GANDHINAGAR_2020_2021,wheat,Rabi,early_vegetative,early_vegetative,2020-11-30,2020-12-10,10,20,1,2,10,125,Gandhinagar,23.2156,72.6369,,2020,2021,3503.47,1,available,1.7,17.933333333333337,31.32380952380953,1.7,17.933333333333337,31.32380952380953,32.7,10,517.1999999999999,517.1999999999999,0.8619999999999999,0.358771336873769,0.367512613297686,0.3748781825772684,0.0313898902305407,0.2384615497367357,0.238584071711398,0.020540900384561,0.8134466618181418,0.758760380200378,0.0667409171772325,1.7,517.1999999999999,0.0313898902305407,0.880794324372944,0.3849419227053033,0.837755705180921,137.38434640984786,174.4864686664782,48.70969892802992,19.0,1.0,auxiliary_external_image_dataset
GUJ_GANDHINAGAR_2020_2021,wheat,Rabi,tillering,tillering,2020-12-10,2020-12-30,20,40,2,3,20,125,Gandhinagar,23.2156,72.6369,,2020,2021,3503.47,1,available,12.6,16.40487804878049,29.085365853658537,12.6,16.40487804878049,29.085365853658537,32.7,10,932.55,932.55,0.7771250000000001,0.4368556859933854,0.3703418588261914,0.4368556859933854,0.015234641736929,0.3083138448767607,0.2443156340082558,0.0101978565270961,0.9397817529136588,0.9380264523693452,0.0400394749737688,12.6,932.55,0.015234641736929,,,,,,,,,
GUJ_GANDHINAGAR_2020_2021,wheat,Rabi,stem_elongation,stem_elongation,2020-12-30,2021-01-19,40,60,3,4,40,125,Gandhinagar,23.2156,72.6369,,2020,2021,3503.47,1,available,12.999999999999998,15.985245901639344,28.64590163934426,12.999999999999998,15.985245901639344,28.64590163934426,32.7,10,1361.25,1361.25,0.75625,0.5501652982926519,0.3664882294050665,0.5501652982926519,0.0099484599377465,0.3781335934929884,0.2413445804627973,0.0066013297724775,1.5275438261403091,1.1423434322383963,0.034879538194238,12.999999999999998,1361.25,0.0099484599377465,,,,,,,,,
GUJ_GANDHINAGAR_2020_2021,wheat,Rabi,booting_heading,booting_heading,2021-01-19,2021-02-08,60,80,4,5,60,125,Gandhinagar,23.2156,72.6369,,2020,2021,3503.47,1,available,12.999999999999998,15.346913580246916,28.367901234567903,12.999999999999998,15.346913580246916,28.367901234567903,32.7,10,1770.45,1770.45,0.7376875,0.5521287875426495,0.415038923969024,0.5774294712978923,0.0089372710706482,0.3990964654924275,0.2794093567085889,0.0061218254138844,1.4690530458903523,1.206893423652756,0.0264492397570086,12.999999999999998,1770.45,0.0089372710706482,,,,,,,,,
GUJ_GANDHINAGAR_2020_2021,wheat,Rabi,flowering,flowering,2021-02-08,2021-02-23,80,95,5,6,80,125,Gandhinagar,23.2156,72.6369,,2020,2021,3503.47,1,available,12.999999999999998,15.520833333333334,28.907291666666666,12.999999999999998,15.520833333333334,28.907291666666666,34.0,15,2132.55,2132.55,0.7482631578947369,0.5398402804069838,0.4345837084334935,0.5774294712978923,0.0078598630862864,0.3619762118283335,0.2937933752794954,0.0053895102638555,1.209706152941173,1.225956170800952,0.0219659388019936,12.999999999999998,2132.55,0.0078598630862864,0.667205568343874,0.207148998863766,0.5370890299479166,153.39161512586804,83.38302031017486,45.36198009006561,63.0,1.0,auxiliary_external_image_dataset
GUJ_GANDHINAGAR_2020_2021,wheat,Rabi,grain_filling_initial,grain_filling_initial,2021-02-23,2021-03-05,95,105,6,7,95,125,Gandhinagar,23.2156,72.6369,,2020,2021,3503.47,1,available,12.999999999999998,15.86132075471698,29.501886792452837,12.999999999999998,15.86132075471698,29.501886792452837,37.4,25,2404.2500000000005,2404.2500000000005,0.7632539682539684,0.4992263400646975,0.4410144625025339,0.5774294712978923,0.0071401766117752,0.3357710264609536,0.2978500412322275,0.0048746282045002,1.089336975211603,1.222385193195864,0.0193645767294941,12.999999999999998,2404.2500000000005,0.0071401766117752,0.64207763671875,0.2100675723866411,0.538883518528294,155.23204857078758,96.45987870499894,40.98217857979439,185.0,1.0,auxiliary_external_image_dataset
GUJ_GANDHINAGAR_2020_2021,wheat,Rabi,grain_filling,grain_filling,2021-03-05,2021-03-15,105,115,7,8,105,125,Gandhinagar,23.2156,72.6369,,2020,2021,3503.47,1,available,12.999999999999998,16.331034482758625,30.108620689655176,12.999999999999998,16.331034482758625,30.108620689655176,37.5,35,2693.5,2693.5,0.7807246376811594,0.4386269193979135,0.4414143627435284,0.5774294712978923,0.0064092711746972,0.289717321620526,0.2976802237707675,0.0043566962821643,0.9554525998961094,1.205542032133342,0.0169719135699164,12.999999999999998,2693.5,0.0064092711746972,0.0612841694294905,0.0121212011134459,0.035730185628939,174.61391897762522,91.87537351976924,38.60734619813807,238.0,1.0,auxiliary_external_image_dataset
GUJ_GANDHINAGAR_2020_2021,wheat,Rabi,maturity_preharvest,maturity_preharvest,2021-03-15,2021-03-25,115,130,8,9,115,125,Gandhinagar,23.2156,72.6369,,2020,2021,3503.47,1,available,12.999999999999998,16.81666666666667,30.688095238095237,12.999999999999998,16.81666666666667,30.688095238095237,38.0,45,2992.7999999999997,2992.7999999999997,0.7980799999999998,0.4057757550753152,0.4367725270922837,0.5774294712978923,0.0057003143461915,0.2665633445423336,0.2944539425762099,0.0038682879144977,0.8941115176310686,1.192004210827428,0.0151268105197563,12.999999999999998,2992.7999999999997,0.0057003143461915,0.0008408979936079,2.9083789590208285e-07,8.322975852272727e-07,168.71288785067472,58.12083906693892,40.56065226468173,55.0,1.0,auxiliary_external_image_dataset
GUJ_GANDHINAGAR_2021_2022,wheat,Rabi,sowing,sowing,2021-11-20,2021-11-30,0,10,0,1,0,125,Gandhinagar,23.2156,72.6369,,2021,2022,3641.34,1,available,0.0,19.78181818181818,32.4,0.0,19.78181818181818,32.4,33.4,8,286.99999999999994,286.99999999999994,0.9566666666666664,0.3727466091994405,0.3767802776947095,0.3808139461899785,0.0745493218398881,0.2389828412482075,0.2409732029388822,0.0477965682496415,0.7963892528074488,0.8486035295661939,0.1592778505614897,0.0,286.99999999999994,0.0745493218398881,,,,,,,,,
GUJ_GANDHINAGAR_2021_2022,wheat,Rabi,early_vegetative,early_vegetative,2021-11-30,2021-12-10,10,20,1,2,10,125,Gandhinagar,23.2156,72.6369,,2021,2022,3641.34,1,available,12.6,18.82857142857143,29.642857142857142,12.6,18.82857142857143,29.642857142857142,33.4,8,508.95,508.95,0.84825,0.3425677622930656,0.3001441196507241,0.3808139461899785,0.0229906602559923,0.2126620088129402,0.1848513117853504,0.0138080361798346,0.9488472025936387,0.5467018720052417,0.0389205330454034,12.6,508.95,0.0229906602559923,0.880794324372944,0.3849419227053033,0.837755705180921,137.38434640984786,174.4864686664782,48.70969892802992,19.0,1.0,auxiliary_external_image_dataset
GUJ_GANDHINAGAR_2021_2022,wheat,Rabi,tillering,tillering,2021-12-10,2021-12-30,20,40,2,3,20,125,Gandhinagar,23.2156,72.6369,,2021,2022,3641.34,1,available,21.200000000000003,16.697560975609758,28.23414634146341,21.200000000000003,16.697560975609758,28.23414634146341,33.4,8,921.1,921.1,0.7675833333333333,0.3863491337668016,0.3212568638481387,0.4029951213241058,0.0153361008354142,0.2567745660163814,0.2045429186060749,0.0099080257803613,0.9151542511829616,0.9909402079265976,0.0533646314713369,21.200000000000003,921.1,0.0153361008354142,,,,,,,,,
GUJ_GANDHINAGAR_2021_2022,wheat,Rabi,stem_elongation,stem_elongation,2021-12-30,2022-01-19,40,60,3,4,40,125,Gandhinagar,23.2156,72.6369,,2021,2022,3641.34,1,available,25.1,15.798360655737705,27.33114754098361,25.1,15.798360655737705,27.33114754098361,33.4,8,1315.45,1315.45,0.7308055555555556,0.3953715910879907,0.3464315820674687,0.4719718217162775,0.0096297848837318,0.2548630946787352,0.222445743139532,0.0062524695796249,1.5741814853396534,1.2417494804569915,0.0379377964842034,25.1,1315.45,0.0096297848837318,,,,,,,,,
GUJ_GANDHINAGAR_2021_2022,wheat,Rabi,booting_heading,booting_heading,2022-01-19,2022-02-08,60,80,4,5,60,125,Gandhinagar,23.2156,72.6369,,2021,2022,3641.34,1,available,26.0,14.979012345679012,27.10987654320987,26.0,14.979012345679012,27.10987654320987,33.4,8,1704.6,1704.6,0.7102499999999999,0.5067742443846583,0.3850817000243099,0.5198106684671002,0.0081698842498911,0.3448281922375129,0.2513836225572768,0.0054138471928708,1.0646185232527403,1.2409005560757649,0.025719521393888,26.0,1704.6,0.0081698842498911,,,,,,,,,
GUJ_GANDHINAGAR_2021_2022,wheat,Rabi,flowering,flowering,2022-02-08,2022-02-23,80,95,5,6,80,125,Gandhinagar,23.2156,72.6369,,2021,2022,3641.34,1,available,26.0,15.172916666666666,27.626041666666666,26.0,15.172916666666666,27.626041666666666,33.4,12,2054.35,2054.35,0.7208245614035087,0.4874406377122258,0.4059389308169245,0.527687433435597,0.0072470906297477,0.3359485738181919,0.2676893188971209,0.0048563235943454,1.2143652241213294,1.2327997247281344,0.0207652730314766,26.0,2054.35,0.0072470906297477,0.667205568343874,0.207148998863766,0.5370890299479166,153.39161512586804,83.38302031017486,45.36198009006561,63.0,1.0,auxiliary_external_image_dataset
GUJ_GANDHINAGAR_2021_2022,wheat,Rabi,grain_filling_initial,grain_filling_initial,2022-02-23,2022-03-05,95,105,6,7,95,125,Gandhinagar,23.2156,72.6369,,2021,2022,3641.34,1,available,26.0,15.479245283018866,28.175471698113203,26.0,15.479245283018866,28.175471698113203,34.4,22,2313.7000000000003,2313.7000000000003,0.7345079365079366,0.4831543649776241,0.413619057088726,0.527687433435597,0.0066268922513794,0.3208094833691253,0.2726396915674962,0.0044235574787635,1.050986776153196,1.2135711233332287,0.0180413200999622,26.0,2313.7000000000003,0.0066268922513794,0.64207763671875,0.2100675723866411,0.538883518528294,155.23204857078758,96.45987870499894,40.98217857979439,185.0,1.0,auxiliary_external_image_dataset
GUJ_GANDHINAGAR_2021_2022,wheat,Rabi,grain_filling,grain_filling,2022-03-05,2022-03-15,105,115,7,8,105,125,Gandhinagar,23.2156,72.6369,,2021,2022,3641.34,1,available,26.0,15.91206896551724,28.91637931034483,26.0,15.91206896551724,28.91637931034483,40.0,32,2600.05,2600.05,0.7536376811594203,0.4472372582310289,0.4125434025238079,0.527687433435597,0.00591535506955,0.2984448602976561,0.2717567170078954,0.0039367675332385,0.9783991454733956,1.2024958327795785,0.0160867283555606,26.0,2600.05,0.00591535506955,0.0612841694294905,0.0121212011134459,0.035730185628939,174.61391897762522,91.87537351976924,38.60734619813807,238.0,1.0,auxiliary_external_image_dataset
GUJ_GANDHINAGAR_2021_2022,wheat,Rabi,maturity_preharvest,maturity_preharvest,2022-03-15,2022-03-25,115,130,8,9,115,125,Gandhinagar,23.2156,72.6369,,2021,2022,3641.34,1,available,26.0,16.546825396825394,29.70634920634921,26.0,16.546825396825394,29.70634920634921,40.4,42,2913.9500000000007,2913.9500000000007,0.7770533333333335,0.2879657656552918,0.4082985021025747,0.527687433435597,0.0052655690662503,0.1946966925600061,0.2691283120586858,0.0035036191317467,0.3219119168545954,1.1545224452120535,0.0136244004282454,26.0,2913.9500000000007,0.0052655690662503,0.0008408979936079,2.9083789590208285e-07,8.322975852272727e-07,168.71288785067472,58.12083906693892,40.56065226468173,55.0,1.0,auxiliary_external_image_dataset
GUJ_GANDHINAGAR_2022_2023,wheat,Rabi,sowing,sowing,2022-11-20,2022-11-30,0,10,0,1,0,125,Gandhinagar,23.2156,72.6369,,2022,2023,3665.47,1,available,0.0,16.881818181818183,30.481818181818188,0.0,16.881818181818183,30.481818181818188,31.1,0,260.5,260.5,0.8683333333333333,0.3826691673433342,0.3832419760869457,0.3838147848305573,0.0765338334686668,0.2571716623878741,0.251527194212312,0.0514343324775748,0.92751874473236,0.8804898786659714,0.185503748946472,0.0,260.5,0.0765338334686668,,,,,,,,,
GUJ_GANDHINAGAR_2022_2023,wheat,Rabi,early_vegetative,early_vegetative,2022-11-30,2022-12-10,10,20,1,2,10,125,Gandhinagar,23.2156,72.6369,,2022,2023,3665.47,1,available,0.0,17.004761904761903,30.342857142857145,0.0,17.004761904761903,30.342857142857145,31.1,0,497.15,497.15,0.8285833333333333,0.4117922273086244,0.3837301513822239,0.4117922273086244,0.0333047814480281,0.2880452606469442,0.2545615968453928,0.0225085845849816,0.9214072410461848,0.9039182565365744,0.0794044646201036,0.0,497.15,0.0333047814480281,0.880794324372944,0.3849419227053033,0.837755705180921,137.38434640984786,174.4864686664782,48.70969892802992,19.0,1.0,auxiliary_external_image_dataset
GUJ_GANDHINAGAR_2022_2023,wheat,Rabi,tillering,tillering,2022-12-10,2022-12-30,20,40,2,3,20,125,Gandhinagar,23.2156,72.6369,,2022,2023,3665.47,1,available,0.1,17.385365853658538,30.38048780487805,0.1,17.385365853658538,30.38048780487805,32.8,5,979.2,979.2,0.8160000000000001,0.4651838009778904,0.399394433689346,0.4651838009778904,0.0166206673275577,0.3131489346017699,0.2612502975332195,0.0109075647926768,1.0244912168916267,0.9313418983801868,0.0383224487970585,0.1,979.2,0.0166206673275577,,,,,,,,,
GUJ_GANDHINAGAR_2022_2023,wheat,Rabi,stem_elongation,stem_elongation,2022-12-30,2023-01-19,40,60,3,4,40,125,Gandhinagar,23.2156,72.6369,,2022,2023,3665.47,1,available,0.1,16.316393442622953,29.44754098360656,0.1,16.316393442622953,29.44754098360656,32.8,5,1395.8000000000002,1395.8000000000002,0.7754444444444445,0.5161589803276492,0.3948960659452062,0.5161589803276492,0.0103653412443735,0.3539896249371025,0.257066489631855,0.0067470775972577,1.3122763257986472,0.8618536446188861,0.0212338136686708,0.1,1395.8000000000002,0.0103653412443735,,,,,,,,,
GUJ_GANDHINAGAR_2022_2023,wheat,Rabi,booting_heading,booting_heading,2023-01-19,2023-02-08,60,80,4,5,60,125,Gandhinagar,23.2156,72.6369,,2022,2023,3665.47,1,available,4.5,15.824691358024694,29.232098765432102,4.5,15.824691358024694,29.232098765432102,32.8,5,1824.8,1824.8,0.7603333333333334,0.5152887036785567,0.4264712799988477,0.5316296206918365,0.0087710795818374,0.3531398758311868,0.2814010379037172,0.0058425774651907,1.357579397291875,0.964536506499046,0.0197919961456432,4.5,1824.8,0.0087710795818374,,,,,,,,,
GUJ_GANDHINAGAR_2022_2023,wheat,Rabi,flowering,flowering,2023-02-08,2023-02-23,80,95,5,6,80,125,Gandhinagar,23.2156,72.6369,,2022,2023,3665.47,1,available,4.5,16.01666666666667,30.04583333333333,4.5,16.01666666666667,30.04583333333333,37.0,18,2211.0,2211.0,0.7757894736842105,0.4994388685248225,0.4402221314500238,0.5316296206918365,0.0076386104308322,0.3352284244307779,0.2921078432184635,0.0051228498238229,1.1701630339084863,1.011617448441681,0.0177359662574139,4.5,2211.0,0.0076386104308322,0.667205568343874,0.207148998863766,0.5370890299479166,153.39161512586804,83.38302031017486,45.36198009006561,63.0,1.0,auxiliary_external_image_dataset
GUJ_GANDHINAGAR_2022_2023,wheat,Rabi,grain_filling_initial,grain_filling_initial,2023-02-23,2023-03-05,95,105,6,7,95,125,Gandhinagar,23.2156,72.6369,,2022,2023,3665.47,1,available,4.5,16.379245283018868,30.63679245283019,4.5,16.379245283018868,30.63679245283019,38.5,28,2491.8500000000004,2491.8500000000004,0.7910634920634921,0.4660208810470336,0.4443041954619073,0.5316296206918365,0.0069249026069697,0.2884807338590455,0.2940176060574649,0.0046112212920651,0.9456449169658284,1.019202410228021,0.0159887994351867,4.5,2491.8500000000004,0.0069249026069697,0.64207763671875,0.2100675723866411,0.538883518528294,155.23204857078758,96.45987870499894,40.98217857979439,185.0,1.0,auxiliary_external_image_dataset
GUJ_GANDHINAGAR_2022_2023,wheat,Rabi,grain_filling,grain_filling,2023-03-05,2023-03-15,105,115,7,8,105,125,Gandhinagar,23.2156,72.6369,,2022,2023,3665.47,1,available,4.5,16.817241379310346,31.105172413793102,4.5,16.817241379310346,31.105172413793102,38.5,38,2779.5,2779.5,0.8056521739130434,0.3085663291689732,0.439447379245096,0.5316296206918365,0.0061130884171733,0.2171142083690399,0.2912052389964894,0.0040779186252156,0.6383721113385001,1.0125281034293032,0.0142113546799506,4.5,2779.5,0.0061130884171733,0.0612841694294905,0.0121212011134459,0.035730185628939,174.61391897762522,91.87537351976924,38.60734619813807,238.0,1.0,auxiliary_external_image_dataset
GUJ_GANDHINAGAR_2022_2023,wheat,Rabi,maturity_preharvest,maturity_preharvest,2023-03-15,2023-03-25,115,130,8,9,115,125,Gandhinagar,23.2156,72.6369,,2022,2023,3665.47,1,available,15.599999999999998,17.176190476190477,31.27698412698413,15.599999999999998,17.176190476190477,31.27698412698413,38.5,47,3052.5499999999997,3052.5499999999997,0.8140133333333331,0.4441335294761793,0.4406097718434363,0.5316296206918365,0.0056050180177412,0.2909250304022042,0.2918502128303109,0.0037320706894757,1.031357138105054,1.0198595355521962,0.0131217827925951,15.599999999999998,3052.5499999999997,0.0056050180177412,0.0008408979936079,2.9083789590208285e-07,8.322975852272727e-07,168.71288785067472,58.12083906693892,40.56065226468173,55.0,1.0,auxiliary_external_image_dataset
GUJ_GANDHINAGAR_2023_2024,wheat,Rabi,sowing,sowing,2023-11-20,2023-11-30,0,10,0,1,0,126,Gandhinagar,23.2156,72.6369,,2023,2024,3631.05,1,available,54.4,19.236363636363635,29.92727272727273,54.4,19.236363636363635,29.92727272727273,33.0,4,270.4,270.4,0.9013333333333332,0.2215411884577497,0.3034886934716867,0.3854361984856237,0.0443082376915499,0.1226370115935416,0.1909371627322079,0.0245274023187083,0.8905483483185863,0.9233395795659912,0.1781096696637172,54.4,270.4,0.0443082376915499,,,,,,,,,
GUJ_GANDHINAGAR_2023_2024,wheat,Rabi,early_vegetative,early_vegetative,2023-11-30,2023-12-10,10,20,1,2,10,126,Gandhinagar,23.2156,72.6369,,2023,2024,3631.05,1,available,60.0,18.966666666666665,28.847619047619045,60.0,18.966666666666665,28.847619047619045,33.0,4,502.05,502.05,0.83675,0.3758646292454737,0.30543584291047,0.3854361984856237,0.026099111244289,0.2383131063046432,0.1916918667795745,0.0161533771600849,1.0473670609385612,1.4400170206019525,0.1394956179401257,60.0,502.05,0.026099111244289,0.880794324372944,0.3849419227053033,0.837755705180921,137.38434640984786,174.4864686664782,48.70969892802992,19.0,1.0,auxiliary_external_image_dataset
GUJ_GANDHINAGAR_2023_2024,wheat,Rabi,tillering,tillering,2023-12-10,2023-12-30,20,40,2,3,20,126,Gandhinagar,23.2156,72.6369,,2023,2024,3631.05,1,available,60.0,17.841463414634145,28.712195121951225,60.0,17.841463414634145,28.712195121951225,33.0,4,954.35,954.35,0.7952916666666667,0.3794861069520379,0.350212536663627,0.4242613916432514,0.0150498756197084,0.2433950574049718,0.2272162371629882,0.0098457934125574,1.088622715547511,1.2739881432674487,0.0484027684337641,60.0,954.35,0.0150498756197084,,,,,,,,,
GUJ_GANDHINAGAR_2023_2024,wheat,Rabi,stem_elongation,stem_elongation,2023-12-30,2024-01-19,40,60,3,4,40,126,Gandhinagar,23.2156,72.6369,,2023,2024,3631.05,1,available,60.1,16.94426229508197,28.24918032786885,60.1,16.94426229508197,28.24918032786885,33.0,4,1378.4,1378.4,0.7657777777777778,0.4544397794414661,0.3455389795828786,0.4693863165958915,0.0094711276643207,0.2915166046524519,0.2217518176384097,0.0060649742147182,1.041474274570362,1.1042042865435888,0.025610370981996,60.1,1378.4,0.0094711276643207,,,,,,,,,
GUJ_GANDHINAGAR_2023_2024,wheat,Rabi,booting_heading,booting_heading,2024-01-19,2024-02-08,60,80,4,5,60,126,Gandhinagar,23.2156,72.6369,,2023,2024,3631.05,1,available,60.1,16.517283950617283,28.34814814814815,60.1,16.517283950617283,28.34814814814815,33.0,5,1817.05,1817.05,0.7571041666666667,0.4514736673025045,0.3640374000345805,0.4693863165958915,0.0075250629795906,0.2792188253849005,0.2349686868800284,0.0048625276279777,0.8406331129249748,1.1418719220917803,0.0212619345803666,60.1,1817.05,0.0075250629795906,,,,,,,,,
GUJ_GANDHINAGAR_2023_2024,wheat,Rabi,flowering,flowering,2024-02-08,2024-02-23,80,95,5,6,80,126,Gandhinagar,23.2156,72.6369,,2023,2024,3631.05,1,available,60.1,16.770833333333332,28.774999999999995,60.1,16.770833333333332,28.774999999999995,34.7,10,2186.2000000000003,2186.2000000000003,0.7670877192982457,0.3489893004272367,0.3715661273100523,0.4693863165958915,0.0064091463605724,0.2250332395788071,0.2400343909514974,0.0041450474083206,1.096245732827681,1.1289483661390438,0.0176224917821779,60.1,2186.2000000000003,0.0064091463605724,0.667205568343874,0.207148998863766,0.5370890299479166,153.39161512586804,83.38302031017486,45.36198009006561,63.0,1.0,auxiliary_external_image_dataset
GUJ_GANDHINAGAR_2023_2024,wheat,Rabi,grain_filling_initial,grain_filling_initial,2024-02-23,2024-03-04,95,105,6,7,95,126,Gandhinagar,23.2156,72.6369,,2023,2024,3631.05,1,available,64.5,16.91320754716981,29.068867924528305,64.5,16.91320754716981,29.068867924528305,36.8,15,2437.05,2437.05,0.7736666666666667,0.2395787095858899,0.3649667564238442,0.4693863165958915,0.005769312280905,0.1530445314807561,0.2356848979779603,0.0037282116819733,-0.00344766208045,1.0723285647280691,0.0148075107693469,64.5,2437.05,0.005769312280905,0.64207763671875,0.2100675723866411,0.538883518528294,155.23204857078758,96.45987870499894,40.98217857979439,185.0,1.0,auxiliary_external_image_dataset
GUJ_GANDHINAGAR_2023_2024,wheat,Rabi,grain_filling,grain_filling,2024-03-04,2024-03-14,105,115,7,8,105,126,Gandhinagar,23.2156,72.6369,,2023,2024,3631.05,1,available,64.5,17.000862068965517,29.39655172413792,64.5,17.000862068965517,29.39655172413792,36.8,22,2691.05,2691.05,0.7800144927536231,0.4762063031764137,0.3748335850370058,0.4762063031764137,0.0054012409700764,0.3179166511143714,0.2422633871496791,0.0034960023246289,1.1359308358083502,1.0716875739661622,0.0134908453945162,64.5,2691.05,0.0054012409700764,0.0612841694294905,0.0121212011134459,0.035730185628939,174.61391897762522,91.87537351976924,38.60734619813807,238.0,1.0,auxiliary_external_image_dataset
GUJ_GANDHINAGAR_2023_2024,wheat,Rabi,maturity_preharvest,maturity_preharvest,2024-03-14,2024-03-25,115,130,8,9,115,126,Gandhinagar,23.2156,72.6369,,2023,2024,3631.05,1,available,64.5,17.342519685039367,30.038582677165355,64.5,17.342519685039367,30.038582677165355,38.5,33,3008.7,3008.7,0.7959523809523809,0.4902912128310889,0.3838761981457566,0.4902912128310889,0.0050876169207656,0.3501344505467159,0.2499288815012782,0.0033378260874815,1.2226037093627404,1.0776746378139008,0.0125782289834589,64.5,3008.7,0.0050876169207656,0.0008408979936079,2.9083789590208285e-07,8.322975852272727e-07,168.71288785067472,58.12083906693892,40.56065226468173,55.0,1.0,auxiliary_external_image_dataset
GUJ_GIR_SOMNATH_2020_2021,wheat,Rabi,sowing,sowing,2020-11-20,2020-11-30,0,10,0,1,0,125,Gir Somnath,,,,2020,2021,4252.87,1,available,0.0,19.90909090909091,30.7,0.0,19.90909090909091,30.7,32.5,2,278.35,278.35,0.9278333333333334,0.1891725875965279,0.1970158176098708,0.2048590476232137,0.0378345175193055,0.1038419442377133,0.1231427175941635,0.0207683888475426,0.5410624180799158,0.6096242964429668,0.1082124836159831,0.0,278.35,0.0378345175193055,,,,,,,,,
GUJ_GIR_SOMNATH_2020_2021,wheat,Rabi,early_vegetative,early_vegetative,2020-11-30,2020-12-10,10,20,1,2,10,125,Gir Somnath,,,,2020,2021,4252.87,1,available,0.7,20.176190476190477,31.104761904761908,0.7,20.176190476190477,31.104761904761908,33.5,7,538.45,538.45,0.8974166666666668,0.1863331828271817,0.1872266613917737,0.2048590476232137,0.0155036541588345,0.1091146622890145,0.1112543594590569,0.0087202944546075,0.6685617506804464,0.6297680140358108,0.0544181585039283,0.7,538.45,0.0155036541588345,0.880794324372944,0.3849419227053033,0.837755705180921,137.38434640984786,174.4864686664782,48.70969892802992,19.0,1.0,auxiliary_external_image_dataset
GUJ_GIR_SOMNATH_2020_2021,wheat,Rabi,tillering,tillering,2020-12-10,2020-12-30,20,40,2,3,20,125,Gir Somnath,,,,2020,2021,4252.87,1,available,10.0,18.629268292682926,29.429268292682924,10.0,18.629268292682926,29.429268292682924,33.5,7,985.2,985.2,0.821,0.1744468619351936,0.1755331816418258,0.2062725275480301,0.0068811633214355,0.1012896429100602,0.1043139444219103,0.0040733181149686,0.6235662401705956,0.4886659145265994,0.019667695873756,10.0,985.2,0.0068811633214355,,,,,,,,,
GUJ_GIR_SOMNATH_2020_2021,wheat,Rabi,stem_elongation,stem_elongation,2020-12-30,2021-01-19,40,60,3,4,40,125,Gir Somnath,,,,2020,2021,4252.87,1,available,10.0,17.727868852459018,29.07377049180328,10.0,17.727868852459018,29.07377049180328,33.5,8,1427.4499999999998,1427.4499999999998,0.7930277777777777,0.1909630954774359,0.1823542867781883,0.2234232534409568,0.0048315714650189,0.1152685390081222,0.1100870356503105,0.0029344466816207,0.5688582239404637,0.5144258066489574,0.0139497821193647,10.0,1427.4499999999998,0.0048315714650189,,,,,,,,,
GUJ_GIR_SOMNATH_2020_2021,wheat,Rabi,booting_heading,booting_heading,2021-01-19,2021-02-08,60,80,4,5,60,125,Gir Somnath,,,,2020,2021,4252.87,1,available,10.0,17.371604938271602,29.066666666666663,10.0,17.371604938271602,29.066666666666663,33.5,8,1880.75,1880.75,0.7836458333333334,0.1811310149379422,0.1841089244958336,0.2234232534409568,0.0036189421739856,0.1020034921943468,0.1132461065805513,0.0022616076824735,0.442962683374178,0.5160998501059961,0.0101926320813775,10.0,1880.75,0.0036189421739856,,,,,,,,,
GUJ_GIR_SOMNATH_2020_2021,wheat,Rabi,flowering,flowering,2021-02-08,2021-02-23,80,95,5,6,80,125,Gir Somnath,,,,2020,2021,4252.87,1,available,10.0,17.59375,29.29791666666667,10.0,17.59375,29.29791666666667,34.0,12,2250.8,2250.8,0.7897543859649123,0.1543973702919767,0.1813404326116945,0.2234232534409568,0.0029305985461021,0.0881936461040737,0.1107216788285404,0.0017968874048035,0.5615225646260184,0.5114663869041965,0.0083542800953956,10.0,2250.8,0.0029305985461021,0.667205568343874,0.207148998863766,0.5370890299479166,153.39161512586804,83.38302031017486,45.36198009006561,63.0,1.0,auxiliary_external_image_dataset
GUJ_GIR_SOMNATH_2020_2021,wheat,Rabi,grain_filling_initial,grain_filling_initial,2021-02-23,2021-03-05,95,105,6,7,95,125,Gir Somnath,,,,2020,2021,4252.87,1,available,10.0,17.875471698113206,29.67735849056604,10.0,17.875471698113206,29.67735849056604,36.2,19,2520.3,2520.3,0.8000952380952382,0.1578391251721737,0.1787532110607062,0.2234232534409568,0.0025727969222452,0.0909617804975507,0.1080537673653716,0.001545788612253,0.421767613109521,0.50340792496708,0.0072988186486764,10.0,2520.3,0.0025727969222452,0.64207763671875,0.2100675723866411,0.538883518528294,155.23204857078758,96.45987870499894,40.98217857979439,185.0,1.0,auxiliary_external_image_dataset
GUJ_GIR_SOMNATH_2020_2021,wheat,Rabi,grain_filling,grain_filling,2021-03-05,2021-03-15,105,115,7,8,105,125,Gir Somnath,,,,2020,2021,4252.87,1,available,10.0,18.17758620689655,29.91034482758621,10.0,18.17758620689655,29.91034482758621,36.2,26,2789.1,2789.1,0.8084347826086956,0.145558423253293,0.1764229240665992,0.2234232534409568,0.0022897128065279,0.0823515472943335,0.1061058534594989,0.0013629425004445,0.4259021356543313,0.4962345780167384,0.0064739054553762,10.0,2789.1,0.0022897128065279,0.0612841694294905,0.0121212011134459,0.035730185628939,174.61391897762522,91.87537351976924,38.60734619813807,238.0,1.0,auxiliary_external_image_dataset
GUJ_GIR_SOMNATH_2020_2021,wheat,Rabi,maturity_preharvest,maturity_preharvest,2021-03-15,2021-03-25,115,130,8,9,115,125,Gir Somnath,,,,2020,2021,4252.87,1,available,10.0,18.509523809523813,30.25079365079365,10.0,18.509523809523813,30.25079365079365,36.7,34,3071.9,3071.9,0.8191733333333333,0.1556986253885079,0.174476751014303,0.2234232534409568,0.0020652818012755,0.0870706437845169,0.1043259054627189,0.0012165838265594,0.3471188869770767,0.4841410681911792,0.0056760202996658,10.0,3071.9,0.0020652818012755,0.0008408979936079,2.9083789590208285e-07,8.322975852272727e-07,168.71288785067472,58.12083906693892,40.56065226468173,55.0,1.0,auxiliary_external_image_dataset
GUJ_GIR_SOMNATH_2021_2022,wheat,Rabi,sowing,sowing,2021-11-20,2021-11-30,0,10,0,1,0,125,Gir Somnath,,,,2021,2022,4393.69,1,available,2.9,21.972727272727276,32.1,2.9,21.972727272727276,32.1,34.0,6,297.3999999999999,297.3999999999999,0.9913333333333332,0.2068802160868378,0.154036414774598,0.2068802160868378,0.0413760432173675,0.1384610637918675,0.0894498170995727,0.0276922127583735,0.7483651858876166,0.6103287017858916,0.1496730371775233,2.9,297.3999999999999,0.0413760432173675,,,,,,,,,
GUJ_GIR_SOMNATH_2021_2022,wheat,Rabi,early_vegetative,early_vegetative,2021-11-30,2021-12-10,10,20,1,2,10,125,Gir Somnath,,,,2021,2022,4393.69,1,available,38.9,20.9,30.280952380952385,38.9,20.9,30.280952380952385,34.0,6,537.4,537.4,0.8956666666666666,0.1663483841621895,0.1581404045704618,0.2068802160868378,0.0141185073714681,0.0999938069732285,0.0929644803907913,0.008768849694231,0.8262771053819589,0.6823115029845807,0.0645439300406698,38.9,537.4,0.0141185073714681,0.880794324372944,0.3849419227053033,0.837755705180921,137.38434640984786,174.4864686664782,48.70969892802992,19.0,1.0,auxiliary_external_image_dataset
GUJ_GIR_SOMNATH_2021_2022,wheat,Rabi,tillering,tillering,2021-12-10,2021-12-30,20,40,2,3,20,125,Gir Somnath,,,,2021,2022,4393.69,1,available,38.9,19.170731707317078,29.317073170731707,38.9,19.170731707317078,29.317073170731707,34.0,6,994.0,994.0,0.8283333333333334,0.1660866713159141,0.1726873320530128,0.2068802160868378,0.0069340150610849,0.0984079833187525,0.1042034306226376,0.0042685733259877,0.5434820741706223,0.6597581033516553,0.0250714543226489,38.9,994.0,0.0069340150610849,,,,,,,,,
GUJ_GIR_SOMNATH_2021_2022,wheat,Rabi,stem_elongation,stem_elongation,2021-12-30,2022-01-19,40,60,3,4,40,125,Gir Somnath,,,,2021,2022,4393.69,1,available,39.1,18.35573770491804,28.614754098360656,39.1,18.35573770491804,28.614754098360656,34.0,6,1432.6,1432.6,0.7958888888888889,0.170262110726598,0.1716471875058598,0.2068802160868378,0.0044689270181071,0.1063222685745283,0.1020414975453383,0.0026719929961846,0.7188374191029813,0.6321694226532298,0.0157351284411598,39.1,1432.6,0.0044689270181071,,,,,,,,,
GUJ_GIR_SOMNATH_2021_2022,wheat,Rabi,booting_heading,booting_heading,2022-01-19,2022-02-08,60,80,4,5,60,125,Gir Somnath,,,,2021,2022,4393.69,1,available,40.2,17.82345679012346,28.10987654320988,40.2,17.82345679012346,28.10987654320988,34.0,6,1860.3,1860.3,0.7751250000000001,0.1695036477166053,0.1725200192879948,0.2068802160868378,0.0033427602338315,0.113384370812434,0.1036519352119895,0.0020347110413424,0.4740720361034432,0.6021349294118861,0.0109120006200815,40.2,1860.3,0.0033427602338315,,,,,,,,,
GUJ_GIR_SOMNATH_2021_2022,wheat,Rabi,flowering,flowering,2022-02-08,2022-02-23,80,95,5,6,80,125,Gir Somnath,,,,2021,2022,4393.69,1,available,40.2,17.878125,28.39270833333333,40.2,17.878125,28.39270833333333,34.0,9,2221.0,2221.0,0.779298245614035,0.1128795687259485,0.1690005891618447,0.2068802160868378,0.0026910708348386,0.0623176569106264,0.1002846868776491,0.0015970739766161,0.3961219046648579,0.5717782498314938,0.0084437496907602,40.2,2221.0,0.0026910708348386,0.667205568343874,0.207148998863766,0.5370890299479166,153.39161512586804,83.38302031017486,45.36198009006561,63.0,1.0,auxiliary_external_image_dataset
GUJ_GIR_SOMNATH_2021_2022,wheat,Rabi,grain_filling_initial,grain_filling_initial,2022-02-23,2022-03-05,95,105,6,7,95,125,Gir Somnath,,,,2021,2022,4393.69,1,available,40.2,18.067924528301884,28.815094339622647,40.2,18.067924528301884,28.815094339622647,35.1,16,2484.8,2484.8,0.7888253968253969,0.1468544226101818,0.1677399833418292,0.2068802160868378,0.0024014910771689,0.0784504580943913,0.0990567810081259,0.0014118540078793,0.4085061574580869,0.5547171694561662,0.0072940219541997,40.2,2484.8,0.0024014910771689,0.64207763671875,0.2100675723866411,0.538883518528294,155.23204857078758,96.45987870499894,40.98217857979439,185.0,1.0,auxiliary_external_image_dataset
GUJ_GIR_SOMNATH_2021_2022,wheat,Rabi,grain_filling,grain_filling,2022-03-05,2022-03-15,105,115,7,8,105,125,Gir Somnath,,,,2021,2022,4393.69,1,available,40.2,18.42672413793104,29.386206896551727,40.2,18.42672413793104,29.386206896551727,37.5,26,2773.15,2773.15,0.8038115942028986,0.1439439907572723,0.1659348177732108,0.2068802160868378,0.0021507994689656,0.0817100826250141,0.0980343847678925,0.0012662419285091,0.4511322196404828,0.5471818805442811,0.0065835549703608,40.2,2773.15,0.0021507994689656,0.0612841694294905,0.0121212011134459,0.035730185628939,174.61391897762522,91.87537351976924,38.60734619813807,238.0,1.0,auxiliary_external_image_dataset
GUJ_GIR_SOMNATH_2021_2022,wheat,Rabi,maturity_preharvest,maturity_preharvest,2022-03-15,2022-03-25,115,130,8,9,115,125,Gir Somnath,,,,2021,2022,4393.69,1,available,40.2,18.82698412698413,29.828571428571426,40.2,18.82698412698413,29.828571428571426,37.5,35,3065.2999999999997,3065.2999999999997,0.8174133333333331,0.1444221499576843,0.1644177109708919,0.2068802160868378,0.0019488719259349,0.0788385562640911,0.0968783038131229,0.0011418251357616,0.5516275973923691,0.5418335366815246,0.0060278183314288,40.2,3065.2999999999997,0.0019488719259349,0.0008408979936079,2.9083789590208285e-07,8.322975852272727e-07,168.71288785067472,58.12083906693892,40.56065226468173,55.0,1.0,auxiliary_external_image_dataset
GUJ_GIR_SOMNATH_2022_2023,wheat,Rabi,sowing,sowing,2022-11-20,2022-11-30,0,10,0,1,0,125,Gir Somnath,,,,2022,2023,4044.88,1,available,0.0,18.8,31.345454545454547,0.0,18.8,31.345454545454547,32.5,3,275.8,275.8,0.9193333333333332,0.186846423082326,0.1898121425769105,0.1927778620714951,0.0373692846164652,0.110003041464137,0.1154404523277781,0.0220006082928274,0.5687689778707894,0.597957202076123,0.1137537955741578,0.0,275.8,0.0373692846164652,,,,,,,,,
GUJ_GIR_SOMNATH_2022_2023,wheat,Rabi,early_vegetative,early_vegetative,2022-11-30,2022-12-10,10,20,1,2,10,125,Gir Somnath,,,,2022,2023,4044.88,1,available,0.0,19.0952380952381,31.11428571428572,0.0,19.0952380952381,31.11428571428572,32.5,3,527.2,527.2,0.8786666666666667,0.1917374084612163,0.1877506734728704,0.1927778620714951,0.0160191521288409,0.117419433162481,0.1135496954459635,0.0096294032697602,0.618488959158725,0.5977227712875752,0.0511030185575089,0.0,527.2,0.0160191521288409,0.880794324372944,0.3849419227053033,0.837755705180921,137.38434640984786,174.4864686664782,48.70969892802992,19.0,1.0,auxiliary_external_image_dataset
GUJ_GIR_SOMNATH_2022_2023,wheat,Rabi,tillering,tillering,2022-12-10,2022-12-30,20,40,2,3,20,125,Gir Somnath,,,,2022,2023,4044.88,1,available,2.6,19.17560975609756,30.670731707317078,2.6,19.17560975609756,30.670731707317078,33.4,9,1021.85,1021.85,0.8515416666666666,0.1886789833112314,0.1711405794258656,0.1928479785951091,0.0065355770104208,0.1184543933798058,0.1007655969781429,0.00378530576929,0.5406858890955862,0.4604041276422133,0.0158252623757457,2.6,1021.85,0.0065355770104208,,,,,,,,,
GUJ_GIR_SOMNATH_2022_2023,wheat,Rabi,stem_elongation,stem_elongation,2022-12-30,2023-01-19,40,60,3,4,40,125,Gir Somnath,,,,2022,2023,4044.88,1,available,2.6,18.14590163934426,29.652459016393443,2.6,18.14590163934426,29.652459016393443,33.4,9,1457.8499999999997,1457.8499999999997,0.8099166666666665,0.1600547972507775,0.1728275401886236,0.1928479785951091,0.0044385448326175,0.0991492228497354,0.1025768169083173,0.0026298791421551,0.6444540917090643,0.4909361516540045,0.0127759432943979,2.6,1457.8499999999997,0.0044385448326175,,,,,,,,,
GUJ_GIR_SOMNATH_2022_2023,wheat,Rabi,booting_heading,booting_heading,2023-01-19,2023-02-08,60,80,4,5,60,125,Gir Somnath,,,,2022,2023,4044.88,1,available,3.0,17.7283950617284,29.360493827160496,3.0,17.7283950617284,29.360493827160496,33.4,9,1907.1,1907.1,0.7946249999999999,0.1752650721994934,0.1736910232152759,0.1928479785951091,0.0033457210838872,0.1005286821291638,0.1036754342926578,0.0020018193369209,0.0412170996245662,0.4612742814537443,0.0083436201267359,3.0,1907.1,0.0033457210838872,,,,,,,,,
GUJ_GIR_SOMNATH_2022_2023,wheat,Rabi,flowering,flowering,2023-02-08,2023-02-23,80,95,5,6,80,125,Gir Somnath,,,,2022,2023,4044.88,1,available,3.0,17.806250000000002,29.796875,3.0,17.806250000000002,29.796875,36.8,17,2284.95,2284.95,0.8017368421052631,0.1616102539948833,0.1734456444118332,0.1928479785951091,0.0027985226034022,0.1087481575325022,0.1047683037794186,0.0017118483510894,0.4617650414653941,0.4541294910657432,0.0069238116294672,3.0,2284.95,0.0027985226034022,0.667205568343874,0.207148998863766,0.5370890299479166,153.39161512586804,83.38302031017486,45.36198009006561,63.0,1.0,auxiliary_external_image_dataset
GUJ_GIR_SOMNATH_2022_2023,wheat,Rabi,grain_filling_initial,grain_filling_initial,2023-02-23,2023-03-05,95,105,6,7,95,125,Gir Somnath,,,,2022,2023,4044.88,1,available,3.0,18.04433962264151,30.151886792452824,3.0,18.04433962264151,30.151886792452824,36.8,26,2554.4,2554.4,0.8109206349206349,0.1424076232497431,0.1711645059936794,0.1928479785951091,0.0024622709919813,0.0811611108957294,0.102971819368216,0.0014910801558663,0.5159185723174781,0.4481595754504162,0.0061604485390266,3.0,2554.4,0.0024622709919813,0.64207763671875,0.2100675723866411,0.538883518528294,155.23204857078758,96.45987870499894,40.98217857979439,185.0,1.0,auxiliary_external_image_dataset
GUJ_GIR_SOMNATH_2022_2023,wheat,Rabi,grain_filling,grain_filling,2023-03-05,2023-03-15,105,115,7,8,105,125,Gir Somnath,,,,2022,2023,4044.88,1,available,3.3,18.403448275862072,30.514655172413796,3.3,18.403448275862072,30.514655172413796,36.8,34,2837.25,2837.25,0.822391304347826,0.161700589161156,0.1712356919448998,0.1928479785951091,0.0022513086371682,0.1023495951835661,0.1025050118294668,0.0013490750041694,0.53995892647431,0.448986706922472,0.0057003742888762,3.3,2837.25,0.0022513086371682,0.0612841694294905,0.0121212011134459,0.035730185628939,174.61391897762522,91.87537351976924,38.60734619813807,238.0,1.0,auxiliary_external_image_dataset
GUJ_GIR_SOMNATH_2022_2023,wheat,Rabi,maturity_preharvest,maturity_preharvest,2023-03-15,2023-03-25,115,130,8,9,115,125,Gir Somnath,,,,2022,2023,4044.88,1,available,15.5,18.719047619047625,30.43333333333333,15.5,18.719047619047625,30.43333333333333,36.8,35,3096.5999999999995,3096.5999999999995,0.8257599999999998,0.1446902843659604,0.1662784419953367,0.1928479785951091,0.0019546814197183,0.0713841983481957,0.0985957914944995,0.0011484698471025,0.3831331821633361,0.4167074020348478,0.0045159397355771,15.5,3096.5999999999995,0.0019546814197183,0.0008408979936079,2.9083789590208285e-07,8.322975852272727e-07,168.71288785067472,58.12083906693892,40.56065226468173,55.0,1.0,auxiliary_external_image_dataset
GUJ_GIR_SOMNATH_2023_2024,wheat,Rabi,sowing,sowing,2023-11-20,2023-11-30,0,10,0,1,0,126,Gir Somnath,,,,2023,2024,4078.9,1,available,10.9,20.618181818181817,30.75454545454545,10.9,20.618181818181817,30.75454545454545,34.0,6,282.55,282.55,0.9418333333333334,-0.0584549943657424,0.0511555135493952,0.1607660214645328,-0.0116909988731484,-0.0807819697620777,-0.0024089887180379,-0.0161563939524155,0.1221570545915789,0.3038632535087877,0.0244314109183157,10.9,282.55,-0.0116909988731484,,,,,,,,,
GUJ_GIR_SOMNATH_2023_2024,wheat,Rabi,early_vegetative,early_vegetative,2023-11-30,2023-12-10,10,20,1,2,10,126,Gir Somnath,,,,2023,2024,4078.9,1,available,11.7,20.666666666666668,30.52857142857143,11.7,20.666666666666668,30.52857142857143,34.0,6,537.55,537.55,0.8959166666666666,0.1874183565273262,0.0965764612087055,0.1874183565273262,0.0126552687475563,0.0986773655714685,0.0312864627117975,0.0046629104552343,0.3993163037407564,0.3356809369194439,0.0368315864829236,11.7,537.55,0.0126552687475563,0.880794324372944,0.3849419227053033,0.837755705180921,137.38434640984786,174.4864686664782,48.70969892802992,19.0,1.0,auxiliary_external_image_dataset
GUJ_GIR_SOMNATH_2023_2024,wheat,Rabi,tillering,tillering,2023-12-10,2023-12-30,20,40,2,3,20,126,Gir Somnath,,,,2023,2024,4078.9,1,available,11.8,19.89024390243902,30.47317073170732,11.8,19.89024390243902,30.47317073170732,34.0,8,1032.45,1032.45,0.860375,0.1744073609333357,0.126788429853448,0.1874183565273262,0.0060411652373701,0.1076148846604472,0.0598128218666063,0.0034375345232656,0.6469455051930219,0.4975758314270824,0.0243515503907456,11.8,1032.45,0.0060411652373701,,,,,,,,,
GUJ_GIR_SOMNATH_2023_2024,wheat,Rabi,stem_elongation,stem_elongation,2023-12-30,2024-01-19,40,60,3,4,40,126,Gir Somnath,,,,2023,2024,4078.9,1,available,12.4,19.31639344262295,30.25245901639344,12.4,19.31639344262295,30.25245901639344,34.0,8,1511.85,1511.85,0.8399166666666666,0.1496568761821693,0.1415100577806959,0.1874183565273262,0.0042280660893702,0.0632803598627644,0.0704723332794833,0.0022925673387565,0.3881243539230056,0.5040012298466079,0.014424657523902,12.4,1511.85,0.0042280660893702,,,,,,,,,
GUJ_GIR_SOMNATH_2023_2024,wheat,Rabi,booting_heading,booting_heading,2024-01-19,2024-02-08,60,80,4,5,60,126,Gir Somnath,,,,2023,2024,4078.9,1,available,12.4,19.062962962962963,30.14444444444444,12.4,19.062962962962963,30.14444444444444,34.0,8,1992.9,1992.9,0.8303750000000001,0.1570233359283838,0.1505022068150968,0.1874183565273262,0.0030061744172497,0.0839284486222222,0.0787081931128404,0.0016630619405297,0.4371558940065477,0.492202026582027,0.0091701681513318,12.4,1992.9,0.0030061744172497,,,,,,,,,
GUJ_GIR_SOMNATH_2023_2024,wheat,Rabi,flowering,flowering,2024-02-08,2024-02-23,80,95,5,6,80,126,Gir Somnath,,,,2023,2024,4078.9,1,available,12.4,19.11875,30.24895833333333,12.4,19.11875,30.24895833333333,34.0,12,2369.65,2369.65,0.8314561403508772,0.1534033681665345,0.147565892049637,0.1874183565273262,0.0023686342719138,0.0762082974068649,0.0772522797697157,0.001290246982514,0.4917501246085075,0.4820893156891374,0.0073794512111319,12.4,2369.65,0.0023686342719138,0.667205568343874,0.207148998863766,0.5370890299479166,153.39161512586804,83.38302031017486,45.36198009006561,63.0,1.0,auxiliary_external_image_dataset
GUJ_GIR_SOMNATH_2023_2024,wheat,Rabi,grain_filling_initial,grain_filling_initial,2024-02-23,2024-03-04,95,105,6,7,95,126,Gir Somnath,,,,2023,2024,4078.9,1,available,14.3,19.07547169811321,30.29339622641509,14.3,19.07547169811321,30.29339622641509,34.3,16,2616.5500000000006,2616.5500000000006,0.8306507936507939,0.1382087006254372,0.148117549324587,0.1874183565273262,0.0021388161538846,0.0735499881586298,0.0789223422307012,0.0011889952731271,0.4249090606426284,0.4784234013865409,0.0065968173479424,14.3,2616.5500000000006,0.0021388161538846,0.64207763671875,0.2100675723866411,0.538883518528294,155.23204857078758,96.45987870499894,40.98217857979439,185.0,1.0,auxiliary_external_image_dataset
GUJ_GIR_SOMNATH_2023_2024,wheat,Rabi,grain_filling,grain_filling,2024-03-04,2024-03-14,105,115,7,8,105,126,Gir Somnath,,,,2023,2024,4078.9,1,available,14.3,19.138793103448275,30.43448275862069,14.3,19.138793103448275,30.43448275862069,34.3,21,2875.25,2875.25,0.8334057971014492,0.137957058460215,0.1482152702766474,0.1874183565273262,0.0019453957319775,0.0706756259138848,0.0797848393805794,0.0010910405111117,0.38994754518603,0.4720881898633716,0.0059018658268487,14.3,2875.25,0.0019453957319775,0.0612841694294905,0.0121212011134459,0.035730185628939,174.61391897762522,91.87537351976924,38.60734619813807,238.0,1.0,auxiliary_external_image_dataset
GUJ_GIR_SOMNATH_2023_2024,wheat,Rabi,maturity_preharvest,maturity_preharvest,2024-03-14,2024-03-25,115,130,8,9,115,126,Gir Somnath,,,,2023,2024,4078.9,1,available,14.3,19.30314960629921,30.711811023622047,14.3,19.30314960629921,30.711811023622047,37.7,31,3175.95,3175.95,0.8401984126984127,0.1505527814156489,0.1479168784601495,0.1874183565273262,0.0017790549328083,0.0886239667419796,0.0804585884832107,0.0010086390092434,0.3736626869590377,0.4649472912557727,0.0053097868399841,14.3,3175.95,0.0017790549328083,0.0008408979936079,2.9083789590208285e-07,8.322975852272727e-07,168.71288785067472,58.12083906693892,40.56065226468173,55.0,1.0,auxiliary_external_image_dataset
GUJ_JAMNAGAR_2020_2021,wheat,Rabi,sowing,sowing,2020-11-20,2020-11-30,0,10,0,1,0,125,Jamnagar,22.4707,70.0577,,2020,2021,3782.74,1,available,0.0,16.636363636363637,29.04545454545454,0.0,16.636363636363637,29.04545454545454,31.9,0,251.25000000000003,251.25000000000003,0.8375000000000001,0.3245755850701697,0.3401389145977086,0.3557022441252474,0.0649151170140339,0.1967647485125687,0.2169418898089128,0.0393529497025137,0.8911831762671865,0.8992119563790775,0.1782366352534373,0.0,251.25000000000003,0.0649151170140339,,,,,,,,,
GUJ_JAMNAGAR_2020_2021,wheat,Rabi,early_vegetative,early_vegetative,2020-11-30,2020-12-10,10,20,1,2,10,125,Jamnagar,22.4707,70.0577,,2020,2021,3782.74,1,available,0.0,17.199999999999996,30.066666666666663,0.0,17.199999999999996,30.066666666666663,31.9,0,496.3,496.3,0.8271666666666666,0.3266070264115814,0.3345929165578069,0.3557022441252474,0.0281052897936196,0.1980468363015434,0.205656240519613,0.0167470564247909,0.9046194945200656,0.8921394419459355,0.0762295768691203,0.0,496.3,0.0281052897936196,0.880794324372944,0.3849419227053033,0.837755705180921,137.38434640984786,174.4864686664782,48.70969892802992,19.0,1.0,auxiliary_external_image_dataset
GUJ_JAMNAGAR_2020_2021,wheat,Rabi,tillering,tillering,2020-12-10,2020-12-30,20,40,2,3,20,125,Jamnagar,22.4707,70.0577,,2020,2021,3782.74,1,available,0.0,15.921951219512191,27.92682926829268,0.0,15.921951219512191,27.92682926829268,31.9,0,898.9,898.9,0.7490833333333333,0.3010036425719281,0.3067863535029622,0.3557022441252474,0.0117912001029323,0.1791186265999793,0.1900195757987242,0.0072782648283467,0.8286058466635404,1.211851877074542,0.0505710837280931,0.0,898.9,0.0117912001029323,,,,,,,,,
GUJ_JAMNAGAR_2020_2021,wheat,Rabi,stem_elongation,stem_elongation,2020-12-30,2021-01-19,40,60,3,4,40,125,Jamnagar,22.4707,70.0577,,2020,2021,3782.74,1,available,0.0,15.30983606557377,26.896721311475407,0.0,15.30983606557377,26.896721311475407,31.9,0,1287.2999999999995,1287.2999999999995,0.7151666666666664,0.2919494436469524,0.293547283988942,0.3557022441252474,0.0072551959269428,0.1627814890594792,0.1792413552432719,0.0043586583663657,0.6766111892144264,1.116485418287932,0.0277858481886005,0.0,1287.2999999999995,0.0072551959269428,,,,,,,,,
GUJ_JAMNAGAR_2020_2021,wheat,Rabi,booting_heading,booting_heading,2021-01-19,2021-02-08,60,80,4,5,60,125,Jamnagar,22.4707,70.0577,,2020,2021,3782.74,1,available,0.0,14.819753086419752,27.00493827160494,0.0,14.819753086419752,27.00493827160494,31.9,0,1693.9,1693.9,0.7057916666666667,0.2696008852553931,0.2894294613453559,0.3557022441252474,0.0053665697876484,0.1463668291816714,0.1755415182916938,0.0032026064540523,0.5315123707909244,0.9994883546644552,0.0169429676030434,0.0,1693.9,0.0053665697876484,,,,,,,,,
GUJ_JAMNAGAR_2020_2021,wheat,Rabi,flowering,flowering,2021-02-08,2021-02-23,80,95,5,6,80,125,Jamnagar,22.4707,70.0577,,2020,2021,3782.74,1,available,0.0,15.123958333333334,27.652083333333334,0.0,15.123958333333334,27.652083333333334,33.4,6,2053.25,2053.25,0.7204385964912281,0.2554192847610552,0.2838236654239642,0.3557022441252474,0.0043836998542438,0.1389064868905934,0.1698143622515233,0.002555126718682,0.5705851088658369,0.9305227356119868,0.0126798165946891,0.0,2053.25,0.0043836998542438,0.667205568343874,0.207148998863766,0.5370890299479166,153.39161512586804,83.38302031017486,45.36198009006561,63.0,1.0,auxiliary_external_image_dataset
GUJ_JAMNAGAR_2020_2021,wheat,Rabi,grain_filling_initial,grain_filling_initial,2021-02-23,2021-03-05,95,105,6,7,95,125,Jamnagar,22.4707,70.0577,,2020,2021,3782.74,1,available,0.0,15.49433962264151,28.13867924528302,0.0,15.49433962264151,28.13867924528302,36.0,14,2312.55,2312.55,0.7341428571428572,0.2445589219745033,0.2801965254909445,0.3557022441252474,0.0038891111036802,0.1406234010121494,0.1657640479973108,0.0022244811865952,0.5759495512668616,0.89043272288669,0.010707217032622,0.0,2312.55,0.0038891111036802,0.64207763671875,0.2100675723866411,0.538883518528294,155.23204857078758,96.45987870499894,40.98217857979439,185.0,1.0,auxiliary_external_image_dataset
GUJ_JAMNAGAR_2020_2021,wheat,Rabi,grain_filling,grain_filling,2021-03-05,2021-03-15,105,115,7,8,105,125,Jamnagar,22.4707,70.0577,,2020,2021,3782.74,1,available,0.0,15.969827586206897,28.67068965517241,0.0,15.969827586206897,28.67068965517241,36.0,24,2589.15,2589.15,0.7504782608695653,0.2200946491259384,0.2751599477790201,0.3557022441252474,0.003444765534793,0.1175401943258881,0.1615489770571762,0.0019480925414371,0.5757849588868624,0.8592537386302028,0.0093050368559879,0.0,2589.15,0.003444765534793,0.0612841694294905,0.0121212011134459,0.035730185628939,174.61391897762522,91.87537351976924,38.60734619813807,238.0,1.0,auxiliary_external_image_dataset
GUJ_JAMNAGAR_2020_2021,wheat,Rabi,maturity_preharvest,maturity_preharvest,2021-03-15,2021-03-25,115,130,8,9,115,125,Jamnagar,22.4707,70.0577,,2020,2021,3782.74,1,available,0.0,16.41349206349206,29.23015873015873,0.0,16.41349206349206,29.23015873015873,37.8,34,2875.5500000000006,2875.5500000000006,0.7668133333333335,0.2208589860171512,0.2709965134070978,0.3557022441252474,0.0030958639935793,0.1226038618393439,0.1585546942578213,0.0017468244967595,0.4576282975394135,0.8269256142693063,0.0080799062493626,0.0,2875.5500000000006,0.0030958639935793,0.0008408979936079,2.9083789590208285e-07,8.322975852272727e-07,168.71288785067472,58.12083906693892,40.56065226468173,55.0,1.0,auxiliary_external_image_dataset
GUJ_JAMNAGAR_2021_2022,wheat,Rabi,sowing,sowing,2021-11-20,2021-11-30,0,10,0,1,0,125,Jamnagar,22.4707,70.0577,,2021,2022,3875.58,1,available,0.0,18.881818181818183,29.927272727272733,0.0,18.881818181818183,29.927272727272733,31.5,0,268.45,268.45,0.8948333333333333,0.3583546612572034,0.2912079173371056,0.3583546612572034,0.0716709322514406,0.2246378336615797,0.1770442601818903,0.0449275667323159,0.9589230743347864,2.040543782473116,0.1917846148669573,0.0,268.45,0.0716709322514406,,,,,,,,,
GUJ_JAMNAGAR_2021_2022,wheat,Rabi,early_vegetative,early_vegetative,2021-11-30,2021-12-10,10,20,1,2,10,125,Jamnagar,22.4707,70.0577,,2021,2022,3875.58,1,available,0.0,18.73809523809524,28.70476190476191,0.0,18.73809523809524,28.70476190476191,31.5,0,498.1499999999999,498.1499999999999,0.8302499999999998,0.3548625677699233,0.3124261341480449,0.3583546612572034,0.0284588472913394,0.2168415628735076,0.1903100277457627,0.017503250445642,0.9924440257171828,1.6911771968878049,0.0787251030297267,0.0,498.1499999999999,0.0284588472913394,0.880794324372944,0.3849419227053033,0.837755705180921,137.38434640984786,174.4864686664782,48.70969892802992,19.0,1.0,auxiliary_external_image_dataset
GUJ_JAMNAGAR_2021_2022,wheat,Rabi,tillering,tillering,2021-12-10,2021-12-30,20,40,2,3,20,125,Jamnagar,22.4707,70.0577,,2021,2022,3875.58,1,available,0.8,16.882926829268293,27.178048780487803,0.8,16.882926829268293,27.178048780487803,31.5,0,903.25,903.25,0.7527083333333333,0.1212716953413188,0.2895760371335303,0.3583546612572034,0.0104262674212759,0.064443240861841,0.1765050985827966,0.0063481969751448,-1.4902087082201996,0.8895368012810586,0.0098864386180777,0.8,903.25,0.0104262674212759,,,,,,,,,
GUJ_JAMNAGAR_2021_2022,wheat,Rabi,stem_elongation,stem_elongation,2021-12-30,2022-01-19,40,60,3,4,40,125,Jamnagar,22.4707,70.0577,,2021,2022,3875.58,1,available,6.5,16.040983606557376,26.309836065573773,6.5,16.040983606557376,26.309836065573773,31.5,0,1291.7000000000005,1291.7000000000005,0.7176111111111113,0.3015287588225696,0.2669224602763213,0.3583546612572034,0.0063418247889227,0.1863027626873473,0.1584693193150705,0.0037014034126211,1.202526728965058,0.8296478766893007,0.0140155357343137,6.5,1291.7000000000005,0.0063418247889227,,,,,,,,,
GUJ_JAMNAGAR_2021_2022,wheat,Rabi,booting_heading,booting_heading,2022-01-19,2022-02-08,60,80,4,5,60,125,Jamnagar,22.4707,70.0577,,2021,2022,3875.58,1,available,7.2,15.5641975308642,26.18765432098765,7.2,15.5641975308642,26.18765432098765,31.5,0,1690.9499999999998,1690.9499999999998,0.7045624999999999,0.2918744047905537,0.2719202272908034,0.3583546612572034,0.005086070198065,0.1807883613515249,0.1594014161816599,0.0029321690380352,0.5916706685733599,0.7851997205718535,0.0114187781040506,7.2,1690.9499999999998,0.005086070198065,,,,,,,,,
GUJ_JAMNAGAR_2021_2022,wheat,Rabi,flowering,flowering,2022-02-08,2022-02-23,80,95,5,6,80,125,Jamnagar,22.4707,70.0577,,2021,2022,3875.58,1,available,7.2,15.76875,26.666666666666668,7.2,15.76875,26.666666666666668,32.2,1,2036.9,2036.9,0.714701754385965,0.2785629076616354,0.2631942932509739,0.3583546612572034,0.0040665671964991,0.1411641045776765,0.150402310470738,0.002243066519042,0.5260777257229088,0.7259666550071473,0.0088280649858684,7.2,2036.9,0.0040665671964991,0.667205568343874,0.207148998863766,0.5370890299479166,153.39161512586804,83.38302031017486,45.36198009006561,63.0,1.0,auxiliary_external_image_dataset
GUJ_JAMNAGAR_2021_2022,wheat,Rabi,grain_filling_initial,grain_filling_initial,2022-02-23,2022-03-05,95,105,6,7,95,125,Jamnagar,22.4707,70.0577,,2021,2022,3875.58,1,available,7.2,16.027358490566037,27.157547169811323,7.2,16.027358490566037,27.157547169811323,32.9,5,2288.8,2288.8,0.7266031746031745,0.2257534795398552,0.2615178934299299,0.3583546612572034,0.003656017057518,0.1190141180652712,0.1488368425421045,0.0020130983402645,0.5146041579232145,0.7062054870333735,0.0079209684015649,7.2,2288.8,0.003656017057518,0.64207763671875,0.2100675723866411,0.538883518528294,155.23204857078758,96.45987870499894,40.98217857979439,185.0,1.0,auxiliary_external_image_dataset
GUJ_JAMNAGAR_2021_2022,wheat,Rabi,grain_filling,grain_filling,2022-03-05,2022-03-15,105,115,7,8,105,125,Jamnagar,22.4707,70.0577,,2021,2022,3875.58,1,available,7.2,16.357758620689655,27.867241379310343,7.2,16.357758620689655,27.867241379310343,37.0,15,2565.05,2565.05,0.7434927536231885,0.2230807244505374,0.2584387895222359,0.3583546612572034,0.0032801377302762,0.1135166371796262,0.1464926009612596,0.0018005446388598,0.4809679933729635,0.6921950433898125,0.0072369427950343,7.2,2565.05,0.0032801377302762,0.0612841694294905,0.0121212011134459,0.035730185628939,174.61391897762522,91.87537351976924,38.60734619813807,238.0,1.0,auxiliary_external_image_dataset
GUJ_JAMNAGAR_2021_2022,wheat,Rabi,maturity_preharvest,maturity_preharvest,2022-03-15,2022-03-25,115,130,8,9,115,125,Jamnagar,22.4707,70.0577,,2021,2022,3875.58,1,available,7.2,16.788888888888888,28.45634920634921,7.2,16.788888888888888,28.45634920634921,37.2,25,2850.45,2850.45,0.7601199999999999,0.2302193000042873,0.2561591608683111,0.3583546612572034,0.0029834583038581,0.1268809103867378,0.1450884992177083,0.001642965687163,0.5396499965121735,0.6825928407162358,0.0067098225815565,7.2,2850.45,0.0029834583038581,0.0008408979936079,2.9083789590208285e-07,8.322975852272727e-07,168.71288785067472,58.12083906693892,40.56065226468173,55.0,1.0,auxiliary_external_image_dataset
GUJ_JAMNAGAR_2022_2023,wheat,Rabi,sowing,sowing,2022-11-20,2022-11-30,0,10,0,1,0,125,Jamnagar,22.4707,70.0577,,2022,2023,4248.05,1,available,0.0,15.800000000000004,30.3,0.0,15.800000000000004,30.3,31.0,0,253.55,253.55,0.8451666666666666,0.3195103863231319,0.3098488434084433,0.3195103863231319,0.0639020772646263,0.1881501793092335,0.1883470854616164,0.0376300358618467,0.6718676014482088,0.8101922500736073,0.1343735202896417,0.0,253.55,0.0639020772646263,,,,,,,,,
GUJ_JAMNAGAR_2022_2023,wheat,Rabi,early_vegetative,early_vegetative,2022-11-30,2022-12-10,10,20,1,2,10,125,Jamnagar,22.4707,70.0577,,2022,2023,4248.05,1,available,0.0,15.785714285714285,29.72857142857143,0.0,15.785714285714285,29.72857142857143,31.0,0,477.9,477.9,0.7965000000000001,0.310734586622931,0.3074448940935748,0.3195103863231319,0.0264344107437269,0.1847158577151817,0.1863655850682659,0.0158628910817725,0.6414040498512077,0.7751961383168541,0.0610581679648545,0.0,477.9,0.0264344107437269,0.880794324372944,0.3849419227053033,0.837755705180921,137.38434640984786,174.4864686664782,48.70969892802992,19.0,1.0,auxiliary_external_image_dataset
GUJ_JAMNAGAR_2022_2023,wheat,Rabi,tillering,tillering,2022-12-10,2022-12-30,20,40,2,3,20,125,Jamnagar,22.4707,70.0577,,2022,2023,4248.05,1,available,0.1,16.446341463414637,29.009756097560977,0.1,16.446341463414637,29.009756097560977,31.5,0,931.85,931.85,0.7765416666666667,0.2759536737062529,0.2813681880461904,0.3195103863231319,0.0107231903940982,0.1638136097904531,0.1638357303148761,0.006066136622354,0.635672099770693,0.7343368898127877,0.0274997243809204,0.1,931.85,0.0107231903940982,,,,,,,,,
GUJ_JAMNAGAR_2022_2023,wheat,Rabi,stem_elongation,stem_elongation,2022-12-30,2023-01-19,40,60,3,4,40,125,Jamnagar,22.4707,70.0577,,2022,2023,4248.05,1,available,0.1,15.677049180327868,27.972131147540992,0.1,15.677049180327868,27.972131147540992,31.5,0,1331.3,1331.3,0.7396111111111111,0.2789108735725342,0.2803850511397159,0.3195103863231319,0.007148482835862,0.1629237743982336,0.1624317431499696,0.0040715715852675,0.5834165871998553,0.7002990590285129,0.0170079963787694,0.1,1331.3,0.007148482835862,,,,,,,,,
GUJ_JAMNAGAR_2022_2023,wheat,Rabi,booting_heading,booting_heading,2023-01-19,2023-02-08,60,80,4,5,60,125,Jamnagar,22.4707,70.0577,,2022,2023,4248.05,1,available,0.1,15.379012345679016,27.590123456790124,0.1,15.379012345679016,27.590123456790124,31.5,0,1740.2500000000002,1740.2500000000002,0.7251041666666668,0.261910918384542,0.274502181866517,0.3195103863231319,0.0051611035604185,0.1379426713996261,0.15620247140624,0.0028616228234599,0.4884542390081464,0.6635073879703585,0.011734821954344,0.1,1740.2500000000002,0.0051611035604185,,,,,,,,,
GUJ_JAMNAGAR_2022_2023,wheat,Rabi,flowering,flowering,2023-02-08,2023-02-23,80,95,5,6,80,125,Jamnagar,22.4707,70.0577,,2022,2023,4248.05,1,available,0.1,15.629166666666668,28.28333333333333,0.1,15.629166666666668,28.28333333333333,35.7,7,2107.8,2107.8,0.7395789473684211,0.2244481576534949,0.2688973806297368,0.3195103863231319,0.004187986398255,0.1256738603948831,0.152058196344699,0.0023102800167404,0.5233671614252464,0.6404306608442739,0.0093981032014659,0.1,2107.8,0.004187986398255,0.667205568343874,0.207148998863766,0.5370890299479166,153.39161512586804,83.38302031017486,45.36198009006561,63.0,1.0,auxiliary_external_image_dataset
GUJ_JAMNAGAR_2022_2023,wheat,Rabi,grain_filling_initial,grain_filling_initial,2023-02-23,2023-03-05,95,105,6,7,95,125,Jamnagar,22.4707,70.0577,,2022,2023,4248.05,1,available,0.1,15.936792452830188,28.861320754716974,0.1,15.936792452830188,28.861320754716974,38.0,15,2374.3,2374.3,0.7537460317460318,0.1973026409343672,0.2633091763884942,0.3195103863231319,0.0036479460754152,0.1072199869399985,0.1480891129610669,0.001997468289512,0.5425672306503573,0.628341859352309,0.0083037281398534,0.1,2374.3,0.0036479460754152,0.64207763671875,0.2100675723866411,0.538883518528294,155.23204857078758,96.45987870499894,40.98217857979439,185.0,1.0,auxiliary_external_image_dataset
GUJ_JAMNAGAR_2022_2023,wheat,Rabi,grain_filling,grain_filling,2023-03-05,2023-03-15,105,115,7,8,105,125,Jamnagar,22.4707,70.0577,,2022,2023,4248.05,1,available,1.0,16.34913793103448,29.40862068965517,1.0,16.34913793103448,29.40862068965517,38.0,25,2653.95,2653.95,0.7692608695652173,0.2179762388643015,0.2595003884841225,0.3195103863231319,0.0032561445729421,0.1288045536641263,0.1451312850748761,0.0017698859754148,0.6432345326747512,0.6231126893121351,0.0075713519000245,1.0,2653.95,0.0032561445729421,0.0612841694294905,0.0121212011134459,0.035730185628939,174.61391897762522,91.87537351976924,38.60734619813807,238.0,1.0,auxiliary_external_image_dataset
GUJ_JAMNAGAR_2022_2023,wheat,Rabi,maturity_preharvest,maturity_preharvest,2023-03-15,2023-03-25,115,130,8,9,115,125,Jamnagar,22.4707,70.0577,,2022,2023,4248.05,1,available,2.7,16.756349206349206,29.58015873015873,2.7,16.756349206349206,29.58015873015873,38.0,29,2919.2000000000003,2919.2000000000003,0.7784533333333334,0.1220498822735882,0.2535510410640832,0.3195103863231319,0.0028744300513305,0.0658022299079137,0.1407769393582949,0.0015437419975434,-0.5168146782961673,0.5708204407086859,0.0057854991177977,2.7,2919.2000000000003,0.0028744300513305,0.0008408979936079,2.9083789590208285e-07,8.322975852272727e-07,168.71288785067472,58.12083906693892,40.56065226468173,55.0,1.0,auxiliary_external_image_dataset
GUJ_JAMNAGAR_2023_2024,wheat,Rabi,sowing,sowing,2023-11-20,2023-11-30,0,10,0,1,0,126,Jamnagar,22.4707,70.0577,,2023,2024,4115.41,1,available,9.3,19.790909090909093,29.818181818181817,9.3,19.790909090909093,29.818181818181817,33.7,5,272.85,272.85,0.9095,-0.0564946679404751,0.1158516666004028,0.2881980011412808,-0.011298933588095,-0.0846031628759723,0.0383776992060507,-0.0169206325751944,0.0625108400393262,0.4735130515702981,0.0125021680078652,9.3,272.85,-0.011298933588095,,,,,,,,,
GUJ_JAMNAGAR_2023_2024,wheat,Rabi,early_vegetative,early_vegetative,2023-11-30,2023-12-10,10,20,1,2,10,126,Jamnagar,22.4707,70.0577,,2023,2024,4115.41,1,available,9.3,19.161904761904765,28.83333333333333,9.3,19.161904761904765,28.83333333333333,33.7,5,503.95,503.95,0.8399166666666666,0.3058606969960712,0.1791880100656256,0.3058606969960712,0.0222090690420666,0.1823406131932294,0.0863653372017769,0.0112031225404194,0.8347416122301026,0.5939225717902329,0.0692797625799812,9.3,503.95,0.0222090690420666,0.880794324372944,0.3849419227053033,0.837755705180921,137.38434640984786,174.4864686664782,48.70969892802992,19.0,1.0,auxiliary_external_image_dataset
GUJ_JAMNAGAR_2023_2024,wheat,Rabi,tillering,tillering,2023-12-10,2023-12-30,20,40,2,3,20,126,Jamnagar,22.4707,70.0577,,2023,2024,4115.41,1,available,9.3,17.953658536585365,28.634146341463413,9.3,17.953658536585365,28.634146341463413,33.7,5,955.05,955.05,0.795875,0.3017356508906468,0.2109833813709284,0.3058606969960712,0.0085640657691426,0.189504959181956,0.1142030284351121,0.0049654839084135,0.9700650919253978,0.4064777838159108,0.0101919174688576,9.3,955.05,0.0085640657691426,,,,,,,,,
GUJ_JAMNAGAR_2023_2024,wheat,Rabi,stem_elongation,stem_elongation,2023-12-30,2024-01-19,40,60,3,4,40,126,Jamnagar,22.4707,70.0577,,2023,2024,4115.41,1,available,9.3,17.08360655737705,27.837704918032784,9.3,17.08360655737705,27.837704918032784,33.7,5,1370.1,1370.1,0.7611666666666668,0.2658443193195767,0.2385031504613756,0.3412598355400961,0.0070969860524321,0.1313061721024924,0.1292115410603596,0.0039463766526433,0.5350991856052772,0.5009048347984217,0.0135525596631011,9.3,1370.1,0.0070969860524321,,,,,,,,,
GUJ_JAMNAGAR_2023_2024,wheat,Rabi,booting_heading,booting_heading,2024-01-19,2024-02-08,60,80,4,5,60,126,Jamnagar,22.4707,70.0577,,2023,2024,4115.41,1,available,9.3,16.96049382716049,28.11234567901235,9.3,16.96049382716049,28.11234567901235,33.7,6,1825.45,1825.45,0.7606041666666666,0.2433436707306466,0.234254851099709,0.3412598355400961,0.0045353245870011,0.1180137435887536,0.1259258374428323,0.0024510960008264,0.6629582709200119,0.5529204427032546,0.0110944303826177,9.3,1825.45,0.0045353245870011,,,,,,,,,
GUJ_JAMNAGAR_2023_2024,wheat,Rabi,flowering,flowering,2024-02-08,2024-02-23,80,95,5,6,80,126,Jamnagar,22.4707,70.0577,,2023,2024,4115.41,1,available,9.3,17.096875,28.34479166666667,9.3,17.096875,28.34479166666667,34.3,9,2181.2,2181.2,0.7653333333333333,0.2130809803880758,0.2339645584932242,0.3412598355400961,0.0037336802381679,0.1020867758504978,0.1250342069955042,0.0019930604415734,0.4440327616268328,0.5374220326070553,0.0086197128746985,9.3,2181.2,0.0037336802381679,0.667205568343874,0.207148998863766,0.5370890299479166,153.39161512586804,83.38302031017486,45.36198009006561,63.0,1.0,auxiliary_external_image_dataset
GUJ_JAMNAGAR_2023_2024,wheat,Rabi,grain_filling_initial,grain_filling_initial,2024-02-23,2024-03-04,95,105,6,7,95,126,Jamnagar,22.4707,70.0577,,2023,2024,4115.41,1,available,10.8,17.203773584905658,28.547169811320757,10.8,17.203773584905658,28.547169811320757,37.9,13,2424.8,2424.8,0.7697777777777778,0.1835158618426235,0.230688750442379,0.3412598355400961,0.0032745898875781,0.09138233575679,0.1235399188435837,0.0017542969080523,0.5180530737100636,0.5370793100614338,0.007740481723006,10.8,2424.8,0.0032745898875781,0.64207763671875,0.2100675723866411,0.538883518528294,155.23204857078758,96.45987870499894,40.98217857979439,185.0,1.0,auxiliary_external_image_dataset
GUJ_JAMNAGAR_2023_2024,wheat,Rabi,grain_filling,grain_filling,2024-03-04,2024-03-14,105,115,7,8,105,126,Jamnagar,22.4707,70.0577,,2023,2024,4115.41,1,available,10.8,17.308620689655175,28.735344827586204,10.8,17.308620689655175,28.735344827586204,37.9,16,2670.5499999999997,2670.5499999999997,0.7740724637681158,0.1892971940321089,0.2277583788986658,0.3412598355400961,0.0029184643975372,0.0912752227731384,0.1221654766213282,0.0015673450243096,0.4482799394971095,0.5334233799191084,0.0069550825634224,10.8,2670.5499999999997,0.0029184643975372,0.0612841694294905,0.0121212011134459,0.035730185628939,174.61391897762522,91.87537351976924,38.60734619813807,238.0,1.0,auxiliary_external_image_dataset
GUJ_JAMNAGAR_2023_2024,wheat,Rabi,maturity_preharvest,maturity_preharvest,2024-03-14,2024-03-25,115,130,8,9,115,126,Jamnagar,22.4707,70.0577,,2023,2024,4115.41,1,available,10.8,17.58976377952756,29.337007874015743,10.8,17.58976377952756,29.337007874015743,37.9,27,2979.8499999999995,2979.8499999999995,0.7883201058201057,0.1935929108606567,0.2244611182737699,0.3412598355400961,0.0026188240385809,0.1060283992455566,0.120843594625603,0.0014157752630424,0.472011665812498,0.5316776225482222,0.0063534545764436,10.8,2979.8499999999995,0.0026188240385809,0.0008408979936079,2.9083789590208285e-07,8.322975852272727e-07,168.71288785067472,58.12083906693892,40.56065226468173,55.0,1.0,auxiliary_external_image_dataset
GUJ_JUNAGADH_2020_2021,wheat,Rabi,sowing,sowing,2020-11-20,2020-11-30,0,10,0,1,0,125,Junagadh,21.5222,70.4579,,2020,2021,4388.12,1,available,0.0,18.209090909090907,30.318181818181817,0.0,18.209090909090907,30.318181818181817,32.4,1,266.9,266.9,0.8896666666666666,0.2549099359180273,0.2575517313574036,0.26019352679678,0.0509819871836054,0.1165999815078894,0.1352533522891539,0.0233199963015778,0.6426435386332982,0.8579652785247853,0.1285287077266596,0.0,266.9,0.0509819871836054,,,,,,,,,
GUJ_JUNAGADH_2020_2021,wheat,Rabi,early_vegetative,early_vegetative,2020-11-30,2020-12-10,10,20,1,2,10,125,Junagadh,21.5222,70.4579,,2020,2021,4388.12,1,available,0.1,19.09523809523809,31.3,0.1,19.09523809523809,31.3,32.9,10,529.15,529.15,0.8819166666666667,0.2493074328433295,0.2487992571167442,0.26019352679678,0.0209200642895099,0.1239859961151266,0.1264810321840885,0.0101631546562729,0.9044740928094632,0.8337645486809785,0.0683624700970206,0.1,529.15,0.0209200642895099,0.880794324372944,0.3849419227053033,0.837755705180921,137.38434640984786,174.4864686664782,48.70969892802992,19.0,1.0,auxiliary_external_image_dataset
GUJ_JUNAGADH_2020_2021,wheat,Rabi,tillering,tillering,2020-12-10,2020-12-30,20,40,2,3,20,125,Junagadh,21.5222,70.4579,,2020,2021,4388.12,1,available,2.4,17.356097560975613,29.53170731707317,2.4,17.356097560975613,29.53170731707317,32.9,10,961.2,961.2,0.8009999999999999,0.2109963979739442,0.2224802746597438,0.26019352679678,0.0085398986320646,0.113006972743348,0.1148855560457544,0.0044445966541781,0.7203061291417262,0.6403188380464148,0.0226969269587384,2.4,961.2,0.0085398986320646,,,,,,,,,
GUJ_JUNAGADH_2020_2021,wheat,Rabi,stem_elongation,stem_elongation,2020-12-30,2021-01-19,40,60,3,4,40,125,Junagadh,21.5222,70.4579,,2020,2021,4388.12,1,available,2.4,16.311475409836067,29.019672131147548,2.4,16.311475409836067,29.019672131147548,32.9,10,1382.6,1382.6,0.7681111111111111,0.2512022797186287,0.2236602566343473,0.26019352679678,0.0057680014287704,0.1122232005279741,0.1165980242521149,0.0030173136930276,0.6632872080589771,0.6671086780303258,0.0170144416048252,2.4,1382.6,0.0057680014287704,,,,,,,,,
GUJ_JUNAGADH_2020_2021,wheat,Rabi,booting_heading,booting_heading,2021-01-19,2021-02-08,60,80,4,5,60,125,Junagadh,21.5222,70.4579,,2020,2021,4388.12,1,available,2.4,16.037037037037038,29.139506172839507,2.4,16.037037037037038,29.139506172839507,32.9,11,1829.65,1829.65,0.7623541666666667,0.2382520709470586,0.2281304468085256,0.2754359519608562,0.0044637668288893,0.1080171065638424,0.1172993201581361,0.0022654482406246,0.5110061623149483,0.6524414578780389,0.0122171487461355,2.4,1829.65,0.0044637668288893,,,,,,,,,
GUJ_JUNAGADH_2020_2021,wheat,Rabi,flowering,flowering,2021-02-08,2021-02-23,80,95,5,6,80,125,Junagadh,21.5222,70.4579,,2020,2021,4388.12,1,available,2.4,16.360416666666666,29.619791666666668,2.4,16.360416666666666,29.619791666666668,34.3,21,2207.05,2207.05,0.7744035087719298,0.2116971052448942,0.2279047234932848,0.2754359519608562,0.0037175917746107,0.0904774623950713,0.1126163133273979,0.0017548485501248,0.4786397982839864,0.6345984189665506,0.0097745617517749,2.4,2207.05,0.0037175917746107,0.667205568343874,0.207148998863766,0.5370890299479166,153.39161512586804,83.38302031017486,45.36198009006561,63.0,1.0,auxiliary_external_image_dataset
GUJ_JUNAGADH_2020_2021,wheat,Rabi,grain_filling_initial,grain_filling_initial,2021-02-23,2021-03-05,95,105,6,7,95,125,Junagadh,21.5222,70.4579,,2020,2021,4388.12,1,available,2.4,16.65660377358491,30.1622641509434,2.4,16.65660377358491,30.1622641509434,37.0,31,2481.4,2481.4,0.7877460317460317,0.2235805769786152,0.2261549340086008,0.2754359519608562,0.0033022856674985,0.0915780615837277,0.1094454851031028,0.0015059732033169,0.4899134633081595,0.6238802432971838,0.008599362715291,2.4,2481.4,0.0033022856674985,0.64207763671875,0.2100675723866411,0.538883518528294,155.23204857078758,96.45987870499894,40.98217857979439,185.0,1.0,auxiliary_external_image_dataset
GUJ_JUNAGADH_2020_2021,wheat,Rabi,grain_filling,grain_filling,2021-03-05,2021-03-15,105,115,7,8,105,125,Junagadh,21.5222,70.4579,,2020,2021,4388.12,1,available,2.4,16.93534482758621,30.649137931034485,2.4,16.93534482758621,30.649137931034485,37.0,41,2759.9,2759.9,0.7999710144927537,0.1883057421053788,0.2236338082391301,0.2754359519608562,0.0029437105956478,0.0902836127222138,0.1077367153204967,0.0013424175836443,0.3862893289541433,0.6082036741449081,0.0075055774235211,2.4,2759.9,0.0029437105956478,0.0612841694294905,0.0121212011134459,0.035730185628939,174.61391897762522,91.87537351976924,38.60734619813807,238.0,1.0,auxiliary_external_image_dataset
GUJ_JUNAGADH_2020_2021,wheat,Rabi,maturity_preharvest,maturity_preharvest,2021-03-15,2021-03-25,115,130,8,9,115,125,Junagadh,21.5222,70.4579,,2020,2021,4388.12,1,available,2.5,17.295238095238098,31.113492063492064,2.5,17.295238095238098,31.113492063492064,37.8,51,3049.749999999999,3049.749999999999,0.8132666666666665,0.2789592859632923,0.2261947494369099,0.2789592859632923,0.0027712475186164,0.1104092168259353,0.1077486055077671,0.0012467554542408,0.522027999265437,0.6020923777388367,0.0068328054362348,2.5,3049.749999999999,0.0027712475186164,0.0008408979936079,2.9083789590208285e-07,8.322975852272727e-07,168.71288785067472,58.12083906693892,40.56065226468173,55.0,1.0,auxiliary_external_image_dataset
GUJ_JUNAGADH_2021_2022,wheat,Rabi,sowing,sowing,2021-11-20,2021-11-30,0,10,0,1,0,125,Junagadh,21.5222,70.4579,,2021,2022,4015.55,1,available,0.8,20.9,32.33636363636363,0.8,20.9,32.33636363636363,33.3,8,292.79999999999995,292.79999999999995,0.976,0.2654846572144658,0.2002723364009052,0.2654846572144658,0.0530969314428931,0.156456724142244,0.1086036581448305,0.0312913448284488,1.0906112779101018,1.2134182774615707,0.2181222555820203,0.8,292.79999999999995,0.0530969314428931,,,,,,,,,
GUJ_JUNAGADH_2021_2022,wheat,Rabi,early_vegetative,early_vegetative,2021-11-30,2021-12-10,10,20,1,2,10,125,Junagadh,21.5222,70.4579,,2021,2022,4015.55,1,available,7.3,19.73333333333333,30.538095238095234,7.3,19.73333333333333,30.538095238095234,33.3,8,527.85,527.85,0.87975,0.2285805872963082,0.2097084200327062,0.2654846572144658,0.0190245283820678,0.1298751030735636,0.1156941397877415,0.0109216406672586,0.9726939823456214,1.1331768457562543,0.0801738644989393,7.3,527.85,0.0190245283820678,0.880794324372944,0.3849419227053033,0.837755705180921,137.38434640984786,174.4864686664782,48.70969892802992,19.0,1.0,auxiliary_external_image_dataset
GUJ_JUNAGADH_2021_2022,wheat,Rabi,tillering,tillering,2021-12-10,2021-12-30,20,40,2,3,20,125,Junagadh,21.5222,70.4579,,2021,2022,4015.55,1,available,8.5,17.817073170731707,29.40731707317073,8.5,17.817073170731707,29.40731707317073,33.3,8,968.1,968.1,0.80675,0.2146425206707691,0.2331235200236034,0.2654846572144658,0.0094078326575883,0.1113967911215552,0.1234746973220793,0.0049487081551798,0.6835908246371519,0.9250931707313844,0.0305151207168864,8.5,968.1,0.0094078326575883,,,,,,,,,
GUJ_JUNAGADH_2021_2022,wheat,Rabi,stem_elongation,stem_elongation,2021-12-30,2022-01-19,40,60,3,4,40,125,Junagadh,21.5222,70.4579,,2021,2022,4015.55,1,available,18.3,16.901639344262296,28.600000000000005,18.3,16.901639344262296,28.600000000000005,33.3,8,1387.8,1387.8,0.771,0.2476409602019084,0.2383406983982989,0.2734638803339965,0.0062953335161617,0.1249834818999787,0.1204629612425488,0.0031053009517766,0.8449493448749802,0.8655840359690554,0.0199106236910744,18.3,1387.8,0.0062953335161617,,,,,,,,,
GUJ_JUNAGADH_2021_2022,wheat,Rabi,booting_heading,booting_heading,2022-01-19,2022-02-08,60,80,4,5,60,125,Junagadh,21.5222,70.4579,,2021,2022,4015.55,1,available,20.1,16.311111111111114,28.40000000000001,20.1,16.311111111111114,28.40000000000001,33.3,8,1810.8,1810.8,0.7545,0.2435173133197473,0.2406957518758077,0.2734638803339965,0.00472139602715,0.1386902802096663,0.1210118942834135,0.0023398834088507,0.5747919776015902,0.8053966644219079,0.0136509841890859,20.1,1810.8,0.00472139602715,,,,,,,,,
GUJ_JUNAGADH_2021_2022,wheat,Rabi,flowering,flowering,2022-02-08,2022-02-23,80,95,5,6,80,125,Junagadh,21.5222,70.4579,,2021,2022,4015.55,1,available,20.1,16.39375,28.815625,20.1,16.39375,28.815625,33.5,14,2170.05,2170.05,0.761421052631579,0.3072058865752241,0.2443721804335447,0.3072058865752241,0.0040537113700988,0.0837174866040574,0.1161993622634698,0.0018200670805418,0.6251796246785241,0.7857663685044166,0.0113395701020634,20.1,2170.05,0.0040537113700988,0.667205568343874,0.207148998863766,0.5370890299479166,153.39161512586804,83.38302031017486,45.36198009006561,63.0,1.0,auxiliary_external_image_dataset
GUJ_JUNAGADH_2021_2022,wheat,Rabi,grain_filling_initial,grain_filling_initial,2022-02-23,2022-03-05,95,105,6,7,95,125,Junagadh,21.5222,70.4579,,2021,2022,4015.55,1,available,20.1,16.623584905660376,29.298113207547168,20.1,16.623584905660376,29.298113207547168,35.1,24,2433.8500000000004,2433.8500000000004,0.7726507936507938,0.1958748119274098,0.241670980630856,0.3072058865752241,0.003567402227053,0.0836849700652139,0.1137531153551806,0.0015858962270502,0.545774684938373,0.7487578286487334,0.0094689900116653,20.1,2433.8500000000004,0.003567402227053,0.64207763671875,0.2100675723866411,0.538883518528294,155.23204857078758,96.45987870499894,40.98217857979439,185.0,1.0,auxiliary_external_image_dataset
GUJ_JUNAGADH_2021_2022,wheat,Rabi,grain_filling,grain_filling,2022-03-05,2022-03-15,105,115,7,8,105,125,Junagadh,21.5222,70.4579,,2021,2022,4015.55,1,available,20.1,17.05,29.94568965517241,20.1,17.05,29.94568965517241,39.2,34,2725.75,2725.75,0.7900724637681159,0.1955918908526817,0.2372226050139918,0.3072058865752241,0.0031343443659207,0.0893690008626824,0.1119352965709126,0.0014113986020088,0.513204697821954,0.7255258169830548,0.0082784738052593,20.1,2725.75,0.0031343443659207,0.0612841694294905,0.0121212011134459,0.035730185628939,174.61391897762522,91.87537351976924,38.60734619813807,238.0,1.0,auxiliary_external_image_dataset
GUJ_JUNAGADH_2021_2022,wheat,Rabi,maturity_preharvest,maturity_preharvest,2022-03-15,2022-03-25,115,130,8,9,115,125,Junagadh,21.5222,70.4579,,2021,2022,4015.55,1,available,20.1,17.427777777777777,30.606349206349208,20.1,17.427777777777777,30.606349206349208,40.0,44,3026.15,3026.15,0.8069733333333332,0.2255908681341306,0.2357848145408624,0.3072058865752241,0.0028494962342172,0.0998563618565025,0.1109205043939767,0.0012843862427911,0.469670963132099,0.7083870546509597,0.0074061165325051,20.1,3026.15,0.0028494962342172,0.0008408979936079,2.9083789590208285e-07,8.322975852272727e-07,168.71288785067472,58.12083906693892,40.56065226468173,55.0,1.0,auxiliary_external_image_dataset
GUJ_JUNAGADH_2022_2023,wheat,Rabi,sowing,sowing,2022-11-20,2022-11-30,0,10,0,1,0,125,Junagadh,21.5222,70.4579,,2022,2023,3997.9,1,available,0.0,19.036363636363635,31.63636363636364,0.0,19.036363636363635,31.63636363636364,32.1,2,278.7,278.7,0.929,0.2601906397472008,0.2562388934607741,0.2601906397472008,0.0520381279494401,0.1297320275748417,0.1340790595614977,0.0259464055149683,0.6360000486681416,0.7475063697790549,0.1272000097336283,0.0,278.7,0.0520381279494401,,,,,,,,,
GUJ_JUNAGADH_2022_2023,wheat,Rabi,early_vegetative,early_vegetative,2022-11-30,2022-12-10,10,20,1,2,10,125,Junagadh,21.5222,70.4579,,2022,2023,3997.9,1,available,0.0,18.747619047619043,31.31904761904762,0.0,18.747619047619043,31.31904761904762,32.1,2,525.6999999999999,525.6999999999999,0.8761666666666665,0.232593625581697,0.2489993377469131,0.2601906397472008,0.0208546199065872,0.1345452014440858,0.1307466985458285,0.0110562082734223,0.8065638545628463,0.7271412908203743,0.0609952678668251,0.0,525.6999999999999,0.0208546199065872,0.880794324372944,0.3849419227053033,0.837755705180921,137.38434640984786,174.4864686664782,48.70969892802992,19.0,1.0,auxiliary_external_image_dataset
GUJ_JUNAGADH_2022_2023,wheat,Rabi,tillering,tillering,2022-12-10,2022-12-30,20,40,2,3,20,125,Junagadh,21.5222,70.4579,,2022,2023,3997.9,1,available,14.3,18.49512195121951,30.54390243902439,14.3,18.49512195121951,30.54390243902439,32.6,7,1005.3,1005.3,0.8377500000000001,0.2550423817701995,0.2443203490089661,0.2601906397472008,0.0096678966123029,0.126314301238387,0.1237886600390442,0.0047683626822724,0.6302518269607672,0.696203456433224,0.0267627286035261,14.3,1005.3,0.0096678966123029,,,,,,,,,
GUJ_JUNAGADH_2022_2023,wheat,Rabi,stem_elongation,stem_elongation,2022-12-30,2023-01-19,40,60,3,4,40,125,Junagadh,21.5222,70.4579,,2022,2023,3997.9,1,available,14.3,17.27704918032787,29.24918032786885,14.3,17.27704918032787,29.24918032786885,32.6,7,1419.0499999999995,1419.0499999999995,0.788361111111111,0.2614009323535636,0.2464593373380906,0.2730880870366514,0.006445942827809,0.1285901418763054,0.1235994565322568,0.003166048382291,0.573878625266746,0.6824556353617139,0.0171339275123167,14.3,1419.0499999999995,0.006445942827809,,,,,,,,,
GUJ_JUNAGADH_2022_2023,wheat,Rabi,booting_heading,booting_heading,2023-01-19,2023-02-08,60,80,4,5,60,125,Junagadh,21.5222,70.4579,,2022,2023,3997.9,1,available,16.2,16.662962962962965,28.885185185185183,16.2,16.662962962962965,28.885185185185183,32.6,8,1844.7,1844.7,0.768625,0.3173376799499647,0.252886768080419,0.3173376799499647,0.0050234370646341,0.0951863941982751,0.1189674509801361,0.0022033158933123,0.68035961143827,0.6835313468277122,0.0129721586996492,16.2,1844.7,0.0050234370646341,,,,,,,,,
GUJ_JUNAGADH_2022_2023,wheat,Rabi,flowering,flowering,2023-02-08,2023-02-23,80,95,5,6,80,125,Junagadh,21.5222,70.4579,,2022,2023,3997.9,1,available,16.2,16.827083333333334,29.6875,16.2,16.827083333333334,29.6875,36.7,22,2232.7,2232.7,0.7834035087719298,0.254700336602956,0.2531400204599935,0.3173376799499647,0.0041850056764328,0.0989216347724255,0.116646137529572,0.0017978106207753,0.612548063416334,0.6659952654073121,0.0103980815882678,16.2,2232.7,0.0041850056764328,0.667205568343874,0.207148998863766,0.5370890299479166,153.39161512586804,83.38302031017486,45.36198009006561,63.0,1.0,auxiliary_external_image_dataset
GUJ_JUNAGADH_2022_2023,wheat,Rabi,grain_filling_initial,grain_filling_initial,2023-02-23,2023-03-05,95,105,6,7,95,125,Junagadh,21.5222,70.4579,,2022,2023,3997.9,1,available,16.2,17.09622641509434,30.210377358490565,16.2,17.09622641509434,30.210377358490565,37.6,32,2507.2499999999995,2507.2499999999995,0.7959523809523809,0.185779403637111,0.2477118944546731,0.3173376799499647,0.0036076768475943,0.0899158648478299,0.1138823269847956,0.0015594161449255,0.4535114554429447,0.6480851969450463,0.0089381870782411,16.2,2507.2499999999995,0.0036076768475943,0.64207763671875,0.2100675723866411,0.538883518528294,155.23204857078758,96.45987870499894,40.98217857979439,185.0,1.0,auxiliary_external_image_dataset
GUJ_JUNAGADH_2022_2023,wheat,Rabi,grain_filling,grain_filling,2023-03-05,2023-03-15,105,115,7,8,105,125,Junagadh,21.5222,70.4579,,2022,2023,3997.9,1,available,16.299999999999997,17.49137931034483,30.667241379310347,16.299999999999997,17.49137931034483,30.667241379310347,37.6,42,2793.2000000000003,2793.2000000000003,0.8096231884057972,0.2123493998401645,0.2489743935630134,0.3173376799499647,0.0033199577759811,0.0957064345165422,0.1116235077756374,0.001378939455575,0.580198761256272,0.6402656959210816,0.0080256096237751,16.299999999999997,2793.2000000000003,0.0033199577759811,0.0612841694294905,0.0121212011134459,0.035730185628939,174.61391897762522,91.87537351976924,38.60734619813807,238.0,1.0,auxiliary_external_image_dataset
GUJ_JUNAGADH_2022_2023,wheat,Rabi,maturity_preharvest,maturity_preharvest,2023-03-15,2023-03-25,115,130,8,9,115,125,Junagadh,21.5222,70.4579,,2022,2023,3997.9,1,available,18.4,17.722222222222225,30.804761904761914,18.4,17.722222222222225,30.804761904761914,37.6,47,3057.2000000000003,3057.2000000000003,0.8152533333333334,0.1343331327361851,0.241737257055283,0.3173376799499647,0.0028743673691401,0.065187581287956,0.1082810816381756,0.0012017693909985,1.7220671487975283,0.6791341511808311,0.0084003915733329,18.4,3057.2000000000003,0.0028743673691401,0.0008408979936079,2.9083789590208285e-07,8.322975852272727e-07,168.71288785067472,58.12083906693892,40.56065226468173,55.0,1.0,auxiliary_external_image_dataset
GUJ_JUNAGADH_2023_2024,wheat,Rabi,sowing,sowing,2023-11-20,2023-11-30,0,10,0,1,0,126,Junagadh,21.5222,70.4579,,2023,2024,3979.6,1,available,8.4,19.42727272727273,30.527272727272727,8.4,19.42727272727273,30.527272727272727,34.7,5,274.75,274.75,0.9158333333333334,0.3460646189808087,0.3062369632060359,0.3460646189808087,0.0692129237961617,0.1584232429636603,0.1442758156654382,0.031684648592732,0.6898407459747639,0.6316033947737087,0.1379681491949528,8.4,274.75,0.0692129237961617,,,,,,,,,
GUJ_JUNAGADH_2023_2024,wheat,Rabi,early_vegetative,early_vegetative,2023-11-30,2023-12-10,10,20,1,2,10,126,Junagadh,21.5222,70.4579,,2023,2024,3979.6,1,available,8.9,18.94761904761905,29.67142857142857,8.9,18.94761904761905,29.67142857142857,34.7,5,510.5,510.5,0.8508333333333333,0.2741867504734721,0.2955535589618479,0.3460646189808087,0.0357775247971101,0.1500541701989922,0.1462019338432895,0.0183412633344657,0.7251508575769767,0.6627858823747981,0.0856056984451486,8.9,510.5,0.0357775247971101,0.880794324372944,0.3849419227053033,0.837755705180921,137.38434640984786,174.4864686664782,48.70969892802992,19.0,1.0,auxiliary_external_image_dataset
GUJ_JUNAGADH_2023_2024,wheat,Rabi,tillering,tillering,2023-12-10,2023-12-30,20,40,2,3,20,126,Junagadh,21.5222,70.4579,,2023,2024,3979.6,1,available,8.9,18.192682926829267,29.54634146341463,8.9,18.192682926829267,29.54634146341463,34.7,5,978.65,978.65,0.8155416666666665,0.2502326338557294,0.2342516388491079,0.3460646189808087,0.0071339012011118,0.1598406137358385,0.1189823060844493,0.0039487125450511,0.9110320780772988,0.584846883070261,0.0218774441985262,8.9,978.65,0.0071339012011118,,,,,,,,,
GUJ_JUNAGADH_2023_2024,wheat,Rabi,stem_elongation,stem_elongation,2023-12-30,2024-01-19,40,60,3,4,40,126,Junagadh,21.5222,70.4579,,2023,2024,3979.6,1,available,8.9,17.486885245901643,29.268852459016397,8.9,17.486885245901643,29.268852459016397,34.7,5,1426.05,1426.05,0.79225,0.2535277838537554,0.2456765255863177,0.3460646189808087,0.006137169299163,0.1351964685884591,0.1324189258707242,0.0035286143757876,0.5618801250569099,0.6182946446581243,0.0165151253055944,8.9,1426.05,0.006137169299163,,,,,,,,,
GUJ_JUNAGADH_2023_2024,wheat,Rabi,booting_heading,booting_heading,2024-01-19,2024-02-08,60,80,4,5,60,126,Junagadh,21.5222,70.4579,,2023,2024,3979.6,1,available,8.9,17.400000000000002,29.449382716049385,8.9,17.400000000000002,29.449382716049385,34.7,7,1897.4,1897.4,0.7905833333333333,0.2496052929389306,0.2419110869419488,0.3460646189808087,0.0042571215983895,0.1470043794973927,0.1360691648128354,0.0025293308740715,0.61497234582209,0.611657170716795,0.0110917579172049,8.9,1897.4,0.0042571215983895,,,,,,,,,
GUJ_JUNAGADH_2023_2024,wheat,Rabi,flowering,flowering,2024-02-08,2024-02-23,80,95,5,6,80,126,Junagadh,21.5222,70.4579,,2023,2024,3979.6,1,available,9.1,17.509375000000002,29.754166666666663,9.1,17.509375000000002,29.754166666666663,35.8,12,2268.65,2268.65,0.7960175438596492,0.2233283881644077,0.2419699740339361,0.3460646189808087,0.0036167457327336,0.1226373262451859,0.1370255724026113,0.0021318227218321,0.5412217744131447,0.6049779840705516,0.0091448102736661,9.1,2268.65,0.0036167457327336,0.667205568343874,0.207148998863766,0.5370890299479166,153.39161512586804,83.38302031017486,45.36198009006561,63.0,1.0,auxiliary_external_image_dataset
GUJ_JUNAGADH_2023_2024,wheat,Rabi,grain_filling_initial,grain_filling_initial,2024-02-23,2024-03-04,95,105,6,7,95,126,Junagadh,21.5222,70.4579,,2023,2024,3979.6,1,available,11.3,17.528301886792452,30.00754716981132,11.3,17.528301886792452,30.00754716981132,36.5,18,2519.4,2519.4,0.7998095238095237,0.1990647075934244,0.2395625153763891,0.3460646189808087,0.0032339032521863,0.1147997904672216,0.1369749732184559,0.0019230312448018,0.611454456571973,0.6047013577141201,0.008305172211674,11.3,2519.4,0.0032339032521863,0.64207763671875,0.2100675723866411,0.538883518528294,155.23204857078758,96.45987870499894,40.98217857979439,185.0,1.0,auxiliary_external_image_dataset
GUJ_JUNAGADH_2023_2024,wheat,Rabi,grain_filling,grain_filling,2024-03-04,2024-03-14,105,115,7,8,105,126,Junagadh,21.5222,70.4579,,2023,2024,3979.6,1,available,11.3,17.580172413793104,30.261206896551723,11.3,17.580172413793104,30.261206896551723,36.5,27,2774.8,2774.8,0.8042898550724636,0.206897437804217,0.2377192864237166,0.3460646189808087,0.0029336692189803,0.1172342431488651,0.1369769689091044,0.0017556888640481,0.5490013659411549,0.604704509078125,0.0076152355554426,11.3,2774.8,0.0029336692189803,0.0612841694294905,0.0121212011134459,0.035730185628939,174.61391897762522,91.87537351976924,38.60734619813807,238.0,1.0,auxiliary_external_image_dataset
GUJ_JUNAGADH_2023_2024,wheat,Rabi,maturity_preharvest,maturity_preharvest,2024-03-14,2024-03-25,115,130,8,9,115,126,Junagadh,21.5222,70.4579,,2023,2024,3979.6,1,available,11.3,17.831496062992127,30.84566929133858,11.3,17.831496062992127,30.84566929133858,38.3,38,3091.0000000000005,3091.0000000000005,0.8177248677248679,0.2316608751179343,0.2360467031123478,0.3460646189808087,0.0026856983786391,0.1445350148033836,0.1370573999278632,0.0016193659642099,0.5640989890104824,0.602385608675679,0.0069872703612248,11.3,3091.0000000000005,0.0026856983786391,0.0008408979936079,2.9083789590208285e-07,8.322975852272727e-07,168.71288785067472,58.12083906693892,40.56065226468173,55.0,1.0,auxiliary_external_image_dataset
GUJ_KACHCHH_2020_2021,wheat,Rabi,sowing,sowing,2020-11-20,2020-11-30,0,10,0,1,0,125,Kachchh,,,,2020,2021,2908.59,1,available,0.0,15.78181818181818,28.08181818181818,0.0,15.78181818181818,28.08181818181818,30.2,0,241.25,241.25,0.8041666666666667,0.3839360349993125,0.3581278882090447,0.3839360349993125,0.0767872069998625,0.2385931961809377,0.2359626249249946,0.0477186392361875,0.6394759830792582,0.7201915312303651,0.1278951966158516,0.0,241.25,0.0767872069998625,,,,,,,,,
GUJ_KACHCHH_2020_2021,wheat,Rabi,early_vegetative,early_vegetative,2020-11-30,2020-12-10,10,20,1,2,10,125,Kachchh,,,,2020,2021,2908.59,1,available,0.0,17.076190476190476,29.27142857142857,0.0,17.076190476190476,29.27142857142857,31.4,0,486.65,486.65,0.8110833333333333,0.2972796862195855,0.3310307465411534,0.3839360349993125,0.0270992877244563,0.1805512697768861,0.2127543250914299,0.0168189795284183,0.6177825607470043,0.691702876176852,0.0558587918331374,0.0,486.65,0.0270992877244563,0.880794324372944,0.3849419227053033,0.837755705180921,137.38434640984786,174.4864686664782,48.70969892802992,19.0,1.0,auxiliary_external_image_dataset
GUJ_KACHCHH_2020_2021,wheat,Rabi,tillering,tillering,2020-12-10,2020-12-30,20,40,2,3,20,125,Kachchh,,,,2020,2021,2908.59,1,available,0.0,15.124390243902436,27.17317073170732,0.0,15.124390243902436,27.17317073170732,31.4,0,867.0999999999999,867.0999999999999,0.7225833333333332,0.254634300631526,0.286175019933283,0.3839360349993125,0.0100148558547687,0.1623106545749816,0.182135208726408,0.0062607152443293,0.6208348599196262,0.4605683407031873,0.0116447905182595,0.0,867.0999999999999,0.0100148558547687,,,,,,,,,
GUJ_KACHCHH_2020_2021,wheat,Rabi,stem_elongation,stem_elongation,2020-12-30,2021-01-19,40,60,3,4,40,125,Kachchh,,,,2020,2021,2908.59,1,available,0.0,14.070491803278689,26.36065573770492,0.0,14.070491803278689,26.36065573770492,31.4,0,1233.15,1233.15,0.6850833333333334,0.2486676154578803,0.2707037321632008,0.3839360349993125,0.0063698611041835,0.1635604315209262,0.1742882398247203,0.0041085443280432,0.4870037347123689,0.5178863766104523,0.0125905776118623,0.0,1233.15,0.0063698611041835,,,,,,,,,
GUJ_KACHCHH_2020_2021,wheat,Rabi,booting_heading,booting_heading,2021-01-19,2021-02-08,60,80,4,5,60,125,Kachchh,,,,2020,2021,2908.59,1,available,0.0,13.951851851851856,26.564197530864195,0.0,13.951851851851856,26.564197530864195,31.4,0,1640.9,1640.9,0.6837083333333333,0.2210601770640566,0.2614300896816827,0.3839360349993125,0.0046308930759633,0.1360995782194224,0.1698981383175836,0.0030371068995432,0.4268933290858895,0.511833668190171,0.0094034041050942,0.0,1640.9,0.0046308930759633,,,,,,,,,
GUJ_KACHCHH_2020_2021,wheat,Rabi,flowering,flowering,2021-02-08,2021-02-23,80,95,5,6,80,125,Kachchh,,,,2020,2021,2908.59,1,available,0.0,14.441666666666668,27.353124999999995,0.0,14.441666666666668,27.353124999999995,33.2,7,2006.15,2006.15,0.7039122807017544,0.2098345624882217,0.2556395269805229,0.3839360349993125,0.0038897012947742,0.1395191499227414,0.1660304900057982,0.0025431859953029,0.4516973825817884,0.5032450538856172,0.007935999090711,0.0,2006.15,0.0038897012947742,0.667205568343874,0.207148998863766,0.5370890299479166,153.39161512586804,83.38302031017486,45.36198009006561,63.0,1.0,auxiliary_external_image_dataset
GUJ_KACHCHH_2020_2021,wheat,Rabi,grain_filling_initial,grain_filling_initial,2021-02-23,2021-03-05,95,105,6,7,95,125,Kachchh,,,,2020,2021,2908.59,1,available,0.0,14.904716981132076,28.02924528301887,0.0,14.904716981132076,28.02924528301887,36.9,17,2275.5000000000005,2275.5000000000005,0.7223809523809526,0.2085699178838634,0.2505087923486349,0.3839360349993125,0.0033673508247214,0.1460284665919082,0.1630838316836849,0.0022110233489587,0.4262938993875483,0.4931334739589197,0.0068274091163224,0.0,2275.5000000000005,0.0033673508247214,0.64207763671875,0.2100675723866411,0.538883518528294,155.23204857078758,96.45987870499894,40.98217857979439,185.0,1.0,auxiliary_external_image_dataset
GUJ_KACHCHH_2020_2021,wheat,Rabi,grain_filling,grain_filling,2021-03-05,2021-03-15,105,115,7,8,105,125,Kachchh,,,,2020,2021,2908.59,1,available,0.0,15.44396551724138,28.67327586206897,0.0,15.44396551724138,28.67327586206897,37.0,27,2558.8,2558.8,0.7416811594202899,0.1908111345649197,0.2448523970177813,0.3839360349993125,0.002944911051114,0.1218542650181005,0.158900734248079,0.0019178784600946,0.3791696635179506,0.4814476828518301,0.0059297076704521,0.0,2558.8,0.002944911051114,0.0612841694294905,0.0121212011134459,0.035730185628939,174.61391897762522,91.87537351976924,38.60734619813807,238.0,1.0,auxiliary_external_image_dataset
GUJ_KACHCHH_2020_2021,wheat,Rabi,maturity_preharvest,maturity_preharvest,2021-03-15,2021-03-25,115,130,8,9,115,125,Kachchh,,,,2020,2021,2908.59,1,available,0.0,15.990476190476192,29.299206349206344,0.0,15.990476190476192,29.299206349206344,37.9,37,2853.250000000001,2853.250000000001,0.7608666666666669,0.1542746288152289,0.2376553618866574,0.3839360349993125,0.0025648114792728,0.0920733882470153,0.1536015032080842,0.0016543148570609,0.3580978655274469,0.4704894469663417,0.005227472967122,0.0,2853.250000000001,0.0025648114792728,0.0008408979936079,2.9083789590208285e-07,8.322975852272727e-07,168.71288785067472,58.12083906693892,40.56065226468173,55.0,1.0,auxiliary_external_image_dataset
GUJ_KACHCHH_2021_2022,wheat,Rabi,sowing,sowing,2021-11-20,2021-11-30,0,10,0,1,0,125,Kachchh,,,,2021,2022,2970.67,1,available,0.1,18.41818181818182,29.472727272727276,0.1,18.41818181818182,29.472727272727276,31.0,0,263.4,263.4,0.8779999999999999,0.2618852978372195,0.2278472486526013,0.2618852978372195,0.0523770595674438,0.1749382222404103,0.1408955217426411,0.034987644448082,0.6272649031513574,0.6572675822260399,0.1254529806302715,0.1,263.4,0.0523770595674438,,,,,,,,,
GUJ_KACHCHH_2021_2022,wheat,Rabi,early_vegetative,early_vegetative,2021-11-30,2021-12-10,10,20,1,2,10,125,Kachchh,,,,2021,2022,2970.67,1,available,0.4,17.423809523809524,27.51428571428572,0.4,17.423809523809524,27.51428571428572,31.0,0,471.85,471.85,0.7864166666666667,0.2504697402281357,0.2353880791777794,0.2618852978372195,0.0202658903704325,0.1755814699514987,0.1524575044789269,0.0140336526418981,0.6184571875522274,0.6443307840014357,0.0496527293161607,0.4,471.85,0.0202658903704325,0.880794324372944,0.3849419227053033,0.837755705180921,137.38434640984786,174.4864686664782,48.70969892802992,19.0,1.0,auxiliary_external_image_dataset
GUJ_KACHCHH_2021_2022,wheat,Rabi,tillering,tillering,2021-12-10,2021-12-30,20,40,2,3,20,125,Kachchh,,,,2021,2022,2970.67,1,available,3.0000000000000004,15.451219512195124,25.53170731707317,3.0000000000000004,15.451219512195124,25.53170731707317,31.0,0,840.1500000000001,840.1500000000001,0.7001250000000001,0.181453498856326,0.2291780247448249,0.2618852978372195,0.0086054058316003,0.0989222775693323,0.1485566166462955,0.0055815949525376,0.7686824884985757,0.6181351781741745,0.0234209503837215,3.0000000000000004,840.1500000000001,0.0086054058316003,,,,,,,,,
GUJ_KACHCHH_2021_2022,wheat,Rabi,stem_elongation,stem_elongation,2021-12-30,2022-01-19,40,60,3,4,40,125,Kachchh,,,,2021,2022,2970.67,1,available,13.3,14.673770491803278,24.601639344262296,13.3,14.673770491803278,24.601639344262296,31.0,0,1197.8999999999996,1197.8999999999996,0.6654999999999998,0.2171325807368838,0.2256733865418782,0.2618852978372195,0.0057882728560857,0.1440463083451097,0.1455385233115279,0.0037271198230889,0.5090251427248491,0.5811986526664268,0.0143606030753584,13.3,1197.8999999999996,0.0057882728560857,,,,,,,,,
GUJ_KACHCHH_2021_2022,wheat,Rabi,booting_heading,booting_heading,2022-01-19,2022-02-08,60,80,4,5,60,125,Kachchh,,,,2021,2022,2970.67,1,available,13.3,14.411111111111111,25.04320987654321,13.3,14.411111111111111,25.04320987654321,31.5,0,1597.9,1597.9,0.6657916666666666,0.1860845684115357,0.2153480993697898,0.2618852978372195,0.0038838780615848,0.1315791031543496,0.1380120497336976,0.0024812862115267,0.4637222241508528,0.5361409328565865,0.0092058535615005,13.3,1597.9,0.0038838780615848,,,,,,,,,
GUJ_KACHCHH_2021_2022,wheat,Rabi,flowering,flowering,2022-02-08,2022-02-23,80,95,5,6,80,125,Kachchh,,,,2021,2022,2970.67,1,available,13.3,14.709375,25.804166666666664,13.3,14.709375,25.804166666666664,34.5,4,1944.65,1944.65,0.6823333333333332,0.1661355727142173,0.207304996044825,0.2618852978372195,0.0030710513976709,0.1003446401176506,0.1312661734014084,0.0019190842577816,0.336767550947435,0.5047007512007469,0.0070571494796922,13.3,1944.65,0.0030710513976709,0.667205568343874,0.207148998863766,0.5370890299479166,153.39161512586804,83.38302031017486,45.36198009006561,63.0,1.0,auxiliary_external_image_dataset
GUJ_KACHCHH_2021_2022,wheat,Rabi,grain_filling_initial,grain_filling_initial,2022-02-23,2022-03-05,95,105,6,7,95,125,Kachchh,,,,2021,2022,2970.67,1,available,13.3,15.108490566037736,26.399999999999995,13.3,15.108490566037736,26.399999999999995,34.5,10,2199.95,2199.95,0.6983968253968253,0.1531119029888837,0.2024543169695973,0.2618852978372195,0.0026828471634444,0.0874010020770963,0.1276257491448593,0.0016648082673944,0.3021342096560763,0.4861091649198419,0.006045784764263,13.3,2199.95,0.0026828471634444,0.64207763671875,0.2100675723866411,0.538883518528294,155.23204857078758,96.45987870499894,40.98217857979439,185.0,1.0,auxiliary_external_image_dataset
GUJ_KACHCHH_2021_2022,wheat,Rabi,grain_filling,grain_filling,2022-03-05,2022-03-15,105,115,7,8,105,125,Kachchh,,,,2021,2022,2970.67,1,available,13.3,15.651724137931035,27.21379310344827,13.3,15.651724137931035,27.21379310344827,39.2,20,2486.2000000000003,2486.2000000000003,0.7206376811594204,0.1387593293957397,0.1971306564619485,0.2618852978372195,0.002353248146049,0.0730804475034533,0.1236519191018455,0.0014481594601663,0.2665208561449187,0.4692384259097628,0.0052523268313583,13.3,2486.2000000000003,0.002353248146049,0.0612841694294905,0.0121212011134459,0.035730185628939,174.61391897762522,91.87537351976924,38.60734619813807,238.0,1.0,auxiliary_external_image_dataset
GUJ_KACHCHH_2021_2022,wheat,Rabi,maturity_preharvest,maturity_preharvest,2022-03-15,2022-03-25,115,130,8,9,115,125,Kachchh,,,,2021,2022,2970.67,1,available,13.3,16.103174603174605,28.099999999999994,13.3,16.103174603174605,28.099999999999994,39.8,30,2784.8,2784.8,0.7426133333333332,0.139014925908976,0.1922782394714531,0.2618852978372195,0.0020890072541805,0.0836444138661944,0.1203583736389405,0.0012831860904988,0.3003301860443667,0.4557388323784723,0.0046593842376547,13.3,2784.8,0.0020890072541805,0.0008408979936079,2.9083789590208285e-07,8.322975852272727e-07,168.71288785067472,58.12083906693892,40.56065226468173,55.0,1.0,auxiliary_external_image_dataset
GUJ_KACHCHH_2022_2023,wheat,Rabi,sowing,sowing,2022-11-20,2022-11-30,0,10,0,1,0,125,Kachchh,,,,2022,2023,2709.87,1,available,0.0,17.527272727272727,30.527272727272724,0.0,17.527272727272727,30.527272727272724,32.0,1,264.3,264.3,0.881,0.3257563958982304,0.3331324724164484,0.3405085489346664,0.065151279179646,0.2216960576980682,0.2236720124258883,0.0443392115396136,0.6400519319825806,0.6511056256898741,0.1280103863965161,0.0,264.3,0.065151279179646,,,,,,,,,
GUJ_KACHCHH_2022_2023,wheat,Rabi,early_vegetative,early_vegetative,2022-11-30,2022-12-10,10,20,1,2,10,125,Kachchh,,,,2022,2023,2709.87,1,available,0.0,16.77142857142857,29.642857142857142,0.0,16.77142857142857,29.642857142857142,32.0,1,487.35,487.35,0.8122499999999999,0.334327302676025,0.3270364600073892,0.3405085489346664,0.0277692212709653,0.2209665121411791,0.220034242093152,0.0186892636697272,0.5376518580972678,0.6492112704283926,0.0538138778678213,0.0,487.35,0.0277692212709653,0.880794324372944,0.3849419227053033,0.837755705180921,137.38434640984786,174.4864686664782,48.70969892802992,19.0,1.0,auxiliary_external_image_dataset
GUJ_KACHCHH_2022_2023,wheat,Rabi,tillering,tillering,2022-12-10,2022-12-30,20,40,2,3,20,125,Kachchh,,,,2022,2023,2709.87,1,available,0.0,16.214634146341464,28.826829268292684,0.0,16.214634146341464,28.826829268292684,32.0,1,923.35,923.35,0.7694583333333334,0.2799907421364985,0.2965596202181096,0.3405085489346664,0.011185630667071,0.1820751966807562,0.1953127156277846,0.0072570337071931,0.5406934370379818,0.5936237967709344,0.0220737706165763,0.0,923.35,0.011185630667071,,,,,,,,,
GUJ_KACHCHH_2022_2023,wheat,Rabi,stem_elongation,stem_elongation,2022-12-30,2023-01-19,40,60,3,4,40,125,Kachchh,,,,2022,2023,2709.87,1,available,0.0,15.140983606557375,27.601639344262296,0.0,15.140983606557375,27.601639344262296,32.0,1,1303.65,1303.65,0.7242500000000001,0.2755418109878262,0.2910396301881936,0.3405085489346664,0.0072895563063839,0.1909949005365957,0.1921845504904758,0.004793249280316,0.4611325294918253,0.5638484933468922,0.01360669871023,0.0,1303.65,0.0072895563063839,,,,,,,,,
GUJ_KACHCHH_2022_2023,wheat,Rabi,booting_heading,booting_heading,2023-01-19,2023-02-08,60,80,4,5,60,125,Kachchh,,,,2022,2023,2709.87,1,available,0.0,14.712345679012346,27.30864197530864,0.0,14.712345679012346,27.30864197530864,32.0,1,1701.85,1701.85,0.7091041666666666,0.2189423813028493,0.2777787653246236,0.3405085489346664,0.0050388101912017,0.1375185886884481,0.1823284086502549,0.0032800712114597,0.418125208658415,0.5364444750119447,0.0094954548635561,0.0,1701.85,0.0050388101912017,,,,,,,,,
GUJ_KACHCHH_2022_2023,wheat,Rabi,flowering,flowering,2023-02-08,2023-02-23,80,95,5,6,80,125,Kachchh,,,,2022,2023,2709.87,1,available,0.0,15.115625,28.296875000000004,0.0,15.115625,28.296875000000004,36.7,12,2083.8,2083.8,0.7311578947368421,0.2114774249183725,0.2686461731937566,0.3405085489346664,0.0040245896461849,0.141883816657562,0.176528316649717,0.0026317338879483,0.4423827076245192,0.5187377336587174,0.0076363154072011,0.0,2083.8,0.0040245896461849,0.667205568343874,0.207148998863766,0.5370890299479166,153.39161512586804,83.38302031017486,45.36198009006561,63.0,1.0,auxiliary_external_image_dataset
GUJ_KACHCHH_2022_2023,wheat,Rabi,grain_filling_initial,grain_filling_initial,2023-02-23,2023-03-05,95,105,6,7,95,125,Kachchh,,,,2022,2023,2709.87,1,available,0.0,15.60377358490566,28.904716981132072,0.0,15.60377358490566,28.904716981132072,36.7,22,2358.95,2358.95,0.7488730158730158,0.1917336122142159,0.261997296410958,0.3405085489346664,0.0034973299077533,0.1172696912768374,0.1712103764986798,0.0022616809374297,0.4037825035517101,0.5068508182817948,0.0066827793112283,0.0,2358.95,0.0034973299077533,0.64207763671875,0.2100675723866411,0.538883518528294,155.23204857078758,96.45987870499894,40.98217857979439,185.0,1.0,auxiliary_external_image_dataset
GUJ_KACHCHH_2022_2023,wheat,Rabi,grain_filling,grain_filling,2023-03-05,2023-03-15,105,115,7,8,105,125,Kachchh,,,,2022,2023,2709.87,1,available,0.0,16.16465517241379,29.435344827586206,0.0,16.16465517241379,29.435344827586206,36.9,31,2644.8,2644.8,0.7666086956521739,0.1860762388621012,0.2554993437575272,0.3405085489346664,0.0030692034641779,0.1193285871145679,0.1658285977721944,0.0019586765073667,0.3968766572143126,0.4938749501862665,0.0058664110593431,0.0,2644.8,0.0030692034641779,0.0612841694294905,0.0121212011134459,0.035730185628939,174.61391897762522,91.87537351976924,38.60734619813807,238.0,1.0,auxiliary_external_image_dataset
GUJ_KACHCHH_2022_2023,wheat,Rabi,maturity_preharvest,maturity_preharvest,2023-03-15,2023-03-25,115,130,8,9,115,125,Kachchh,,,,2022,2023,2709.87,1,available,1.9,16.58968253968254,29.72539682539683,1.9,16.58968253968254,29.72539682539683,36.9,39,2917.850000000001,2917.850000000001,0.7780933333333335,0.1825544396205773,0.2492343805107471,0.3405085489346664,0.0027171961680956,0.0954216927869019,0.1600961802698347,0.0016976850552544,0.5056163909217847,0.4875847437479186,0.00534376103055,1.9,2917.850000000001,0.0027171961680956,0.0008408979936079,2.9083789590208285e-07,8.322975852272727e-07,168.71288785067472,58.12083906693892,40.56065226468173,55.0,1.0,auxiliary_external_image_dataset
GUJ_KACHCHH_2023_2024,wheat,Rabi,sowing,sowing,2023-11-20,2023-11-30,0,10,0,1,0,126,Kachchh,,,,2023,2024,2858.91,1,available,4.6,18.40909090909091,28.90909090909091,4.6,18.40909090909091,28.90909090909091,32.3,1,260.25,260.25,0.8675,0.1397680069151819,0.2271710131014847,0.3145740192877876,0.0279536013830363,0.0750928432362013,0.1334741502243377,0.0150185686472402,-0.597714937103709,0.0762509298800264,-0.1195429874207418,4.6,260.25,0.0279536013830363,,,,,,,,,
GUJ_KACHCHH_2023_2024,wheat,Rabi,early_vegetative,early_vegetative,2023-11-30,2023-12-10,10,20,1,2,10,126,Kachchh,,,,2023,2024,2858.91,1,available,4.6,17.571428571428566,28.17619047619048,4.6,17.571428571428566,28.17619047619048,32.3,1,480.35,480.35,0.8005833333333333,0.3136639728274714,0.2560019996768136,0.3145740192877876,0.0306838381028049,0.1973862191560359,0.1547781732015704,0.0187946112619309,0.7404268944462183,0.2976429180687571,0.0353255540715491,4.6,480.35,0.0306838381028049,0.880794324372944,0.3849419227053033,0.837755705180921,137.38434640984786,174.4864686664782,48.70969892802992,19.0,1.0,auxiliary_external_image_dataset
GUJ_KACHCHH_2023_2024,wheat,Rabi,tillering,tillering,2023-12-10,2023-12-30,20,40,2,3,20,126,Kachchh,,,,2023,2024,2858.91,1,available,4.6,16.18780487804878,27.258536585365857,4.6,16.18780487804878,27.258536585365857,32.3,1,890.65,890.65,0.7422083333333334,0.2808716008456207,0.2691815512459628,0.3145740192877876,0.0101561896226838,0.1922290870546481,0.1701101483057136,0.0066299776632022,0.8049804581081738,0.5024884668841921,0.0238601259430626,4.6,890.65,0.0101561896226838,,,,,,,,,
GUJ_KACHCHH_2023_2024,wheat,Rabi,stem_elongation,stem_elongation,2023-12-30,2024-01-19,40,60,3,4,40,126,Kachchh,,,,2023,2024,2858.91,1,available,4.6,15.047540983606558,26.5327868852459,4.6,15.047540983606558,26.5327868852459,32.3,1,1268.2,1268.2,0.7045555555555556,0.2500296827598245,0.2677544901302963,0.3145740192877876,0.0071988368377112,0.1615172282226503,0.1702580420185524,0.004664774860565,0.5748830154722181,0.5312569807755936,0.0164583732004002,4.6,1268.2,0.0071988368377112,,,,,,,,,
GUJ_KACHCHH_2023_2024,wheat,Rabi,booting_heading,booting_heading,2024-01-19,2024-02-08,60,80,4,5,60,126,Kachchh,,,,2023,2024,2858.91,1,available,5.199999999999999,15.293827160493828,26.93086419753086,5.199999999999999,15.293827160493828,26.93086419753086,32.3,2,1710.1,1710.1,0.7125416666666667,0.1981122059191506,0.2561765499771397,0.3145740192877876,0.0048450165215366,0.1053381203698731,0.1613849004062412,0.0030551681129783,0.2079362754087889,0.5027115215856417,0.0102071639861895,5.199999999999999,1710.1,0.0048450165215366,,,,,,,,,
GUJ_KACHCHH_2023_2024,wheat,Rabi,flowering,flowering,2024-02-08,2024-02-23,80,95,5,6,80,126,Kachchh,,,,2023,2024,2858.91,1,available,5.6,15.46875,27.35208333333333,5.6,15.46875,27.35208333333333,33.0,5,2055.4,2055.4,0.7211929824561403,0.1727082143829063,0.2447561403428521,0.3145740192877876,0.0036071871095637,0.0948448696334221,0.1536374872807567,0.0022561594989661,0.387175103542729,0.4895848075328405,0.0077032620073862,5.6,2055.4,0.0036071871095637,0.667205568343874,0.207148998863766,0.5370890299479166,153.39161512586804,83.38302031017486,45.36198009006561,63.0,1.0,auxiliary_external_image_dataset
GUJ_KACHCHH_2023_2024,wheat,Rabi,grain_filling_initial,grain_filling_initial,2024-02-23,2024-03-04,95,105,6,7,95,126,Kachchh,,,,2023,2024,2858.91,1,available,7.2,15.569811320754711,27.533962264150937,7.2,15.569811320754711,27.533962264150937,34.2,7,2284.5,2284.5,0.7252380952380952,0.1730670424644522,0.2378834587263661,0.3145740192877876,0.0030952074625287,0.0967271808955092,0.1489129900094348,0.0019257997035042,0.3602757414296175,0.4794850341560728,0.0066266290713796,7.2,2284.5,0.0030952074625287,0.64207763671875,0.2100675723866411,0.538883518528294,155.23204857078758,96.45987870499894,40.98217857979439,185.0,1.0,auxiliary_external_image_dataset
GUJ_KACHCHH_2023_2024,wheat,Rabi,grain_filling,grain_filling,2024-03-04,2024-03-14,105,115,7,8,105,126,Kachchh,,,,2023,2024,2858.91,1,available,7.2,15.782758620689656,27.850862068965515,7.2,15.782758620689656,27.850862068965515,34.2,11,2530.75,2530.75,0.7335507246376811,0.1651362245821997,0.2317762096065552,0.3145740192877876,0.0027131695000665,0.0919959057369976,0.1453268407855569,0.0016946177931131,0.3450337695281031,0.4710097754711862,0.0058420138112396,7.2,2530.75,0.0027131695000665,0.0612841694294905,0.0121212011134459,0.035730185628939,174.61391897762522,91.87537351976924,38.60734619813807,238.0,1.0,auxiliary_external_image_dataset
GUJ_KACHCHH_2023_2024,wheat,Rabi,maturity_preharvest,maturity_preharvest,2024-03-14,2024-03-25,115,130,8,9,115,126,Kachchh,,,,2023,2024,2858.91,1,available,7.2,16.281889763779525,28.604724409448817,7.2,16.281889763779525,28.604724409448817,38.3,22,2850.3,2850.3,0.7540476190476191,0.1577591048096299,0.2251615007421464,0.3145740192877876,0.0023899706794142,0.0949091387156206,0.1410339036713866,0.0014903041415886,0.3742409478848372,0.4632141524230145,0.0052276337489401,7.2,2850.3,0.0023899706794142,0.0008408979936079,2.9083789590208285e-07,8.322975852272727e-07,168.71288785067472,58.12083906693892,40.56065226468173,55.0,1.0,auxiliary_external_image_dataset
GUJ_KHEDA_2020_2021,wheat,Rabi,sowing,sowing,2020-11-20,2020-11-30,0,10,0,1,0,125,Kheda,22.75,72.7,,2020,2021,3025.91,1,available,0.1,17.954545454545453,30.6,0.1,17.954545454545453,30.6,32.7,1,267.04999999999995,267.04999999999995,0.8901666666666666,0.373974661710915,0.3743014066026922,0.3746281514944694,0.074794932342183,0.2546184191836826,0.2530241330632262,0.0509236838367365,0.8414344577185771,0.8244759807730202,0.1682868915437154,0.1,267.04999999999995,0.074794932342183,,,,,,,,,
GUJ_KHEDA_2020_2021,wheat,Rabi,early_vegetative,early_vegetative,2020-11-30,2020-12-10,10,20,1,2,10,125,Kheda,22.75,72.7,,2020,2021,3025.91,1,available,4.1,17.823809523809523,31.471428571428564,4.1,17.823809523809523,31.471428571428564,33.0,10,517.5999999999999,517.5999999999999,0.8626666666666665,0.3444133456617101,0.3630189633932126,0.3746281514944694,0.0303619155443936,0.2273221328853248,0.2433751082281877,0.0202406412234514,0.8852218080995113,0.8283472153299113,0.0722218580766471,4.1,517.5999999999999,0.0303619155443936,0.880794324372944,0.3849419227053033,0.837755705180921,137.38434640984786,174.4864686664782,48.70969892802992,19.0,1.0,auxiliary_external_image_dataset
GUJ_KHEDA_2020_2021,wheat,Rabi,tillering,tillering,2020-12-10,2020-12-30,20,40,2,3,20,125,Kheda,22.75,72.7,,2020,2021,3025.91,1,available,13.1,16.319512195121952,29.387804878048783,13.1,16.319512195121952,29.387804878048783,33.0,10,937.0,937.0,0.7808333333333333,0.3964080710348572,0.3572490121657962,0.3964080710348572,0.0143766435561777,0.2795243290961529,0.2401884793461952,0.0096933875616136,0.8884935177537947,1.4505840828955363,0.0621655637372784,13.1,937.0,0.0143766435561777,,,,,,,,,
GUJ_KHEDA_2020_2021,wheat,Rabi,stem_elongation,stem_elongation,2020-12-30,2021-01-19,40,60,3,4,40,125,Kheda,22.75,72.7,,2020,2021,3025.91,1,available,13.499999999999998,15.906557377049175,28.9344262295082,13.499999999999998,15.906557377049175,28.9344262295082,33.0,10,1367.65,1367.65,0.7598055555555555,0.489874528078723,0.3508493923652194,0.5237339796472618,0.0093618105082803,0.3421770362283317,0.2351514372387483,0.0062860211742584,1.8984186064085904,1.1424039553985936,0.0267045498922736,13.499999999999998,1367.65,0.0093618105082803,,,,,,,,,
GUJ_KHEDA_2020_2021,wheat,Rabi,booting_heading,booting_heading,2021-01-19,2021-02-08,60,80,4,5,60,125,Kheda,22.75,72.7,,2020,2021,3025.91,1,available,13.499999999999998,15.2679012345679,28.692592592592582,13.499999999999998,15.2679012345679,28.692592592592582,33.0,10,1780.4,1780.4,0.7418333333333333,0.5863891801758024,0.4063670032993602,0.5863891801758024,0.0088177393535065,0.4333242690388796,0.2793257849262566,0.0061611542351588,1.6674517444037074,1.247313365160169,0.0245317268560619,13.499999999999998,1780.4,0.0088177393535065,,,,,,,,,
GUJ_KHEDA_2020_2021,wheat,Rabi,flowering,flowering,2021-02-08,2021-02-23,80,95,5,6,80,125,Kheda,22.75,72.7,,2020,2021,3025.91,1,available,13.499999999999998,15.433333333333332,29.261458333333334,13.499999999999998,15.433333333333332,29.261458333333334,34.4,19,2145.3500000000004,2145.3500000000004,0.7527543859649124,0.5858881644838572,0.4347445490832983,0.5993740280411034,0.0080177489411723,0.4183548805670771,0.3020130934749176,0.0056671424715288,1.503406156455873,1.3036665369016975,0.0221918725645005,13.499999999999998,2145.3500000000004,0.0080177489411723,0.667205568343874,0.207148998863766,0.5370890299479166,153.39161512586804,83.38302031017486,45.36198009006561,63.0,1.0,auxiliary_external_image_dataset
GUJ_KHEDA_2020_2021,wheat,Rabi,grain_filling_initial,grain_filling_initial,2021-02-23,2021-03-05,95,105,6,7,95,125,Kheda,22.75,72.7,,2020,2021,3025.91,1,available,13.499999999999998,15.778301886792454,29.86603773584906,13.499999999999998,15.778301886792454,29.86603773584906,37.8,29,2419.15,2419.15,0.7679841269841269,0.5535823940004702,0.4468776865281222,0.5993740280411034,0.0074189658316594,0.3953263980283338,0.3112715088908565,0.0052491950566764,1.275081084734218,1.3135883898329557,0.0201244965156256,13.499999999999998,2419.15,0.0074189658316594,0.64207763671875,0.2100675723866411,0.538883518528294,155.23204857078758,96.45987870499894,40.98217857979439,185.0,1.0,auxiliary_external_image_dataset
GUJ_KHEDA_2020_2021,wheat,Rabi,grain_filling,grain_filling,2021-03-05,2021-03-15,105,115,7,8,105,125,Kheda,22.75,72.7,,2020,2021,3025.91,1,available,13.499999999999998,16.24655172413793,30.486206896551725,13.499999999999998,16.24655172413793,30.486206896551725,38.0,39,2710.5,2710.5,0.7856521739130434,0.4196057320148658,0.447047825167532,0.5993740280411034,0.0066262347938521,0.2825844043840817,0.3105124765659218,0.0046542990370573,0.9487806591891258,1.2940310147496497,0.017679041152367,13.499999999999998,2710.5,0.0066262347938521,0.0612841694294905,0.0121212011134459,0.035730185628939,174.61391897762522,91.87537351976924,38.60734619813807,238.0,1.0,auxiliary_external_image_dataset
GUJ_KHEDA_2020_2021,wheat,Rabi,maturity_preharvest,maturity_preharvest,2021-03-15,2021-03-25,115,130,8,9,115,125,Kheda,22.75,72.7,,2020,2021,3025.91,1,available,13.499999999999998,16.759523809523813,31.06349206349206,13.499999999999998,16.759523809523813,31.06349206349206,38.3,49,3012.8500000000004,3012.8500000000004,0.8034266666666667,0.3331232526259124,0.4380656725314455,0.5993740280411034,0.0057740975778745,0.2108370441948291,0.3030130525403302,0.0040203088318234,0.6752928481100535,1.256982328931477,0.0152798992264208,13.499999999999998,3012.8500000000004,0.0057740975778745,0.0008408979936079,2.9083789590208285e-07,8.322975852272727e-07,168.71288785067472,58.12083906693892,40.56065226468173,55.0,1.0,auxiliary_external_image_dataset
GUJ_KHEDA_2021_2022,wheat,Rabi,sowing,sowing,2021-11-20,2021-11-30,0,10,0,1,0,125,Kheda,22.75,72.7,,2021,2022,2967.09,1,available,0.2,20.145454545454545,33.018181818181816,0.2,20.145454545454545,33.018181818181816,33.8,9,292.40000000000003,292.40000000000003,0.9746666666666668,0.3540153272886206,0.3549881677248847,0.3559610081611488,0.0708030654577241,0.2325507141764804,0.2291308705910237,0.046510142835296,0.8618891714793816,0.9447435152961718,0.1723778342958763,0.2,292.40000000000003,0.0708030654577241,,,,,,,,,
GUJ_KHEDA_2021_2022,wheat,Rabi,early_vegetative,early_vegetative,2021-11-30,2021-12-10,10,20,1,2,10,125,Kheda,22.75,72.7,,2021,2022,2967.09,1,available,21.2,19.04761904761905,30.100000000000005,21.2,19.04761904761905,30.100000000000005,33.8,9,516.0500000000001,516.0500000000001,0.8600833333333334,0.3224814159545628,0.3171330392711085,0.3559610081611488,0.0256229769501787,0.2045988311290906,0.2026948388724412,0.0163169253417286,1.3094283326134857,0.984838509468546,0.0895864502665221,21.2,516.0500000000001,0.0256229769501787,0.880794324372944,0.3849419227053033,0.837755705180921,137.38434640984786,174.4864686664782,48.70969892802992,19.0,1.0,auxiliary_external_image_dataset
GUJ_KHEDA_2021_2022,wheat,Rabi,tillering,tillering,2021-12-10,2021-12-30,20,40,2,3,20,125,Kheda,22.75,72.7,,2021,2022,2967.09,1,available,23.4,16.914634146341463,28.831707317073167,23.4,16.914634146341463,28.831707317073167,33.8,9,937.8,937.8,0.7815000000000001,0.3664770663844129,0.3202048421977695,0.3678527870439902,0.0149143346363189,0.2449974954210005,0.2083779931001616,0.009811865464035,0.975802338139416,0.7900921925101694,0.0337986856590338,23.4,937.8,0.0149143346363189,,,,,,,,,
GUJ_KHEDA_2021_2022,wheat,Rabi,stem_elongation,stem_elongation,2021-12-30,2022-01-19,40,60,3,4,40,125,Kheda,22.75,72.7,,2021,2022,2967.09,1,available,24.8,16.02950819672131,27.978688524590165,24.8,16.02950819672131,27.978688524590165,33.8,9,1342.25,1342.25,0.7456944444444444,0.3850215359084233,0.3388948281712645,0.4499784096051172,0.0092251588505465,0.2537930578381631,0.2211618001767876,0.0060608746904846,1.717088135013497,1.299176310272549,0.041684631233258,24.8,1342.25,0.0092251588505465,,,,,,,,,
GUJ_KHEDA_2021_2022,wheat,Rabi,booting_heading,booting_heading,2022-01-19,2022-02-08,60,80,4,5,60,125,Kheda,22.75,72.7,,2021,2022,2967.09,1,available,25.3,15.176543209876543,27.700000000000003,25.3,15.176543209876543,27.700000000000003,33.8,9,1736.5,1736.5,0.7235416666666666,0.4980563558379052,0.3707191487096463,0.5022816844606854,0.0077333394109072,0.3478443673634044,0.2444733137452128,0.0051541569511169,1.123430861138079,1.1985078237438098,0.0246872784045804,25.3,1736.5,0.0077333394109072,,,,,,,,,
GUJ_KHEDA_2021_2022,wheat,Rabi,flowering,flowering,2022-02-08,2022-02-23,80,95,5,6,80,125,Kheda,22.75,72.7,,2021,2022,2967.09,1,available,25.3,15.336458333333336,28.221875,25.3,15.336458333333336,28.221875,33.8,16,2090.8,2090.8,0.7336140350877194,0.4941198092100851,0.3944234448590447,0.5235945391477086,0.0070080342396041,0.3456800817163264,0.2633981048864635,0.0047501658065737,1.30558172334157,1.2154057631124568,0.0207011821936588,25.3,2090.8,0.0070080342396041,0.667205568343874,0.207148998863766,0.5370890299479166,153.39161512586804,83.38302031017486,45.36198009006561,63.0,1.0,auxiliary_external_image_dataset
GUJ_KHEDA_2021_2022,wheat,Rabi,grain_filling_initial,grain_filling_initial,2022-02-23,2022-03-05,95,105,6,7,95,125,Kheda,22.75,72.7,,2021,2022,2967.09,1,available,25.3,15.632075471698114,28.767924528301883,25.3,15.632075471698114,28.767924528301883,35.1,26,2353.2,2353.2,0.747047619047619,0.4787255913420096,0.4031385251021218,0.5235945391477086,0.0064488691709519,0.3287762663157108,0.2702284690026901,0.00438568950187,1.1082589754808334,1.203745090475291,0.0181556043223195,25.3,2353.2,0.0064488691709519,0.64207763671875,0.2100675723866411,0.538883518528294,155.23204857078758,96.45987870499894,40.98217857979439,185.0,1.0,auxiliary_external_image_dataset
GUJ_KHEDA_2021_2022,wheat,Rabi,grain_filling,grain_filling,2022-03-05,2022-03-15,105,115,7,8,105,125,Kheda,22.75,72.7,,2021,2022,2967.09,1,available,25.3,16.09396551724138,29.511206896551723,25.3,16.09396551724138,29.511206896551723,40.5,36,2645.1,2645.1,0.766695652173913,0.3982018158606227,0.4015743742439904,0.5235945391477086,0.0057431223614506,0.2648796897672074,0.2690815924677897,0.0038945418501138,0.8922147706183792,1.1992705172560163,0.0163089724884993,25.3,2645.1,0.0057431223614506,0.0612841694294905,0.0121212011134459,0.035730185628939,174.61391897762522,91.87537351976924,38.60734619813807,238.0,1.0,auxiliary_external_image_dataset
GUJ_KHEDA_2021_2022,wheat,Rabi,maturity_preharvest,maturity_preharvest,2022-03-15,2022-03-25,115,130,8,9,115,125,Kheda,22.75,72.7,,2021,2022,2967.09,1,available,25.3,16.710317460317462,30.288888888888884,25.3,16.710317460317462,30.288888888888884,40.8,46,2960.95,2960.95,0.7895866666666665,0.2661902097836847,0.3939961345960193,0.5235945391477086,0.0050350074198844,0.176067859522502,0.2636049678015859,0.0034003501607886,0.8939263275405035,1.1680480923423426,0.0141947081541357,25.3,2960.95,0.0050350074198844,0.0008408979936079,2.9083789590208285e-07,8.322975852272727e-07,168.71288785067472,58.12083906693892,40.56065226468173,55.0,1.0,auxiliary_external_image_dataset
GUJ_KHEDA_2022_2023,wheat,Rabi,sowing,sowing,2022-11-20,2022-11-30,0,10,0,1,0,125,Kheda,22.75,72.7,,2022,2023,3046.84,1,available,0.0,16.4,30.69090909090909,0.0,16.4,30.69090909090909,31.4,0,259.0,259.0,0.8633333333333333,0.3297436397233204,0.3333745777262118,0.3370055157291031,0.065948727944664,0.2239665867731851,0.2240141726228063,0.044793317354637,0.8201863856859283,0.7558000717992697,0.1640372771371856,0.0,259.0,0.065948727944664,,,,,,,,,
GUJ_KHEDA_2022_2023,wheat,Rabi,early_vegetative,early_vegetative,2022-11-30,2022-12-10,10,20,1,2,10,125,Kheda,22.75,72.7,,2022,2023,3046.84,1,available,0.0,16.676190476190474,30.58571428571428,0.0,16.676190476190474,30.58571428571428,31.4,0,496.25,496.25,0.8270833333333333,0.3487548793495705,0.3356570643855905,0.3487548793495705,0.0290036674750395,0.241345558365082,0.2251307160902263,0.0195757311909836,0.8299852532806169,0.7627682006727532,0.0675588136735927,0.0,496.25,0.0290036674750395,0.880794324372944,0.3849419227053033,0.837755705180921,137.38434640984786,174.4864686664782,48.70969892802992,19.0,1.0,auxiliary_external_image_dataset
GUJ_KHEDA_2022_2023,wheat,Rabi,tillering,tillering,2022-12-10,2022-12-30,20,40,2,3,20,125,Kheda,22.75,72.7,,2022,2023,3046.84,1,available,0.0,17.10731707317073,30.590243902439024,0.0,17.10731707317073,30.590243902439024,33.0,7,977.8,977.8,0.8148333333333334,0.3991818434399021,0.345441235659248,0.3991818434399021,0.0141975674302023,0.2697594658457088,0.2272340706939306,0.0093354176941511,0.9834098365045292,0.818251678865489,0.0349136540149432,0.0,977.8,0.0141975674302023,,,,,,,,,
GUJ_KHEDA_2022_2023,wheat,Rabi,stem_elongation,stem_elongation,2022-12-30,2023-01-19,40,60,3,4,40,125,Kheda,22.75,72.7,,2022,2023,3046.84,1,available,0.0,16.07704918032787,29.716393442622955,0.0,16.07704918032787,29.716393442622955,33.0,7,1396.7,1396.7,0.7759444444444444,0.4938864201713222,0.3728313452088654,0.4938864201713222,0.0103962831616022,0.3451417623539706,0.246306842501059,0.0068985322907399,1.2813638814564423,0.9178445339026536,0.0265030741521247,0.0,1396.7,0.0103962831616022,,,,,,,,,
GUJ_KHEDA_2022_2023,wheat,Rabi,booting_heading,booting_heading,2023-01-19,2023-02-08,60,80,4,5,60,125,Kheda,22.75,72.7,,2022,2023,3046.84,1,available,3.5,15.662962962962965,29.522222222222226,3.5,15.662962962962965,29.522222222222226,33.0,9,1830.0,1830.0,0.7625,0.5054964363827368,0.4041586693009337,0.5404405565924211,0.0085973688691237,0.358173026421699,0.272823127004462,0.0058962182318373,1.5643912233490542,1.046117584791901,0.0233177863044761,3.5,1830.0,0.0085973688691237,,,,,,,,,
GUJ_KHEDA_2022_2023,wheat,Rabi,flowering,flowering,2023-02-08,2023-02-23,80,95,5,6,80,125,Kheda,22.75,72.7,,2022,2023,3046.84,1,available,3.5,15.829166666666666,30.346875,3.5,15.829166666666666,30.346875,37.2,22,2216.45,2216.45,0.7777017543859649,0.5259279323611268,0.4241116530831962,0.5404405565924211,0.0076200249070376,0.378754627565365,0.2902644013368314,0.0053199704417051,1.118590586392397,1.0876499998337064,0.020018022440648,3.5,2216.45,0.0076200249070376,0.667205568343874,0.207148998863766,0.5370890299479166,153.39161512586804,83.38302031017486,45.36198009006561,63.0,1.0,auxiliary_external_image_dataset
GUJ_KHEDA_2022_2023,wheat,Rabi,grain_filling_initial,grain_filling_initial,2023-02-23,2023-03-05,95,105,6,7,95,125,Kheda,22.75,72.7,,2022,2023,3046.84,1,available,3.5,16.18867924528302,30.94245283018868,3.5,16.18867924528302,30.94245283018868,39.0,32,2497.9500000000007,2497.9500000000007,0.7930000000000003,0.4799940991161887,0.4293792493053676,0.5404405565924211,0.0069025205891035,0.3129868071642909,0.2938535576383122,0.0047995955212568,0.8782904561769427,1.0917191476515586,0.017764643001102,3.5,2497.9500000000007,0.0069025205891035,0.64207763671875,0.2100675723866411,0.538883518528294,155.23204857078758,96.45987870499894,40.98217857979439,185.0,1.0,auxiliary_external_image_dataset
GUJ_KHEDA_2022_2023,wheat,Rabi,grain_filling,grain_filling,2023-03-05,2023-03-15,105,115,7,8,105,125,Kheda,22.75,72.7,,2022,2023,3046.84,1,available,3.5,16.654310344827586,31.410344827586208,3.5,16.654310344827586,31.410344827586208,39.0,42,2787.75,2787.75,0.8080434782608695,0.3828197022653451,0.4269157109089992,0.5404405565924211,0.0061279593982229,0.2422386491766241,0.290877903491569,0.0042171827587427,0.7315681535620684,1.0730922987733975,0.015415527347172,3.5,2787.75,0.0061279593982229,0.0612841694294905,0.0121212011134459,0.035730185628939,174.61391897762522,91.87537351976924,38.60734619813807,238.0,1.0,auxiliary_external_image_dataset
GUJ_KHEDA_2022_2023,wheat,Rabi,maturity_preharvest,maturity_preharvest,2023-03-15,2023-03-25,115,130,8,9,115,125,Kheda,22.75,72.7,,2022,2023,3046.84,1,available,8.899999999999999,17.053968253968254,31.594444444444445,8.899999999999999,17.053968253968254,31.594444444444445,39.0,52,3064.85,3064.85,0.8172933333333333,0.3106434646643402,0.4184235681190422,0.5404405565924211,0.0053609719854503,0.1888777139594421,0.2835150539798232,0.0036472108429576,0.6224103473123758,1.0417123562020063,0.0132428906336705,8.899999999999999,3064.85,0.0053609719854503,0.0008408979936079,2.9083789590208285e-07,8.322975852272727e-07,168.71288785067472,58.12083906693892,40.56065226468173,55.0,1.0,auxiliary_external_image_dataset
GUJ_KHEDA_2023_2024,wheat,Rabi,sowing,sowing,2023-11-20,2023-11-30,0,10,0,1,0,126,Kheda,22.75,72.7,,2023,2024,2974.78,1,available,45.2,19.4,30.5,45.2,19.4,30.5,34.0,5,274.44999999999993,274.44999999999993,0.914833333333333,0.3496244127574779,0.3472519052301647,0.3496244127574779,0.0699248825514955,0.2115276461914272,0.2206303291795615,0.0423055292382854,0.8246154852066687,0.8695041587020316,0.1649230970413337,45.2,274.44999999999993,0.0699248825514955,,,,,,,,,
GUJ_KHEDA_2023_2024,wheat,Rabi,early_vegetative,early_vegetative,2023-11-30,2023-12-10,10,20,1,2,10,126,Kheda,22.75,72.7,,2023,2024,2974.78,1,available,46.3,19.161904761904765,29.31904761904762,46.3,19.161904761904765,29.31904761904762,34.0,5,509.05,509.05,0.8484166666666667,0.3602467481442017,0.2539824294523903,0.3602467481442017,0.0193246139371449,0.2253910423697486,0.1505011259716586,0.0108343768516599,0.9522696671997296,0.7248183351236879,0.0585345028369682,46.3,509.05,0.0193246139371449,0.880794324372944,0.3849419227053033,0.837755705180921,137.38434640984786,174.4864686664782,48.70969892802992,19.0,1.0,auxiliary_external_image_dataset
GUJ_KHEDA_2023_2024,wheat,Rabi,tillering,tillering,2023-12-10,2023-12-30,20,40,2,3,20,126,Kheda,22.75,72.7,,2023,2024,2974.78,1,available,46.3,18.004878048780487,29.18780487804878,46.3,18.004878048780487,29.18780487804878,34.0,5,967.45,967.45,0.8062083333333334,0.3429453535507362,0.2981428685678343,0.3919909299144889,0.0128571836787482,0.2251114378777667,0.1901211388729449,0.0083942598988134,1.2017677354258418,1.20976333164689,0.053870487564116,46.3,967.45,0.0128571836787482,,,,,,,,,
GUJ_KHEDA_2023_2024,wheat,Rabi,stem_elongation,stem_elongation,2023-12-30,2024-01-19,40,60,3,4,40,126,Kheda,22.75,72.7,,2023,2024,2974.78,1,available,46.7,17.09016393442623,28.696721311475407,46.7,17.09016393442623,28.696721311475407,34.0,5,1396.5,1396.5,0.7758333333333334,0.4756639400952528,0.3125312242723373,0.4756639400952528,0.0089483591186331,0.3186038177474474,0.2011359186248358,0.0058566828904051,1.099785384979909,1.0787908722682256,0.0279455097113237,46.7,1396.5,0.0089483591186331,,,,,,,,,
GUJ_KHEDA_2023_2024,wheat,Rabi,booting_heading,booting_heading,2024-01-19,2024-02-08,60,80,4,5,60,126,Kheda,22.75,72.7,,2023,2024,2974.78,1,available,46.7,16.656790123456794,28.76296296296297,46.7,16.656790123456794,28.76296296296297,34.0,7,1839.5,1839.5,0.7664583333333335,0.4573552475451601,0.3548306577041643,0.496548914006889,0.0078405683875594,0.3059570144355201,0.2336861838858304,0.0052657758968321,1.2168498093086422,1.1296257548652835,0.0225541587123788,46.7,1839.5,0.0078405683875594,,,,,,,,,
GUJ_KHEDA_2023_2024,wheat,Rabi,flowering,flowering,2024-02-08,2024-02-23,80,95,5,6,80,126,Kheda,22.75,72.7,,2023,2024,2974.78,1,available,46.8,16.908333333333335,29.211458333333336,46.8,16.908333333333335,29.211458333333336,35.2,13,2213.75,2213.75,0.7767543859649123,0.0689892650558162,0.354101348794917,0.496548914006889,0.0062636237663728,0.0275165593606972,0.2342359390813652,0.0042124484529662,-0.1964111028502378,1.072585172563725,0.0168254127804434,46.8,2213.75,0.0062636237663728,0.667205568343874,0.207148998863766,0.5370890299479166,153.39161512586804,83.38302031017486,45.36198009006561,63.0,1.0,auxiliary_external_image_dataset
GUJ_KHEDA_2023_2024,wheat,Rabi,grain_filling_initial,grain_filling_initial,2024-02-23,2024-03-04,95,105,6,7,95,126,Kheda,22.75,72.7,,2023,2024,2974.78,1,available,48.99999999999999,17.0622641509434,29.49528301886793,48.99999999999999,17.0622641509434,29.49528301886793,37.4,18,2467.55,2467.55,0.7833492063492065,0.1604192562005348,0.3444172441651979,0.496548914006889,0.0055207889789088,0.0866354678820001,0.226855915521397,0.0036789938855455,-0.2713537045994998,1.0053882287055638,0.0137103948726812,48.99999999999999,2467.55,0.0055207889789088,0.64207763671875,0.2100675723866411,0.538883518528294,155.23204857078758,96.45987870499894,40.98217857979439,185.0,1.0,auxiliary_external_image_dataset
GUJ_KHEDA_2023_2024,wheat,Rabi,grain_filling,grain_filling,2024-03-04,2024-03-14,105,115,7,8,105,126,Kheda,22.75,72.7,,2023,2024,2974.78,1,available,48.99999999999999,17.151724137931037,29.82155172413793,48.99999999999999,17.151724137931037,29.82155172413793,37.4,26,2724.4500000000003,2724.4500000000003,0.7896956521739131,0.3439673504864965,0.3463412061778785,0.496548914006889,0.0049479708675419,0.2192435279115334,0.2275448449961583,0.0032742257245963,0.7815862654882975,0.9844556799274508,0.0119588793251846,48.99999999999999,2724.4500000000003,0.0049479708675419,0.0612841694294905,0.0121212011134459,0.035730185628939,174.61391897762522,91.87537351976924,38.60734619813807,238.0,1.0,auxiliary_external_image_dataset
GUJ_KHEDA_2023_2024,wheat,Rabi,maturity_preharvest,maturity_preharvest,2024-03-14,2024-03-25,115,130,8,9,115,126,Kheda,22.75,72.7,,2023,2024,2974.78,1,available,48.99999999999999,17.51574803149606,30.474015748031498,48.99999999999999,17.51574803149606,30.474015748031498,38.9,37,3047.3500000000004,3047.3500000000004,0.8061772486772488,0.3151216613467267,0.3444725623079315,0.496548914006889,0.0044138350088131,0.2142065851023404,0.2265869743483633,0.0029244758999189,0.7049815934039735,0.9592099344309378,0.0104599360814898,48.99999999999999,3047.3500000000004,0.0044138350088131,0.0008408979936079,2.9083789590208285e-07,8.322975852272727e-07,168.71288785067472,58.12083906693892,40.56065226468173,55.0,1.0,auxiliary_external_image_dataset
GUJ_MAHISAGAR_2020_2021,wheat,Rabi,sowing,sowing,2020-11-20,2020-11-30,0,10,0,1,0,125,Mahisagar,,,,2020,2021,2522.28,1,available,0.8,17.936363636363637,29.527272727272727,0.8,17.936363636363637,29.527272727272727,31.1,0,261.05,261.05,0.8701666666666668,0.4304985209070947,0.4299511970215605,0.4304985209070947,0.0860997041814189,0.2991585449445422,0.2949090088295882,0.0598317089889084,1.0569309210316042,1.0428044562518988,0.2113861842063208,0.8,261.05,0.0860997041814189,,,,,,,,,
GUJ_MAHISAGAR_2020_2021,wheat,Rabi,early_vegetative,early_vegetative,2020-11-30,2020-12-10,10,20,1,2,10,125,Mahisagar,,,,2020,2021,2522.28,1,available,1.5,17.800000000000004,30.27142857142857,1.5,17.800000000000004,30.27142857142857,31.6,0,504.75000000000006,504.75000000000006,0.84125,0.406757508876006,0.4234716658159085,0.4304985209070947,0.0357889224032018,0.2762967135111091,0.2885205638149834,0.0243426247665309,0.9666063946634866,0.983381430849106,0.081705299106862,1.5,504.75000000000006,0.0357889224032018,0.880794324372944,0.3849419227053033,0.837755705180921,137.38434640984786,174.4864686664782,48.70969892802992,19.0,1.0,auxiliary_external_image_dataset
GUJ_MAHISAGAR_2020_2021,wheat,Rabi,tillering,tillering,2020-12-10,2020-12-30,20,40,2,3,20,125,Mahisagar,,,,2020,2021,2522.28,1,available,31.3,16.39268292682927,27.94878048780488,31.3,16.39268292682927,27.94878048780488,31.6,0,909.0,909.0,0.7575,0.4104183747041257,0.3768481956386869,0.4304985209070947,0.0146270058359708,0.3012882992446497,0.2572436411308805,0.0100740881780443,1.0167923587572512,0.8465497047858241,0.0334410863285966,31.3,909.0,0.0146270058359708,,,,,,,,,
GUJ_MAHISAGAR_2020_2021,wheat,Rabi,stem_elongation,stem_elongation,2020-12-30,2021-01-19,40,60,3,4,40,125,Mahisagar,,,,2020,2021,2522.28,1,available,36.1,16.411475409836065,27.72131147540983,36.1,16.411475409836065,27.72131147540983,31.6,0,1346.0500000000002,1346.0500000000002,0.7478055555555556,0.4044622149046121,0.3732323321496119,0.4304985209070947,0.0096223072225055,0.2644061908469279,0.2528960904971203,0.0064992062689556,1.0690677994172797,1.1217751581969269,0.0346752198007586,36.1,1346.0500000000002,0.0096223072225055,,,,,,,,,
GUJ_MAHISAGAR_2020_2021,wheat,Rabi,booting_heading,booting_heading,2021-01-19,2021-02-08,60,80,4,5,60,125,Mahisagar,,,,2020,2021,2522.28,1,available,36.1,15.62098765432099,27.35925925925925,36.1,15.62098765432099,27.35925925925925,31.6,0,1740.7,1740.7,0.7252916666666667,0.3835951672054219,0.37798294477723,0.4304985209070947,0.007201806287668,0.2710041050257212,0.2583012936641294,0.0049475012812437,0.9378956809928188,1.0838504759351286,0.0219912020753372,36.1,1740.7,0.007201806287668,,,,,,,,,
GUJ_MAHISAGAR_2020_2021,wheat,Rabi,flowering,flowering,2021-02-08,2021-02-23,80,95,5,6,80,125,Mahisagar,,,,2020,2021,2522.28,1,available,36.2,15.654166666666669,27.803125,36.2,15.654166666666669,27.803125,32.3,1,2085.95,2085.95,0.7319122807017543,0.3512184312583659,0.3739291313813924,0.4304985209070947,0.0059050061474068,0.2289470841210835,0.2545510700414102,0.0040196368537784,0.7658178275140846,1.033127682350233,0.016533271855356,36.2,2085.95,0.0059050061474068,0.667205568343874,0.207148998863766,0.5370890299479166,153.39161512586804,83.38302031017486,45.36198009006561,63.0,1.0,auxiliary_external_image_dataset
GUJ_MAHISAGAR_2020_2021,wheat,Rabi,grain_filling_initial,grain_filling_initial,2021-02-23,2021-03-05,95,105,6,7,95,125,Mahisagar,,,,2020,2021,2522.28,1,available,36.2,15.895283018867923,28.296226415094345,36.2,15.895283018867923,28.296226415094345,34.4,10,2342.15,2342.15,0.7435396825396826,0.3347314126527664,0.3698520813508573,0.4304985209070947,0.0052297539024075,0.2297887375245708,0.2512797189159398,0.0035467143835569,0.644719011468776,0.9965972855291738,0.0139041143884384,36.2,2342.15,0.0052297539024075,0.64207763671875,0.2100675723866411,0.538883518528294,155.23204857078758,96.45987870499894,40.98217857979439,185.0,1.0,auxiliary_external_image_dataset
GUJ_MAHISAGAR_2020_2021,wheat,Rabi,grain_filling,grain_filling,2021-03-05,2021-03-15,105,115,7,8,105,125,Mahisagar,,,,2020,2021,2522.28,1,available,36.2,16.18448275862069,28.832758620689653,36.2,16.18448275862069,28.832758620689653,35.2,20,2610.9999999999995,2610.9999999999995,0.7568115942028985,0.295198643917268,0.3633701750476931,0.4304985209070947,0.0046211628303065,0.194185183760378,0.246233531634618,0.0031185739831446,0.5696440574891518,0.9583475208158976,0.011783975535887,36.2,2610.9999999999995,0.0046211628303065,0.0612841694294905,0.0121212011134459,0.035730185628939,174.61391897762522,91.87537351976924,38.60734619813807,238.0,1.0,auxiliary_external_image_dataset
GUJ_MAHISAGAR_2020_2021,wheat,Rabi,maturity_preharvest,maturity_preharvest,2021-03-15,2021-03-25,115,130,8,9,115,125,Mahisagar,,,,2020,2021,2522.28,1,available,36.2,16.58015873015873,29.361111111111104,36.2,16.58015873015873,29.361111111111104,36.1,30,2894.3,2894.3,0.7718133333333332,0.2584611976769571,0.3527145781226646,0.4304985209070947,0.0040239616355096,0.1595721229480699,0.2381207515998233,0.0026958253785979,0.556365668887185,0.9378948242602384,0.0104706586745106,36.2,2894.3,0.0040239616355096,0.0008408979936079,2.9083789590208285e-07,8.322975852272727e-07,168.71288785067472,58.12083906693892,40.56065226468173,55.0,1.0,auxiliary_external_image_dataset
GUJ_MAHISAGAR_2021_2022,wheat,Rabi,sowing,sowing,2021-11-20,2021-11-30,0,10,0,1,0,125,Mahisagar,,,,2021,2022,2815.46,1,available,0.3,19.51818181818182,31.30909090909091,0.3,19.51818181818182,31.30909090909091,32.3,3,279.55,279.55,0.9318333333333334,0.4137640493435402,0.4148999008212706,0.4160357522990009,0.082752809868708,0.2730576799636624,0.2689334825272205,0.0546115359927324,0.998715717048835,1.0778236194120172,0.199743143409767,0.3,279.55,0.082752809868708,,,,,,,,,
GUJ_MAHISAGAR_2021_2022,wheat,Rabi,early_vegetative,early_vegetative,2021-11-30,2021-12-10,10,20,1,2,10,125,Mahisagar,,,,2021,2022,2815.46,1,available,18.9,18.58095238095238,28.757142857142856,18.9,18.58095238095238,28.757142857142856,32.3,3,497.05,497.05,0.8284166666666667,0.3367259494928452,0.369587405074825,0.4160357522990009,0.0292512805164271,0.2143098660621739,0.2375376893878243,0.0187419304431364,1.601588396522374,1.684914895885179,0.1681189829000653,18.9,497.05,0.0292512805164271,0.880794324372944,0.3849419227053033,0.837755705180921,137.38434640984786,174.4864686664782,48.70969892802992,19.0,1.0,auxiliary_external_image_dataset
GUJ_MAHISAGAR_2021_2022,wheat,Rabi,tillering,tillering,2021-12-10,2021-12-30,20,40,2,3,20,125,Mahisagar,,,,2021,2022,2815.46,1,available,21.700000000000003,16.64390243902439,27.517073170731702,21.700000000000003,16.64390243902439,27.517073170731702,32.3,3,905.3,905.3,0.7544166666666667,0.3925407045147558,0.3618234507272607,0.4160357522990009,0.0163967534704911,0.2700373124677356,0.2375242632384667,0.0109301604374871,1.1019076150222236,1.2499563654464974,0.0503700149739377,21.700000000000003,905.3,0.0163967534704911,,,,,,,,,
GUJ_MAHISAGAR_2021_2022,wheat,Rabi,stem_elongation,stem_elongation,2021-12-30,2022-01-19,40,60,3,4,40,125,Mahisagar,,,,2021,2022,2815.46,1,available,24.0,15.752459016393445,26.845901639344252,24.0,15.752459016393445,26.845901639344252,32.3,3,1299.2499999999998,1299.2499999999998,0.7218055555555555,0.3471266105410742,0.3338043027621429,0.4160357522990009,0.0081696282364632,0.2220301146189107,0.2187102582113757,0.0053903365458607,0.9972173215828074,0.9058441042727576,0.0167954045239105,24.0,1299.2499999999998,0.0081696282364632,,,,,,,,,
GUJ_MAHISAGAR_2021_2022,wheat,Rabi,booting_heading,booting_heading,2022-01-19,2022-02-08,60,80,4,5,60,125,Mahisagar,,,,2021,2022,2815.46,1,available,27.2,14.939506172839508,26.60987654320987,27.2,14.939506172839508,26.60987654320987,32.3,3,1682.75,1682.75,0.7011458333333334,0.3452965414237072,0.3202917621004164,0.4160357522990009,0.0057693416008218,0.2329714711356112,0.2107807984957157,0.0038274117537072,0.6966872678258038,0.8080279821039101,0.0115711813984127,27.2,1682.75,0.0057693416008218,,,,,,,,,
GUJ_MAHISAGAR_2021_2022,wheat,Rabi,flowering,flowering,2022-02-08,2022-02-23,80,95,5,6,80,125,Mahisagar,,,,2021,2022,2815.46,1,available,27.2,15.069791666666667,27.059375,27.2,15.069791666666667,27.059375,32.3,3,2022.2,2022.2,0.7095438596491228,0.3142718993622277,0.3215018140363253,0.4160357522990009,0.0049545249908586,0.2086608877819282,0.2119509549754168,0.0032884004170092,0.6633614270826688,0.7918661575279983,0.0101990976818228,27.2,2022.2,0.0049545249908586,0.667205568343874,0.207148998863766,0.5370890299479166,153.39161512586804,83.38302031017486,45.36198009006561,63.0,1.0,auxiliary_external_image_dataset
GUJ_MAHISAGAR_2021_2022,wheat,Rabi,grain_filling_initial,grain_filling_initial,2022-02-23,2022-03-05,95,105,6,7,95,125,Mahisagar,,,,2021,2022,2815.46,1,available,27.2,15.335849056603776,27.55943396226415,27.2,15.335849056603776,27.55943396226415,33.6,10,2273.45,2273.45,0.7217301587301587,0.2973088411721683,0.3198062703691635,0.4160357522990009,0.0044595305626994,0.1976548987427479,0.2106576300617049,0.0029514960663448,0.6093525605827329,0.7714246837246747,0.0090736059995859,27.2,2273.45,0.0044595305626994,0.64207763671875,0.2100675723866411,0.538883518528294,155.23204857078758,96.45987870499894,40.98217857979439,185.0,1.0,auxiliary_external_image_dataset
GUJ_MAHISAGAR_2021_2022,wheat,Rabi,grain_filling,grain_filling,2022-03-05,2022-03-15,105,115,7,8,105,125,Mahisagar,,,,2021,2022,2815.46,1,available,27.5,15.828448275862067,28.22672413793104,27.5,15.828448275862067,28.22672413793104,38.3,20,2555.2000000000003,2555.2000000000003,0.7406376811594204,0.2795678120301242,0.3164378113598021,0.4160357522990009,0.0040073081522736,0.1830404811776319,0.2071059046806218,0.0026172245506408,0.5247253824511441,0.7475310342348568,0.0080015434414709,27.5,2555.2000000000003,0.0040073081522736,0.0612841694294905,0.0121212011134459,0.035730185628939,174.61391897762522,91.87537351976924,38.60734619813807,238.0,1.0,auxiliary_external_image_dataset
GUJ_MAHISAGAR_2021_2022,wheat,Rabi,maturity_preharvest,maturity_preharvest,2022-03-15,2022-03-25,115,130,8,9,115,125,Mahisagar,,,,2021,2022,2815.46,1,available,27.5,16.383333333333336,28.975396825396828,27.5,16.383333333333336,28.975396825396828,39.1,30,2857.6,2857.6,0.7620266666666666,0.29407237142473,0.3133819179312571,0.4160357522990009,0.0036371981122863,0.1856360388759089,0.2046663882508961,0.0023659662097908,0.4333644341742424,0.7249312768692698,0.0071001292352885,27.5,2857.6,0.0036371981122863,0.0008408979936079,2.9083789590208285e-07,8.322975852272727e-07,168.71288785067472,58.12083906693892,40.56065226468173,55.0,1.0,auxiliary_external_image_dataset
GUJ_MAHISAGAR_2022_2023,wheat,Rabi,sowing,sowing,2022-11-20,2022-11-30,0,10,0,1,0,125,Mahisagar,,,,2022,2023,3015.91,1,available,0.0,16.599999999999998,29.936363636363637,0.0,16.599999999999998,29.936363636363637,30.9,0,255.95,255.95,0.8531666666666666,0.4501772729162903,0.4432227873507737,0.4501772729162903,0.090035454583258,0.2998638700347247,0.2940209593632226,0.0599727740069449,1.1913310056524489,1.1787022257127775,0.2382662011304898,0.0,255.95,0.090035454583258,,,,,,,,,
GUJ_MAHISAGAR_2022_2023,wheat,Rabi,early_vegetative,early_vegetative,2022-11-30,2022-12-10,10,20,1,2,10,125,Mahisagar,,,,2022,2023,3015.91,1,available,0.0,16.95714285714286,29.81904761904762,0.0,16.95714285714286,29.81904761904762,30.9,0,491.1499999999999,491.1499999999999,0.8185833333333332,0.4631879515960101,0.4492298533760612,0.4631879515960101,0.0390616128873956,0.3238109685311374,0.3004525640073653,0.0264458787595984,1.12642683495331,1.1329807495540023,0.095239927631238,0.0,491.1499999999999,0.0390616128873956,0.880794324372944,0.3849419227053033,0.837755705180921,137.38434640984786,174.4864686664782,48.70969892802992,19.0,1.0,auxiliary_external_image_dataset
GUJ_MAHISAGAR_2022_2023,wheat,Rabi,tillering,tillering,2022-12-10,2022-12-30,20,40,2,3,20,125,Mahisagar,,,,2022,2023,3015.91,1,available,0.1,17.075609756097563,29.40731707317073,0.1,17.075609756097563,29.40731707317073,32.1,1,952.9,952.9,0.7940833333333334,0.4418033556833688,0.4448395323815722,0.4631879515960101,0.017770791780202,0.3017086268508667,0.2947314316800117,0.0118241385192483,1.132286946782218,1.1090474648697586,0.043837091882001,0.1,952.9,0.017770791780202,,,,,,,,,
GUJ_MAHISAGAR_2022_2023,wheat,Rabi,stem_elongation,stem_elongation,2022-12-30,2023-01-19,40,60,3,4,40,125,Mahisagar,,,,2022,2023,3015.91,1,available,0.1,15.755737704918031,28.09016393442623,0.1,15.755737704918031,28.09016393442623,32.1,1,1337.3000000000002,1337.3000000000002,0.7429444444444445,0.4060281485666817,0.4280686809855507,0.4631879515960101,0.0108047521906309,0.2791108402824241,0.2835219154902461,0.0071719175105074,1.084115088332147,1.18671425956899,0.0325630987424326,0.1,1337.3000000000002,0.0108047521906309,,,,,,,,,
GUJ_MAHISAGAR_2022_2023,wheat,Rabi,booting_heading,booting_heading,2023-01-19,2023-02-08,60,80,4,5,60,125,Mahisagar,,,,2022,2023,3015.91,1,available,3.3000000000000003,15.312345679012347,27.95432098765432,3.3000000000000003,15.312345679012347,27.95432098765432,32.1,1,1752.3,1752.3,0.730125,0.3827478791238528,0.4157049968379304,0.4631879515960101,0.0077067502614688,0.255700739235089,0.2753630408220833,0.0051125671100791,0.9206821282356104,1.1432256850420748,0.0220857589052456,3.3000000000000003,1752.3,0.0077067502614688,,,,,,,,,
GUJ_MAHISAGAR_2022_2023,wheat,Rabi,flowering,flowering,2023-02-08,2023-02-23,80,95,5,6,80,125,Mahisagar,,,,2022,2023,3015.91,1,available,3.3000000000000003,15.501041666666666,28.695833333333336,3.3000000000000003,15.501041666666666,28.695833333333336,35.0,10,2121.45,2121.45,0.7443684210526316,0.1411587516116026,0.3969025871398612,0.4631879515960101,0.0059432293892245,0.092801920204488,0.2630354308528098,0.0039454679404524,-1.9357802752845044,0.9440805749952538,0.0121554364751616,3.3000000000000003,2121.45,0.0059432293892245,0.667205568343874,0.207148998863766,0.5370890299479166,153.39161512586804,83.38302031017486,45.36198009006561,63.0,1.0,auxiliary_external_image_dataset
GUJ_MAHISAGAR_2022_2023,wheat,Rabi,grain_filling_initial,grain_filling_initial,2023-02-23,2023-03-05,95,105,6,7,95,125,Mahisagar,,,,2022,2023,3015.91,1,available,3.4000000000000004,15.7688679245283,29.28490566037736,3.4000000000000004,15.7688679245283,29.28490566037736,36.9,20,2387.85,2387.85,0.758047619047619,0.2904829628858705,0.3892236364600228,0.4631879515960101,0.0052251034050396,0.1821957826763763,0.2576945545685139,0.0034600342822104,0.753754274643561,0.923766552711354,0.0109200417326666,3.4000000000000004,2387.85,0.0052251034050396,0.64207763671875,0.2100675723866411,0.538883518528294,155.23204857078758,96.45987870499894,40.98217857979439,185.0,1.0,auxiliary_external_image_dataset
GUJ_MAHISAGAR_2022_2023,wheat,Rabi,grain_filling,grain_filling,2023-03-05,2023-03-15,105,115,7,8,105,125,Mahisagar,,,,2022,2023,3015.91,1,available,4.3,16.232758620689655,29.779310344827586,4.3,16.232758620689655,29.779310344827586,37.0,30,2668.7000000000003,2668.7000000000003,0.7735362318840581,0.318317707957704,0.3829153093692174,0.4631879515960101,0.0046692501879703,0.1950684913515332,0.2525065941819513,0.0030652936424895,0.6092450543655156,0.8987667303365158,0.0096988208129097,4.3,2668.7000000000003,0.0046692501879703,0.0612841694294905,0.0121212011134459,0.035730185628939,174.61391897762522,91.87537351976924,38.60734619813807,238.0,1.0,auxiliary_external_image_dataset
GUJ_MAHISAGAR_2022_2023,wheat,Rabi,maturity_preharvest,maturity_preharvest,2023-03-15,2023-03-25,115,130,8,9,115,125,Mahisagar,,,,2022,2023,3015.91,1,available,9.1,16.548412698412697,29.952380952380956,9.1,16.548412698412697,29.952380952380956,37.0,35,2929.55,2929.55,0.7812133333333333,0.3149806182620985,0.3780442731330183,0.4631879515960101,0.0042337657685783,0.1922078171184895,0.2482144793146081,0.0027552445700818,0.5793596065070292,0.8779248863170825,0.0087336201557459,9.1,2929.55,0.0042337657685783,0.0008408979936079,2.9083789590208285e-07,8.322975852272727e-07,168.71288785067472,58.12083906693892,40.56065226468173,55.0,1.0,auxiliary_external_image_dataset
GUJ_MAHISAGAR_2023_2024,wheat,Rabi,sowing,sowing,2023-11-20,2023-11-30,0,10,0,1,0,126,Mahisagar,,,,2023,2024,2658.56,1,available,52.400000000000006,19.60909090909091,30.02727272727273,52.400000000000006,19.60909090909091,30.02727272727273,33.8,4,273.0,273.0,0.91,0.1040428150677904,0.2659126452016618,0.4277824753355332,0.020808563013558,0.0381769650171944,0.1597090643709623,0.0076353930034388,0.0911849559633641,0.5278150870993008,0.0182369911926728,52.400000000000006,273.0,0.020808563013558,,,,,,,,,
GUJ_MAHISAGAR_2023_2024,wheat,Rabi,early_vegetative,early_vegetative,2023-11-30,2023-12-10,10,20,1,2,10,126,Mahisagar,,,,2023,2024,2658.56,1,available,87.2,19.133333333333333,28.623809523809523,87.2,19.133333333333333,28.623809523809523,33.8,4,501.4500000000001,501.4500000000001,0.8357500000000001,0.4111559076539154,0.2339527702274656,0.4277824753355332,0.0189024329104969,0.2629508304341295,0.1344968225389787,0.0105466588325614,1.970404867814345,0.7541142944303223,0.0854749118689012,87.2,501.4500000000001,0.0189024329104969,0.880794324372944,0.3849419227053033,0.837755705180921,137.38434640984786,174.4864686664782,48.70969892802992,19.0,1.0,auxiliary_external_image_dataset
GUJ_MAHISAGAR_2023_2024,wheat,Rabi,tillering,tillering,2023-12-10,2023-12-30,20,40,2,3,20,126,Mahisagar,,,,2023,2024,2658.56,1,available,87.2,17.99512195121951,28.47317073170732,87.2,17.99512195121951,28.47317073170732,33.8,4,952.6,952.6,0.7938333333333334,0.4371099447810215,0.3335249029999947,0.4395702357707076,0.0155411942909898,0.292823473513414,0.2142618491907069,0.0103218331110843,1.0885885872647805,1.0653910815041838,0.0505157570979667,87.2,952.6,0.0155411942909898,,,,,,,,,
GUJ_MAHISAGAR_2023_2024,wheat,Rabi,stem_elongation,stem_elongation,2023-12-30,2024-01-19,40,60,3,4,40,126,Mahisagar,,,,2023,2024,2658.56,1,available,87.3,17.2344262295082,27.898360655737704,87.3,17.2344262295082,27.898360655737704,33.8,4,1376.55,1376.55,0.7647499999999999,0.4439767526961892,0.3163574217488618,0.4439767526961892,0.0088487798475989,0.2968966429049791,0.2029633552999286,0.0057877605670434,1.1503437158029828,1.1183650647506356,0.032795142828888,87.3,1376.55,0.0088487798475989,,,,,,,,,
GUJ_MAHISAGAR_2023_2024,wheat,Rabi,booting_heading,booting_heading,2024-01-19,2024-02-08,60,80,4,5,60,126,Mahisagar,,,,2023,2024,2658.56,1,available,87.3,16.733333333333334,27.90246913580247,87.3,16.733333333333334,27.90246913580247,33.8,4,1807.75,1807.75,0.7532291666666666,0.3956237524297503,0.3346064887190065,0.4439767526961892,0.0072925814903834,0.243938865056892,0.2154862168616306,0.004752039500114,0.7984205338850648,1.100327049430336,0.02324817196536,87.3,1807.75,0.0072925814903834,,,,,,,,,
GUJ_MAHISAGAR_2023_2024,wheat,Rabi,flowering,flowering,2024-02-08,2024-02-23,80,95,5,6,80,126,Mahisagar,,,,2023,2024,2658.56,1,available,87.69999999999999,16.900000000000002,28.29479166666667,87.69999999999999,16.900000000000002,28.29479166666667,33.8,8,2169.3500000000004,2169.3500000000004,0.7611754385964914,0.1860726478602674,0.3224690642271459,0.4439767526961892,0.0053990150142821,0.1112295594564281,0.2067878946990421,0.0034785728359735,0.6033182246135174,0.9768939241303372,0.0148219482225434,87.69999999999999,2169.3500000000004,0.0053990150142821,0.667205568343874,0.207148998863766,0.5370890299479166,153.39161512586804,83.38302031017486,45.36198009006561,63.0,1.0,auxiliary_external_image_dataset
GUJ_MAHISAGAR_2023_2024,wheat,Rabi,grain_filling_initial,grain_filling_initial,2024-02-23,2024-03-04,95,105,6,7,95,126,Mahisagar,,,,2023,2024,2658.56,1,available,98.5,17.0122641509434,28.582075471698115,98.5,17.0122641509434,28.582075471698115,35.8,13,2416.5,2416.5,0.7671428571428571,0.0077984969162345,0.3059074554213085,0.4439767526961892,0.0044894372287915,-0.0380548220853976,0.1939014359209137,0.0028188940228406,-0.023004495732911,0.9242676915059556,0.0122489579353857,98.5,2416.5,0.0044894372287915,0.64207763671875,0.2100675723866411,0.538883518528294,155.23204857078758,96.45987870499894,40.98217857979439,185.0,1.0,auxiliary_external_image_dataset
GUJ_MAHISAGAR_2023_2024,wheat,Rabi,grain_filling,grain_filling,2024-03-04,2024-03-14,105,115,7,8,105,126,Mahisagar,,,,2023,2024,2658.56,1,available,98.5,17.070689655172412,28.88189655172414,98.5,17.070689655172412,28.88189655172414,35.8,18,2665.25,2665.25,0.772536231884058,0.3253502580995659,0.3082182965578797,0.4439767526961892,0.0040869194428106,0.2076769201510196,0.1955399073356842,0.0025761202566602,0.6908955891255759,0.9043914479600202,0.0106620228528411,98.5,2665.25,0.0040869194428106,0.0612841694294905,0.0121212011134459,0.035730185628939,174.61391897762522,91.87537351976924,38.60734619813807,238.0,1.0,auxiliary_external_image_dataset
GUJ_MAHISAGAR_2023_2024,wheat,Rabi,maturity_preharvest,maturity_preharvest,2024-03-14,2024-03-25,115,130,8,9,115,126,Mahisagar,,,,2023,2024,2658.56,1,available,98.5,17.3007874015748,29.45196850393701,98.5,17.3007874015748,29.45196850393701,37.0,29,2968.8,2968.8,0.7853968253968253,0.3095721740262868,0.3085733426944401,0.4439767526961892,0.0037251438501516,0.2112177003235903,0.1965886484839424,0.0023714416794129,0.6767962896323008,0.8817888475995346,0.0093537551660287,98.5,2968.8,0.0037251438501516,0.0008408979936079,2.9083789590208285e-07,8.322975852272727e-07,168.71288785067472,58.12083906693892,40.56065226468173,55.0,1.0,auxiliary_external_image_dataset
GUJ_MEHSANA_2020_2021,wheat,Rabi,sowing,sowing,2020-11-20,2020-11-30,0,10,0,1,0,125,Mehsana,23.588,72.3693,,2020,2021,3389.73,1,available,0.0,17.85,30.436363636363637,0.0,17.85,30.436363636363637,32.349999999999994,1,265.575,265.575,0.88525,0.3897508121558646,0.3914483748773648,0.393145937598865,0.0779501624311729,0.2665347889891121,0.2623169614649008,0.0533069577978224,0.8944035311338323,0.8422622054745283,0.1788807062267664,0.0,265.575,0.0779501624311729,,,,,,,,,
GUJ_MEHSANA_2020_2021,wheat,Rabi,early_vegetative,early_vegetative,2020-11-30,2020-12-10,10,20,1,2,10,125,Mehsana,23.588,72.3693,,2020,2021,3389.73,1,available,1.3,17.835714285714282,31.33571428571429,1.3,17.835714285714282,31.33571428571429,32.75,10,516.3000000000001,516.3000000000001,0.8605000000000002,0.3798480453975069,0.3877982486018715,0.393145937598865,0.0329455906694126,0.2559718616996981,0.2588554004619909,0.0220583144075019,0.9048918941588864,0.8410279269036195,0.0736924288374794,1.3,516.3000000000001,0.0329455906694126,0.880794324372944,0.3849419227053033,0.837755705180921,137.38434640984786,174.4864686664782,48.70969892802992,19.0,1.0,auxiliary_external_image_dataset
GUJ_MEHSANA_2020_2021,wheat,Rabi,tillering,tillering,2020-12-10,2020-12-30,20,40,2,3,20,125,Mehsana,23.588,72.3693,,2020,2021,3389.73,1,available,11.15,16.32317073170732,29.08170731707317,11.15,16.32317073170732,29.08170731707317,32.75,10,930.8,930.8,0.7756666666666667,0.4571212765455269,0.3945146262198058,0.4571212765455269,0.0162870090375513,0.3243351147273376,0.2643328791815919,0.0109766092773833,1.020451905604792,1.1059577502392992,0.0476009289575809,11.15,930.8,0.0162870090375513,,,,,,,,,
GUJ_MEHSANA_2020_2021,wheat,Rabi,stem_elongation,stem_elongation,2020-12-30,2021-01-19,40,60,3,4,40,125,Mehsana,23.588,72.3693,,2020,2021,3389.73,1,available,11.75,15.901639344262296,28.63032786885245,11.75,15.901639344262296,28.63032786885245,32.75,10,1358.225,1358.225,0.7545694444444444,0.547025398448287,0.3819418013591648,0.552215582278757,0.0102312099118459,0.3731003381910984,0.2539046475520818,0.0067980579517003,1.5400341595373597,1.5001664346037618,0.0474867986390502,11.75,1358.225,0.0102312099118459,,,,,,,,,
GUJ_MEHSANA_2020_2021,wheat,Rabi,booting_heading,booting_heading,2021-01-19,2021-02-08,60,80,4,5,60,125,Mehsana,23.588,72.3693,,2020,2021,3389.73,1,available,11.75,15.262345679012345,28.36913580246913,11.75,15.262345679012345,28.36913580246913,32.75,10,1767.075,1767.075,0.73628125,0.537858408059994,0.4249206029273361,0.5718792270292583,0.0089908863610875,0.3880983161894362,0.2880170511401126,0.0061710358706133,1.427787709190924,1.4750854673369842,0.0315704186296383,11.75,1767.075,0.0089908863610875,,,,,,,,,
GUJ_MEHSANA_2020_2021,wheat,Rabi,flowering,flowering,2021-02-08,2021-02-23,80,95,5,6,80,125,Mehsana,23.588,72.3693,,2020,2021,3389.73,1,available,11.75,15.434895833333334,28.91510416666667,11.75,15.434895833333334,28.91510416666667,34.0,15,2128.8,2128.8,0.7469473684210527,0.5026051843103857,0.4370609613540705,0.5718792270292583,0.0077147224890808,0.3356199301349951,0.2968490607826018,0.005291377301499,1.1269244546306316,1.4394517052244589,0.0245918496496448,11.75,2128.8,0.0077147224890808,0.667205568343874,0.207148998863766,0.5370890299479166,153.39161512586804,83.38302031017486,45.36198009006561,63.0,1.0,auxiliary_external_image_dataset
GUJ_MEHSANA_2020_2021,wheat,Rabi,grain_filling_initial,grain_filling_initial,2021-02-23,2021-03-05,95,105,6,7,95,125,Mehsana,23.588,72.3693,,2020,2021,3389.73,1,available,11.75,15.770754716981134,29.51556603773585,11.75,15.770754716981134,29.51556603773585,37.45,25,2400.175,2400.175,0.7619603174603176,0.445302737185112,0.4387405657134089,0.5718792270292583,0.0069042181223256,0.299122367213762,0.2973563604296833,0.0047093639637941,0.9544111618317124,1.402596838266439,0.0209247065226213,11.75,2400.175,0.0069042181223256,0.64207763671875,0.2100675723866411,0.538883518528294,155.23204857078758,96.45987870499894,40.98217857979439,185.0,1.0,auxiliary_external_image_dataset
GUJ_MEHSANA_2020_2021,wheat,Rabi,grain_filling,grain_filling,2021-03-05,2021-03-15,105,115,7,8,105,125,Mehsana,23.588,72.3693,,2020,2021,3389.73,1,available,11.75,16.239655172413794,30.124137931034483,11.75,16.239655172413794,30.124137931034483,37.55,35,2689.1000000000004,2689.1000000000004,0.7794492753623189,0.3916529053625703,0.4349992231437044,0.5718792270292583,0.0061179034655879,0.254756031756095,0.293920897205486,0.004145653086322,0.8228529202369655,1.3565382690622012,0.0178000089486902,11.75,2689.1000000000004,0.0061179034655879,0.0612841694294905,0.0121212011134459,0.035730185628939,174.61391897762522,91.87537351976924,38.60734619813807,238.0,1.0,auxiliary_external_image_dataset
GUJ_MEHSANA_2020_2021,wheat,Rabi,maturity_preharvest,maturity_preharvest,2021-03-15,2021-03-25,115,130,8,9,115,125,Mehsana,23.588,72.3693,,2020,2021,3389.73,1,available,11.75,16.728174603174608,30.70555555555556,11.75,16.728174603174608,30.70555555555556,38.0,45,2988.3250000000003,2988.3250000000003,0.7968866666666667,0.3625952827774638,0.4280550929808124,0.5718792270292583,0.0054068123658471,0.2310414825959241,0.2885087209109602,0.0036450272937819,0.7772008245149444,1.317940011195071,0.0154587401113948,11.75,2988.3250000000003,0.0054068123658471,0.0008408979936079,2.9083789590208285e-07,8.322975852272727e-07,168.71288785067472,58.12083906693892,40.56065226468173,55.0,1.0,auxiliary_external_image_dataset
GUJ_MEHSANA_2021_2022,wheat,Rabi,sowing,sowing,2021-11-20,2021-11-30,0,10,0,1,0,125,Mehsana,23.588,72.3693,,2021,2022,3292.8,1,available,0.0,19.64090909090909,32.38181818181818,0.0,19.64090909090909,32.38181818181818,33.45,8,286.12500000000006,286.12500000000006,0.9537500000000002,0.3222072666804468,0.3260929813060628,0.3299786959316788,0.0644414533360893,0.1980952506367834,0.2113663894329454,0.0396190501273566,0.7255031466784051,0.7528436174059511,0.145100629335681,0.0,286.12500000000006,0.0644414533360893,,,,,,,,,
GUJ_MEHSANA_2021_2022,wheat,Rabi,early_vegetative,early_vegetative,2021-11-30,2021-12-10,10,20,1,2,10,125,Mehsana,23.588,72.3693,,2021,2022,3292.8,1,available,10.4,18.75476190476191,29.66428571428571,10.4,18.75476190476191,29.66428571428571,33.45,8,508.4,508.4,0.8473333333333334,0.3083243874503995,0.2927377429655131,0.3299786959316788,0.0238294524661528,0.1902402583868375,0.1865385717696713,0.0147882646492744,0.8681711069846373,0.7039195200942541,0.0601950849256181,10.4,508.4,0.0238294524661528,0.880794324372944,0.3849419227053033,0.837755705180921,137.38434640984786,174.4864686664782,48.70969892802992,19.0,1.0,auxiliary_external_image_dataset
GUJ_MEHSANA_2021_2022,wheat,Rabi,tillering,tillering,2021-12-10,2021-12-30,20,40,2,3,20,125,Mehsana,23.588,72.3693,,2021,2022,3292.8,1,available,22.3,16.615853658536587,28.22439024390244,22.3,16.615853658536587,28.22439024390244,33.45,8,919.225,919.225,0.7660208333333335,0.3322986212451261,0.2923853609072817,0.3496086322147319,0.0135939643193216,0.2221057400286354,0.1869113918398569,0.0086805483413457,0.812085878108337,0.8979232700203055,0.0448673511093023,22.3,919.225,0.0135939643193216,,,,,,,,,
GUJ_MEHSANA_2021_2022,wheat,Rabi,stem_elongation,stem_elongation,2021-12-30,2022-01-19,40,60,3,4,40,125,Mehsana,23.588,72.3693,,2021,2022,3292.8,1,available,25.95,15.708196721311474,27.28688524590164,25.95,15.708196721311474,27.28688524590164,33.45,8,1311.35,1311.35,0.7285277777777779,0.3178226122857149,0.3061221950010558,0.3917708853364571,0.0082442287898349,0.1977926042608164,0.1929848821632385,0.0051545038637728,1.224931966967054,1.1092237585396736,0.0327449617617318,25.95,1311.35,0.0082442287898349,,,,,,,,,
GUJ_MEHSANA_2021_2022,wheat,Rabi,booting_heading,booting_heading,2022-01-19,2022-02-08,60,80,4,5,60,125,Mehsana,23.588,72.3693,,2021,2022,3292.8,1,available,26.75,14.885802469135802,27.08086419753085,26.75,14.885802469135802,27.08086419753085,33.45,8,1699.65,1699.65,0.7081875000000001,0.3866490889977474,0.3180942419826419,0.3997942035097785,0.0063852485453659,0.2586652898158368,0.2032872505672731,0.004106107511993,0.808711004368226,0.3512738435576418,-0.0004957028397908,26.75,1699.65,0.0063852485453659,,,,,,,,,
GUJ_MEHSANA_2021_2022,wheat,Rabi,flowering,flowering,2022-02-08,2022-02-23,80,95,5,6,80,125,Mehsana,23.588,72.3693,,2021,2022,3292.8,1,available,26.75,15.075000000000005,27.60052083333333,26.75,15.075000000000005,27.60052083333333,33.45,12,2048.425,2048.425,0.7187456140350877,0.3497438762760412,0.328320811483232,0.3997942035097785,0.0055662095426791,0.23355175485876,0.2118381736923492,0.003630113318021,0.8509961432545389,0.4378990048378675,0.004015110543549,26.75,2048.425,0.0055662095426791,0.667205568343874,0.207148998863766,0.5370890299479166,153.39161512586804,83.38302031017486,45.36198009006561,63.0,1.0,auxiliary_external_image_dataset
GUJ_MEHSANA_2021_2022,wheat,Rabi,grain_filling_initial,grain_filling_initial,2022-02-23,2022-03-05,95,105,6,7,95,125,Mehsana,23.588,72.3693,,2021,2022,3292.8,1,available,26.75,15.3811320754717,28.149056603773584,26.75,15.3811320754717,28.149056603773584,34.3,22,2307.1000000000004,2307.1000000000004,0.7324126984126985,0.3496214553380258,0.3303943922233792,0.3997942035097785,0.0050298285191458,0.2252919523584762,0.2132452992438458,0.0032754354794649,0.7456707462180336,0.4677541509385114,0.0049689065612801,26.75,2307.1000000000004,0.0050298285191458,0.64207763671875,0.2100675723866411,0.538883518528294,155.23204857078758,96.45987870499894,40.98217857979439,185.0,1.0,auxiliary_external_image_dataset
GUJ_MEHSANA_2021_2022,wheat,Rabi,grain_filling,grain_filling,2022-03-05,2022-03-15,105,115,7,8,105,125,Mehsana,23.588,72.3693,,2021,2022,3292.8,1,available,26.75,15.809051724137932,28.890517241379307,26.75,15.809051724137932,28.890517241379307,40.0,32,2592.5750000000003,2592.5750000000003,0.7514710144927537,0.3223456626579482,0.3239447032794487,0.3997942035097785,0.0043868064659101,0.2018133028012732,0.2085596855985534,0.0028400095998276,0.6843792599288098,0.4694225538933324,0.0048685148324255,26.75,2592.5750000000003,0.0043868064659101,0.0612841694294905,0.0121212011134459,0.035730185628939,174.61391897762522,91.87537351976924,38.60734619813807,238.0,1.0,auxiliary_external_image_dataset
GUJ_MEHSANA_2021_2022,wheat,Rabi,maturity_preharvest,maturity_preharvest,2022-03-15,2022-03-25,115,130,8,9,115,125,Mehsana,23.588,72.3693,,2021,2022,3292.8,1,available,26.75,16.44047619047619,29.68055555555556,26.75,16.44047619047619,29.68055555555556,40.4,42,2905.625,2905.625,0.7748333333333334,0.2703094435404982,0.3212452198916022,0.3997942035097785,0.0039516197101958,0.173264718439346,0.2065148852684355,0.0025492335715736,0.4348600775521267,0.4757043627190416,0.0048106839348491,26.75,2905.625,0.0039516197101958,0.0008408979936079,2.9083789590208285e-07,8.322975852272727e-07,168.71288785067472,58.12083906693892,40.56065226468173,55.0,1.0,auxiliary_external_image_dataset
GUJ_MEHSANA_2022_2023,wheat,Rabi,sowing,sowing,2022-11-20,2022-11-30,0,10,0,1,0,125,Mehsana,23.588,72.3693,,2022,2023,3169.33,1,available,0.0,16.804545454545455,30.53636363636364,0.0,16.804545454545455,30.53636363636364,31.1,0,260.375,260.375,0.8679166666666667,0.2905648672696629,0.2888282259722782,0.2905648672696629,0.0581129734539325,0.1937179182820945,0.1864830404838539,0.0387435836564189,0.7002730799795321,0.6730871228250079,0.1400546159959064,0.0,260.375,0.0581129734539325,,,,,,,,,
GUJ_MEHSANA_2022_2023,wheat,Rabi,early_vegetative,early_vegetative,2022-11-30,2022-12-10,10,20,1,2,10,125,Mehsana,23.588,72.3693,,2022,2023,3169.33,1,available,0.0,16.926190476190477,30.37380952380952,0.0,16.926190476190477,30.37380952380952,31.1,0,496.65,496.65,0.8277500000000001,0.3077002548858602,0.3060519701719277,0.3388511738572944,0.0270195425663118,0.2004408231707031,0.1966196667336983,0.0174454844769566,0.7071576146650886,0.6927111391481644,0.06081101880757,0.0,496.65,0.0270195425663118,0.880794324372944,0.3849419227053033,0.837755705180921,137.38434640984786,174.4864686664782,48.70969892802992,19.0,1.0,auxiliary_external_image_dataset
GUJ_MEHSANA_2022_2023,wheat,Rabi,tillering,tillering,2022-12-10,2022-12-30,20,40,2,3,20,125,Mehsana,23.588,72.3693,,2022,2023,3169.33,1,available,0.05,17.309756097560978,30.387804878048783,0.05,17.309756097560978,30.387804878048783,32.8,5,977.8,977.8,0.8148333333333333,0.3404056267193767,0.3013095469398548,0.3404056267193767,0.0122633011435341,0.2296180449823651,0.1913725764225035,0.0078454452268144,0.763239805750847,0.6875354970975932,0.0279506204014202,0.05,977.8,0.0122633011435341,,,,,,,,,
GUJ_MEHSANA_2022_2023,wheat,Rabi,stem_elongation,stem_elongation,2022-12-30,2023-01-19,40,60,3,4,40,125,Mehsana,23.588,72.3693,,2022,2023,3169.33,1,available,0.05,16.23852459016393,29.450000000000003,0.05,16.23852459016393,29.450000000000003,32.8,5,1393.5,1393.5,0.7741666666666667,0.3780441309049302,0.2992561069014497,0.3780441309049302,0.0078200494835389,0.2560045466037891,0.190596139805055,0.0050183746652457,0.9545555228806344,0.6262841828529344,0.0151246563221251,0.05,1393.5,0.0078200494835389,,,,,,,,,
GUJ_MEHSANA_2022_2023,wheat,Rabi,booting_heading,booting_heading,2023-01-19,2023-02-08,60,80,4,5,60,125,Mehsana,23.588,72.3693,,2022,2023,3169.33,1,available,4.2,15.732716049382717,29.22407407407407,4.2,15.732716049382717,29.22407407407407,32.8,5,1820.75,1820.75,0.7586458333333334,0.3730462480539933,0.31825673216096,0.3934985230414864,0.0064645167140677,0.2509380446949419,0.2054824229674299,0.0042291449136354,0.964750671064026,0.7049246635918978,0.014384012979452,4.2,1820.75,0.0064645167140677,,,,,,,,,
GUJ_MEHSANA_2022_2023,wheat,Rabi,flowering,flowering,2023-02-08,2023-02-23,80,95,5,6,80,125,Mehsana,23.588,72.3693,,2022,2023,3169.33,1,available,4.2,15.914583333333336,30.03229166666667,4.2,15.914583333333336,30.03229166666667,36.95,18,2205.45,2205.45,0.7738421052631578,0.3573044333218227,0.3267803257430127,0.3934985230414864,0.0055990087236733,0.2430972358918236,0.2137968771266712,0.0037337993625972,0.8412136763165146,0.7373721823019155,0.0128546840495578,4.2,2205.45,0.0055990087236733,0.667205568343874,0.207148998863766,0.5370890299479166,153.39161512586804,83.38302031017486,45.36198009006561,63.0,1.0,auxiliary_external_image_dataset
GUJ_MEHSANA_2022_2023,wheat,Rabi,grain_filling_initial,grain_filling_initial,2023-02-23,2023-03-05,95,105,6,7,95,125,Mehsana,23.588,72.3693,,2022,2023,3169.33,1,available,4.2,16.277358490566037,30.62688679245283,4.2,16.277358490566037,30.62688679245283,38.55,28,2485.925,2485.925,0.7891825396825396,0.3528932322323545,0.3296238541956012,0.3934985230414864,0.005083390972417,0.2169234368369556,0.2153818435234841,0.0033690955148827,0.7034098048520349,0.7425609862032578,0.0115920925987141,4.2,2485.925,0.005083390972417,0.64207763671875,0.2100675723866411,0.538883518528294,155.23204857078758,96.45987870499894,40.98217857979439,185.0,1.0,auxiliary_external_image_dataset
GUJ_MEHSANA_2022_2023,wheat,Rabi,grain_filling,grain_filling,2023-03-05,2023-03-15,105,115,7,8,105,125,Mehsana,23.588,72.3693,,2022,2023,3169.33,1,available,4.45,16.710344827586205,31.09568965517241,4.45,16.710344827586205,31.09568965517241,38.55,38,2772.7500000000005,2772.7500000000005,0.8036956521739131,0.1388341134733321,0.3220751527662726,0.3934985230414864,0.004389126411252,0.0802094260828129,0.2091983174441841,0.0028714690063944,-0.1208790084981069,0.7110962705794238,0.0096029382638879,4.45,2772.7500000000005,0.004389126411252,0.0612841694294905,0.0121212011134459,0.035730185628939,174.61391897762522,91.87537351976924,38.60734619813807,238.0,1.0,auxiliary_external_image_dataset
GUJ_MEHSANA_2022_2023,wheat,Rabi,maturity_preharvest,maturity_preharvest,2023-03-15,2023-03-25,115,130,8,9,115,125,Mehsana,23.588,72.3693,,2022,2023,3169.33,1,available,17.3,17.059523809523807,31.258730158730167,17.3,17.059523809523807,31.258730158730167,38.55,47,3044.0500000000006,3044.0500000000006,0.8117466666666668,0.3185345636143886,0.3224956489304169,0.3934985230414864,0.0040269163485205,0.1988659134451187,0.2089732202886905,0.0026195380427674,0.7642055976185912,0.7167492826418215,0.0089363620219357,17.3,3044.0500000000006,0.0040269163485205,0.0008408979936079,2.9083789590208285e-07,8.322975852272727e-07,168.71288785067472,58.12083906693892,40.56065226468173,55.0,1.0,auxiliary_external_image_dataset
GUJ_MEHSANA_2023_2024,wheat,Rabi,sowing,sowing,2023-11-20,2023-11-30,0,10,0,1,0,126,Mehsana,23.588,72.3693,,2023,2024,3255.21,1,available,47.95,19.168181818181814,29.922727272727272,47.95,19.168181818181814,29.922727272727272,33.0,4,269.99999999999994,269.99999999999994,0.8999999999999998,0.3104261308051811,0.315521203350931,0.3206162758966809,0.0620852261610362,0.1943205466560731,0.2092318678744673,0.0388641093312146,0.807829607729211,0.7928002759365488,0.1615659215458422,47.95,269.99999999999994,0.0620852261610362,,,,,,,,,
GUJ_MEHSANA_2023_2024,wheat,Rabi,early_vegetative,early_vegetative,2023-11-30,2023-12-10,10,20,1,2,10,126,Mehsana,23.588,72.3693,,2023,2024,3255.21,1,available,54.49999999999999,18.897619047619045,28.85952380952381,54.49999999999999,18.897619047619045,28.85952380952381,33.0,4,501.4500000000001,501.4500000000001,0.8357500000000001,0.342508562299024,0.2844859229705482,0.342508562299024,0.0238105323352123,0.2142065455646589,0.1799832495214713,0.0144495088127804,0.8847223431232077,0.7089091773019746,0.0598946323646003,54.49999999999999,501.4500000000001,0.0238105323352123,0.880794324372944,0.3849419227053033,0.837755705180921,137.38434640984786,174.4864686664782,48.70969892802992,19.0,1.0,auxiliary_external_image_dataset
GUJ_MEHSANA_2023_2024,wheat,Rabi,tillering,tillering,2023-12-10,2023-12-30,20,40,2,3,20,126,Mehsana,23.588,72.3693,,2023,2024,3255.21,1,available,54.5,17.775609756097563,28.71951219512195,54.5,17.775609756097563,28.71951219512195,33.0,4,953.15,953.15,0.7942916666666666,0.2864699500323214,0.3075584769794982,0.3692484563798148,0.0126932297558736,0.1771724488529011,0.1972471908624191,0.0080950022049853,1.0755907409935268,0.8554830043277731,0.0373203769989691,54.5,953.15,0.0126932297558736,,,,,,,,,
GUJ_MEHSANA_2023_2024,wheat,Rabi,stem_elongation,stem_elongation,2023-12-30,2024-01-19,40,60,3,4,40,126,Mehsana,23.588,72.3693,,2023,2024,3255.21,1,available,54.55,16.878688524590167,28.245081967213117,54.55,16.878688524590167,28.245081967213117,33.0,4,1376.275,1376.275,0.7645972222222223,0.3788188928198057,0.3032518389490119,0.3909141486651584,0.0081266981260794,0.2396580279885114,0.1926113191453249,0.0051254465992675,0.8716238714328375,0.8111638157906539,0.0216281204073028,54.55,1376.275,0.0081266981260794,,,,,,,,,
GUJ_MEHSANA_2023_2024,wheat,Rabi,booting_heading,booting_heading,2024-01-19,2024-02-08,60,80,4,5,60,126,Mehsana,23.588,72.3693,,2023,2024,3255.21,1,available,54.55,16.448765432098767,28.335185185185185,54.55,16.448765432098767,28.335185185185185,33.0,5,1813.75,1813.75,0.7557291666666667,0.3485107914160103,0.3157661376475857,0.3984406317548744,0.0063774358850461,0.2099167036414424,0.2009164871714637,0.004037951712087,0.7868539272313674,0.8560302678424347,0.0173585396567357,54.55,1813.75,0.0063774358850461,,,,,,,,,
GUJ_MEHSANA_2023_2024,wheat,Rabi,flowering,flowering,2024-02-08,2024-02-23,80,95,5,6,80,126,Mehsana,23.588,72.3693,,2023,2024,3255.21,1,available,54.55,16.703645833333333,28.75677083333333,54.55,16.703645833333333,28.75677083333333,34.5,10,2182.1,2182.1,0.7656491228070175,0.3273775189971109,0.3183647488718878,0.3984406317548744,0.0053569905895995,0.2109944051953165,0.2034799812620089,0.0034235131223934,0.9837450613765328,0.8892939378320044,0.0153316060318702,54.55,2182.1,0.0053569905895995,0.667205568343874,0.207148998863766,0.5370890299479166,153.39161512586804,83.38302031017486,45.36198009006561,63.0,1.0,auxiliary_external_image_dataset
GUJ_MEHSANA_2023_2024,wheat,Rabi,grain_filling_initial,grain_filling_initial,2024-02-23,2024-03-04,95,105,6,7,95,126,Mehsana,23.588,72.3693,,2023,2024,3255.21,1,available,58.0,16.8438679245283,29.04764150943397,58.0,16.8438679245283,29.04764150943397,36.65,15,2432.2500000000005,2432.2500000000005,0.7721428571428572,0.2410827983654738,0.3019478389338175,0.3984406317548744,0.004339934631187,0.1461998003963599,0.1918975142880807,0.002742716421003,0.0231884068349204,0.7982430255216686,0.0110912076403274,58.0,2432.2500000000005,0.004339934631187,0.64207763671875,0.2100675723866411,0.538883518528294,155.23204857078758,96.45987870499894,40.98217857979439,185.0,1.0,auxiliary_external_image_dataset
GUJ_MEHSANA_2023_2024,wheat,Rabi,grain_filling,grain_filling,2024-03-04,2024-03-14,105,115,7,8,105,126,Mehsana,23.588,72.3693,,2023,2024,3255.21,1,available,58.0,16.932327586206892,29.37456896551724,58.0,16.932327586206892,29.37456896551724,36.65,22,2685.8,2685.8,0.7784927536231885,0.333196673128916,0.3048777314866975,0.3984406317548744,0.0040425931999433,0.207935790332192,0.1926432840967305,0.0025288969090594,0.7660028952060024,0.7921017674138767,0.010038725266917,58.0,2685.8,0.0040425931999433,0.0612841694294905,0.0121212011134459,0.035730185628939,174.61391897762522,91.87537351976924,38.60734619813807,238.0,1.0,auxiliary_external_image_dataset
GUJ_MEHSANA_2023_2024,wheat,Rabi,maturity_preharvest,maturity_preharvest,2024-03-14,2024-03-25,115,130,8,9,115,126,Mehsana,23.588,72.3693,,2023,2024,3255.21,1,available,58.0,17.264960629921262,30.013385826771653,58.0,17.264960629921262,30.013385826771653,38.5,33,3002.175,3002.175,0.7942261904761905,0.3245736102161716,0.3058107494122982,0.3984406317548744,0.0037385159401938,0.2051475647397701,0.1934685742307045,0.0023480448697807,0.7617591560338295,0.785212070323463,0.0091314970028504,58.0,3002.175,0.0037385159401938,0.0008408979936079,2.9083789590208285e-07,8.322975852272727e-07,168.71288785067472,58.12083906693892,40.56065226468173,55.0,1.0,auxiliary_external_image_dataset
GUJ_MORBI_2020_2021,wheat,Rabi,sowing,sowing,2020-11-20,2020-11-30,0,10,0,1,0,125,Morbi,,,,2020,2021,3003.39,1,available,0.0,16.200000000000003,29.5,0.0,16.200000000000003,29.5,32.2,1,251.35,251.35,0.8378333333333333,0.1096699764646705,0.1197536581944446,0.1298373399242188,0.0219339952929341,0.0461458808297084,0.0624006715971294,0.0092291761659416,0.3871989961639086,0.4064157663722415,0.0774397992327817,0.0,251.35,0.0219339952929341,,,,,,,,,
GUJ_MORBI_2020_2021,wheat,Rabi,early_vegetative,early_vegetative,2020-11-30,2020-12-10,10,20,1,2,10,125,Morbi,,,,2020,2021,3003.39,1,available,0.0,16.990476190476194,30.795238095238098,0.0,16.990476190476194,30.795238095238098,32.5,10,501.75,501.75,0.8362499999999999,0.109188616476977,0.1171553749097603,0.1298373399242188,0.0096726708491707,0.0470907129934955,0.0542495403712253,0.0039661461486355,0.348131173194708,0.3682399799925165,0.0293655277687111,0.0,501.75,0.0096726708491707,0.880794324372944,0.3849419227053033,0.837755705180921,137.38434640984786,174.4864686664782,48.70969892802992,19.0,1.0,auxiliary_external_image_dataset
GUJ_MORBI_2020_2021,wheat,Rabi,tillering,tillering,2020-12-10,2020-12-30,20,40,2,3,20,125,Morbi,,,,2020,2021,3003.39,1,available,0.0,15.217073170731709,28.863414634146345,0.0,15.217073170731709,28.863414634146345,32.5,10,903.65,903.65,0.7530416666666666,0.1109877542087254,0.106359854771369,0.1298373399242188,0.0040911793013914,0.0483266604279088,0.0497607459837832,0.0019064713254964,0.327737878961976,0.3525739750160819,0.0137926813001544,0.0,903.65,0.0040911793013914,,,,,,,,,
GUJ_MORBI_2020_2021,wheat,Rabi,stem_elongation,stem_elongation,2020-12-30,2021-01-19,40,60,3,4,40,125,Morbi,,,,2020,2021,3003.39,1,available,0.0,14.175409836065574,28.14262295081967,0.0,14.175409836065574,28.14262295081967,32.5,10,1290.7,1290.7,0.7170555555555556,0.1235748854601627,0.0978669319085848,0.130604704853658,0.0023303129902468,0.0550980400784735,0.0453654287276182,0.0010603632599949,0.2697687202538237,0.339644245102535,0.0083111741153323,0.0,1290.7,0.0023303129902468,,,,,,,,,
GUJ_MORBI_2020_2021,wheat,Rabi,booting_heading,booting_heading,2021-01-19,2021-02-08,60,80,4,5,60,125,Morbi,,,,2020,2021,3003.39,1,available,0.0,13.88148148148148,28.30987654320988,0.0,13.88148148148148,28.30987654320988,32.5,10,1708.75,1708.75,0.7119791666666667,0.1180638115672545,0.1038619618404199,0.130604704853658,0.0020115511272932,0.0585681403833916,0.0510254575195609,0.0010234779884008,0.3333906885600218,0.3366060329438104,0.0062467472535623,0.0,1708.75,0.0020115511272932,,,,,,,,,
GUJ_MORBI_2020_2021,wheat,Rabi,flowering,flowering,2021-02-08,2021-02-23,80,95,5,6,80,125,Morbi,,,,2020,2021,3003.39,1,available,0.0,14.354166666666666,28.95833333333333,0.0,14.354166666666666,28.95833333333333,34.4,21,2079.0,2079.0,0.7294736842105263,0.1283777090732013,0.1054966030014588,0.130604704853658,0.0017377802497546,0.0643026354991163,0.0523053446113196,0.0008880252880239,0.3059036970013178,0.3370082380999606,0.0053060044958391,0.0,2079.0,0.0017377802497546,0.667205568343874,0.207148998863766,0.5370890299479166,153.39161512586804,83.38302031017486,45.36198009006561,63.0,1.0,auxiliary_external_image_dataset
GUJ_MORBI_2020_2021,wheat,Rabi,grain_filling_initial,grain_filling_initial,2021-02-23,2021-03-05,95,105,6,7,95,125,Morbi,,,,2020,2021,3003.39,1,available,0.0,14.788679245283015,29.50943396226415,0.0,14.788679245283015,29.50943396226415,37.3,31,2347.8,2347.8,0.7453333333333333,0.1337447886844287,0.1080440786532941,0.1337447886844287,0.0016365122802428,0.079469551601593,0.0538376255178111,0.0008392111073682,0.3491834971711704,0.334837538253896,0.0047554846491298,0.0,2347.8,0.0016365122802428,0.64207763671875,0.2100675723866411,0.538883518528294,155.23204857078758,96.45987870499894,40.98217857979439,185.0,1.0,auxiliary_external_image_dataset
GUJ_MORBI_2020_2021,wheat,Rabi,grain_filling,grain_filling,2021-03-05,2021-03-15,105,115,7,8,105,125,Morbi,,,,2020,2021,3003.39,1,available,0.0,15.319827586206896,30.08620689655172,0.0,15.319827586206896,30.08620689655172,37.3,41,2633.5500000000006,2633.5500000000006,0.7633478260869567,0.117003287103881,0.1088321542960152,0.1337447886844287,0.0015030011250309,0.0551285925363912,0.0537532892519829,0.0007545851825361,0.3051141236927701,0.3322241459024718,0.0042870738835115,0.0,2633.5500000000006,0.0015030011250309,0.0612841694294905,0.0121212011134459,0.035730185628939,174.61391897762522,91.87537351976924,38.60734619813807,238.0,1.0,auxiliary_external_image_dataset
GUJ_MORBI_2020_2021,wheat,Rabi,maturity_preharvest,maturity_preharvest,2021-03-15,2021-03-25,115,130,8,9,115,125,Morbi,,,,2020,2021,3003.39,1,available,0.0,15.845238095238091,30.6468253968254,0.0,15.845238095238091,30.6468253968254,38.3,51,2929.0000000000005,2929.0000000000005,0.7810666666666668,0.1172688751178921,0.1097890265733419,0.1337447886844287,0.0013956406481493,0.0580201657839185,0.0542231570238611,0.0006987387460746,0.2626563542621838,0.3269803898092646,0.0038317156837475,0.0,2929.0000000000005,0.0013956406481493,0.0008408979936079,2.9083789590208285e-07,8.322975852272727e-07,168.71288785067472,58.12083906693892,40.56065226468173,55.0,1.0,auxiliary_external_image_dataset
GUJ_MORBI_2021_2022,wheat,Rabi,sowing,sowing,2021-11-20,2021-11-30,0,10,0,1,0,125,Morbi,,,,2021,2022,3580.21,1,available,0.0,18.89090909090909,31.172727272727272,0.0,18.89090909090909,31.172727272727272,32.5,2,275.35,275.35,0.9178333333333334,0.1313399131350457,0.0983802870177639,0.1313399131350457,0.0262679826270091,0.0682849024949989,0.0389483110080279,0.0136569804989997,0.357202468619659,0.4876001426390516,0.0714404937239318,0.0,275.35,0.0262679826270091,,,,,,,,,
GUJ_MORBI_2021_2022,wheat,Rabi,early_vegetative,early_vegetative,2021-11-30,2021-12-10,10,20,1,2,10,125,Morbi,,,,2021,2022,3580.21,1,available,0.0,17.98095238095238,29.35714285714285,0.0,17.98095238095238,29.35714285714285,32.5,2,497.05,497.05,0.8284166666666667,0.1342960160093717,0.1103521966816331,0.1342960160093717,0.0106845592232632,0.0692014337401515,0.0490326852520691,0.005517784074309,0.3387827884849746,0.4379943579210259,0.0274710166814916,0.0,497.05,0.0106845592232632,0.880794324372944,0.3849419227053033,0.837755705180921,137.38434640984786,174.4864686664782,48.70969892802992,19.0,1.0,auxiliary_external_image_dataset
GUJ_MORBI_2021_2022,wheat,Rabi,tillering,tillering,2021-12-10,2021-12-30,20,40,2,3,20,125,Morbi,,,,2021,2022,3580.21,1,available,0.6,15.853658536585366,27.729268292682928,0.6,15.853658536585366,27.729268292682928,32.5,2,893.45,893.45,0.7445416666666667,0.0238026637374493,0.1040254781303484,0.1348475138068013,0.0037663120493288,-0.0177104814450679,0.0465145054101168,0.0016798178920951,-0.070701509410964,0.3111435901845396,0.0083074657372597,0.6,893.45,0.0037663120493288,,,,,,,,,
GUJ_MORBI_2021_2022,wheat,Rabi,stem_elongation,stem_elongation,2021-12-30,2022-01-19,40,60,3,4,40,125,Morbi,,,,2021,2022,3580.21,1,available,8.0,14.968852459016391,26.834426229508207,8.0,14.968852459016391,26.834426229508207,32.5,2,1275.0000000000002,1275.0000000000002,0.7083333333333335,0.1141338013176406,0.1074794021651631,0.1455432005928618,0.0028349194283115,0.0658107910997329,0.049680817560717,0.001356325572249,0.4598284619158266,0.338613179651107,0.0082062977936309,8.0,1275.0000000000002,0.0028349194283115,,,,,,,,,
GUJ_MORBI_2021_2022,wheat,Rabi,booting_heading,booting_heading,2022-01-19,2022-02-08,60,80,4,5,60,125,Morbi,,,,2021,2022,3580.21,1,available,8.8,14.639506172839504,26.806172839506168,8.8,14.639506172839504,26.806172839506168,32.5,2,1678.5500000000002,1678.5500000000002,0.6993958333333334,0.1303049674699505,0.1135178678759964,0.1455432005928618,0.0022420073709537,0.0786047135873537,0.0539374439959488,0.0011090211685079,0.3056942689541364,0.327842828245996,0.005817566530912,8.8,1678.5500000000002,0.0022420073709537,,,,,,,,,
GUJ_MORBI_2021_2022,wheat,Rabi,flowering,flowering,2022-02-08,2022-02-23,80,95,5,6,80,125,Morbi,,,,2021,2022,3580.21,1,available,8.8,14.826041666666669,27.340625,8.8,14.826041666666669,27.340625,32.5,7,2024.0,2024.0,0.7101754385964912,0.1304105944180304,0.1121949104530091,0.1455432005928618,0.0018209332222217,0.0609049299658733,0.0527388309426667,0.0008748894148779,0.2720807278418918,0.3053839997679578,0.0043565806072681,8.8,2024.0,0.0018209332222217,0.667205568343874,0.207148998863766,0.5370890299479166,153.39161512586804,83.38302031017486,45.36198009006561,63.0,1.0,auxiliary_external_image_dataset
GUJ_MORBI_2021_2022,wheat,Rabi,grain_filling_initial,grain_filling_initial,2022-02-23,2022-03-05,95,105,6,7,95,125,Morbi,,,,2021,2022,3580.21,1,available,8.8,15.114150943396226,27.869811320754717,8.8,15.114150943396226,27.869811320754717,34.0,16,2278.15,2278.15,0.7232222222222221,0.1190277080183252,0.1131726052543252,0.1455432005928618,0.001663427385091,0.0582548744777766,0.0537883079209242,0.0008111362670028,0.2996515994963989,0.3049447846562203,0.0040096432804951,8.8,2278.15,0.001663427385091,0.64207763671875,0.2100675723866411,0.538883518528294,155.23204857078758,96.45987870499894,40.98217857979439,185.0,1.0,auxiliary_external_image_dataset
GUJ_MORBI_2021_2022,wheat,Rabi,grain_filling,grain_filling,2022-03-05,2022-03-15,105,115,7,8,105,125,Morbi,,,,2021,2022,3580.21,1,available,8.8,15.572413793103449,28.617241379310343,8.8,15.572413793103449,28.617241379310343,39.3,26,2563.0000000000005,2563.0000000000005,0.7428985507246378,0.1218174362079159,0.1136058374706251,0.1455432005928618,0.001521797768284,0.0525564610269489,0.0546908996238403,0.0007549747090407,0.2801792103858894,0.2992513855403652,0.0035801268914689,8.8,2563.0000000000005,0.001521797768284,0.0612841694294905,0.0121212011134459,0.035730185628939,174.61391897762522,91.87537351976924,38.60734619813807,238.0,1.0,auxiliary_external_image_dataset
GUJ_MORBI_2021_2022,wheat,Rabi,maturity_preharvest,maturity_preharvest,2022-03-15,2022-03-25,115,130,8,9,115,125,Morbi,,,,2021,2022,3580.21,1,available,8.8,16.062698412698413,29.38253968253969,8.8,16.062698412698413,29.38253968253969,39.6,36,2863.05,2863.05,0.76348,0.1241362175547425,0.1143213318894642,0.1455432005928618,0.0014105025915031,0.0627689481205239,0.0554623825480672,0.000705771366581,0.3053415219436662,0.2991982667987122,0.0033418134695416,8.8,2863.05,0.0014105025915031,0.0008408979936079,2.9083789590208285e-07,8.322975852272727e-07,168.71288785067472,58.12083906693892,40.56065226468173,55.0,1.0,auxiliary_external_image_dataset
GUJ_MORBI_2022_2023,wheat,Rabi,sowing,sowing,2022-11-20,2022-11-30,0,10,0,1,0,125,Morbi,,,,2022,2023,3514.86,1,available,0.0,16.663636363636364,31.272727272727277,0.0,16.663636363636364,31.272727272727277,32.0,1,263.65000000000003,263.65000000000003,0.8788333333333335,0.1398793534320866,0.1197115408861531,0.1398793534320866,0.0279758706864173,0.0711218952421259,0.0600398389325465,0.0142243790484251,0.2930356073238369,0.3403206532956068,0.0586071214647673,0.0,263.65000000000003,0.0279758706864173,,,,,,,,,
GUJ_MORBI_2022_2023,wheat,Rabi,early_vegetative,early_vegetative,2022-11-30,2022-12-10,10,20,1,2,10,125,Morbi,,,,2022,2023,3514.86,1,available,0.0,16.304761904761904,30.74285714285714,0.0,16.304761904761904,30.74285714285714,32.0,1,494.00000000000006,494.00000000000006,0.8233333333333335,0.1184523850462554,0.1163213556736719,0.1398793534320866,0.0101436631474729,0.0594915753919575,0.0588378602154902,0.0051593856661117,0.3878692340755674,0.3947201527431026,0.0353911921451685,0.0,494.00000000000006,0.0101436631474729,0.880794324372944,0.3849419227053033,0.837755705180921,137.38434640984786,174.4864686664782,48.70969892802992,19.0,1.0,auxiliary_external_image_dataset
GUJ_MORBI_2022_2023,wheat,Rabi,tillering,tillering,2022-12-10,2022-12-30,20,40,2,3,20,125,Morbi,,,,2022,2023,3514.86,1,available,0.6,16.387804878048783,30.27317073170732,0.6,16.387804878048783,30.27317073170732,33.0,6,956.55,956.55,0.797125,0.1133504763743879,0.1131737472989778,0.1398793534320866,0.0044919001516648,0.057783829769851,0.0534583933371188,0.0020424661428844,0.3421325557370788,0.3695417561368915,0.014249514998165,0.6,956.55,0.0044919001516648,,,,,,,,,
GUJ_MORBI_2022_2023,wheat,Rabi,stem_elongation,stem_elongation,2022-12-30,2023-01-19,40,60,3,4,40,125,Morbi,,,,2022,2023,3514.86,1,available,0.6,15.454098360655736,29.308196721311475,0.6,15.454098360655736,29.308196721311475,33.0,6,1365.25,1365.25,0.7584722222222222,0.1371505890021044,0.1174319187047377,0.1398793534320866,0.0031376313516338,0.0761039810920473,0.0572727170261059,0.0015401408645162,0.3045519568784391,0.3537928299144616,0.0087384129504424,0.6,1365.25,0.0031376313516338,,,,,,,,,
GUJ_MORBI_2022_2023,wheat,Rabi,booting_heading,booting_heading,2023-01-19,2023-02-08,60,80,4,5,60,125,Morbi,,,,2022,2023,3514.86,1,available,2.0,14.955555555555554,28.85555555555555,2.0,14.955555555555554,28.85555555555555,33.0,6,1774.35,1774.35,0.7393124999999999,0.1164088719646413,0.1195220158067093,0.1408821650692869,0.0023763693714411,0.0595251147643288,0.0587636836785966,0.0011814406865733,0.2865651723639528,0.344085722153228,0.0063112104385914,2.0,1774.35,0.0023763693714411,,,,,,,,,
GUJ_MORBI_2022_2023,wheat,Rabi,flowering,flowering,2023-02-08,2023-02-23,80,95,5,6,80,125,Morbi,,,,2022,2023,3514.86,1,available,2.0,15.227083333333333,29.415625,2.0,15.227083333333333,29.415625,35.2,14,2142.85,2142.85,0.7518771929824561,0.1372261784361539,0.1223263310368001,0.1408821650692869,0.0020614475511394,0.0785322612667342,0.0613452714657292,0.0010586856716398,0.3263414940762661,0.339101173814657,0.0052219962192046,2.0,2142.85,0.0020614475511394,0.667205568343874,0.207148998863766,0.5370890299479166,153.39161512586804,83.38302031017486,45.36198009006561,63.0,1.0,auxiliary_external_image_dataset
GUJ_MORBI_2022_2023,wheat,Rabi,grain_filling_initial,grain_filling_initial,2023-02-23,2023-03-05,95,105,6,7,95,125,Morbi,,,,2022,2023,3514.86,1,available,2.0,15.585849056603776,29.92547169811321,2.0,15.585849056603776,29.92547169811321,37.0,24,2412.1,2412.1,0.7657460317460317,0.1197648015035746,0.1225826606297307,0.1408821650692869,0.0018542442728394,0.0612272258139711,0.0613754317840769,0.0009455206910086,0.3544213392203001,0.3381352007716231,0.0047331562948794,2.0,2412.1,0.0018542442728394,0.64207763671875,0.2100675723866411,0.538883518528294,155.23204857078758,96.45987870499894,40.98217857979439,185.0,1.0,auxiliary_external_image_dataset
GUJ_MORBI_2022_2023,wheat,Rabi,grain_filling,grain_filling,2023-03-05,2023-03-15,105,115,7,8,105,125,Morbi,,,,2022,2023,3514.86,1,available,2.6,16.06293103448276,30.382758620689657,2.6,16.06293103448276,30.382758620689657,37.4,34,2693.85,2693.85,0.7808260869565217,0.1294530411625546,0.122734690308608,0.1408821650692869,0.0016843088504745,0.0764006905306604,0.0613650554748665,0.0008546708292009,0.2820806363536275,0.3322291481814177,0.0041924599999584,2.6,2693.85,0.0016843088504745,0.0612841694294905,0.0121212011134459,0.035730185628939,174.61391897762522,91.87537351976924,38.60734619813807,238.0,1.0,auxiliary_external_image_dataset
GUJ_MORBI_2022_2023,wheat,Rabi,maturity_preharvest,maturity_preharvest,2023-03-15,2023-03-25,115,130,8,9,115,125,Morbi,,,,2022,2023,3514.86,1,available,2.7,16.488888888888887,30.580952380952382,2.7,16.488888888888887,30.580952380952382,37.4,41,2965.4,2965.4,0.7907733333333332,0.0996781899947803,0.1223802916585003,0.1408821650692869,0.0015306716391075,0.0501493399303021,0.0605858864819673,0.0007609101512222,1.023214286499872,0.3573535436722912,0.0045022126942575,2.7,2965.4,0.0015306716391075,0.0008408979936079,2.9083789590208285e-07,8.322975852272727e-07,168.71288785067472,58.12083906693892,40.56065226468173,55.0,1.0,auxiliary_external_image_dataset
GUJ_MORBI_2023_2024,wheat,Rabi,sowing,sowing,2023-11-20,2023-11-30,0,10,0,1,0,126,Morbi,,,,2023,2024,3476.32,1,available,12.4,19.37272727272727,30.318181818181817,12.4,19.37272727272727,30.318181818181817,33.8,5,273.3,273.3,0.911,-0.0296377828670697,0.0477627785898055,0.1251633400466808,-0.0059275565734139,-0.0626809203128709,-0.010407372784432,-0.0125361840625741,0.1167692578674647,0.1756379021660057,0.0233538515734929,12.4,273.3,-0.0059275565734139,,,,,,,,,
GUJ_MORBI_2023_2024,wheat,Rabi,early_vegetative,early_vegetative,2023-11-30,2023-12-10,10,20,1,2,10,126,Morbi,,,,2023,2024,3476.32,1,available,14.7,18.53333333333333,29.58571428571428,14.7,18.53333333333333,29.58571428571428,33.8,5,505.25,505.25,0.8420833333333333,0.1080822894248715,0.0678692822014942,0.1251633400466808,0.0074610718393069,0.0453196895289287,0.0081683146533548,0.0011183383497994,0.1503929922387819,0.1672229321902644,0.0167022096938011,14.7,505.25,0.0074610718393069,0.880794324372944,0.3849419227053033,0.837755705180921,137.38434640984786,174.4864686664782,48.70969892802992,19.0,1.0,auxiliary_external_image_dataset
GUJ_MORBI_2023_2024,wheat,Rabi,tillering,tillering,2023-12-10,2023-12-30,20,40,2,3,20,126,Morbi,,,,2023,2024,3476.32,1,available,14.9,17.4390243902439,29.439024390243908,14.9,17.4390243902439,29.439024390243908,33.8,5,961.0,961.0,0.8008333333333333,0.1020465417731164,0.0630569550763458,0.1251633400466808,0.0024025430972535,0.054285464123655,0.0128313266234216,0.0008475641336139,0.3694413707362682,0.1712033063964934,0.0074131054705719,14.9,961.0,0.0024025430972535,,,,,,,,,
GUJ_MORBI_2023_2024,wheat,Rabi,stem_elongation,stem_elongation,2023-12-30,2024-01-19,40,60,3,4,40,126,Morbi,,,,2023,2024,3476.32,1,available,14.9,16.340983606557376,28.83114754098361,14.9,16.340983606557376,28.83114754098361,33.8,5,1377.7500000000005,1377.7500000000005,0.765416666666667,0.0945059070252699,0.0787291819431917,0.1251633400466808,0.0023208937922154,0.0226314174057051,0.022826196702569,0.0008479828346863,0.2523362295654354,0.2123178962104404,0.0064679656939703,14.9,1377.7500000000005,0.0023208937922154,,,,,,,,,
GUJ_MORBI_2023_2024,wheat,Rabi,booting_heading,booting_heading,2024-01-19,2024-02-08,60,80,4,5,60,126,Morbi,,,,2023,2024,3476.32,1,available,14.9,16.382716049382715,29.132098765432108,14.9,16.382716049382715,29.132098765432108,34.1,7,1843.35,1843.35,0.7680625,0.1202439617711444,0.0910982245591141,0.1338735667115208,0.0018866986091927,0.0441201625865529,0.0322917005161297,0.0007744211032974,0.2570172583055194,0.2445834182697674,0.0051136325058467,14.9,1843.35,0.0018866986091927,,,,,,,,,
GUJ_MORBI_2023_2024,wheat,Rabi,flowering,flowering,2024-02-08,2024-02-23,80,95,5,6,80,126,Morbi,,,,2023,2024,3476.32,1,available,15.3,16.564583333333335,29.415624999999995,15.3,16.564583333333335,29.415624999999995,35.4,12,2207.05,2207.05,0.7744035087719299,0.1147201806634726,0.097503516476036,0.1338735667115208,0.0016863540593891,0.0462233967026084,0.0375101249548311,0.0007326049438808,0.29371498840073,0.2540184859344526,0.004354054604875,15.3,2207.05,0.0016863540593891,0.667205568343874,0.207148998863766,0.5370890299479166,153.39161512586804,83.38302031017486,45.36198009006561,63.0,1.0,auxiliary_external_image_dataset
GUJ_MORBI_2023_2024,wheat,Rabi,grain_filling_initial,grain_filling_initial,2024-02-23,2024-03-04,95,105,6,7,95,126,Morbi,,,,2023,2024,3476.32,1,available,22.9,16.669811320754718,29.649056603773587,22.9,16.669811320754718,29.649056603773587,38.0,17,2454.9,2454.9,0.7793333333333333,0.1040401994121321,0.1004056946259708,0.1403038620888317,0.0015620981198024,0.0413427379541216,0.0402281687597504,0.0006996506152915,0.2747307239855273,0.2585390658575008,0.003968667903468,22.9,2454.9,0.0015620981198024,0.64207763671875,0.2100675723866411,0.538883518528294,155.23204857078758,96.45987870499894,40.98217857979439,185.0,1.0,auxiliary_external_image_dataset
GUJ_MORBI_2023_2024,wheat,Rabi,grain_filling,grain_filling,2024-03-04,2024-03-14,105,115,7,8,105,126,Morbi,,,,2023,2024,3476.32,1,available,22.9,16.837068965517243,29.893103448275863,22.9,16.837068965517243,29.893103448275863,38.0,24,2710.35,2710.35,0.7856086956521738,0.0970227933726586,0.1014932329973002,0.1403038620888317,0.0014249979799595,0.0368214007120136,0.0420452013428118,0.0006562250074055,0.2667726507074982,0.2649389905608066,0.0037098189867673,22.9,2710.35,0.0014249979799595,0.0612841694294905,0.0121212011134459,0.035730185628939,174.61391897762522,91.87537351976924,38.60734619813807,238.0,1.0,auxiliary_external_image_dataset
GUJ_MORBI_2023_2024,wheat,Rabi,maturity_preharvest,maturity_preharvest,2024-03-14,2024-03-25,115,130,8,9,115,126,Morbi,,,,2023,2024,3476.32,1,available,22.9,17.233858267716535,30.524409448818894,22.9,17.233858267716535,30.524409448818894,38.8,35,3032.65,3032.65,0.8022883597883597,0.1212110663563336,0.1029771515242182,0.1403038620888317,0.001324680836825,0.0619986440778642,0.043972321121036,0.0006266037099411,0.2929824202287862,0.2686357535648453,0.0034456800556561,22.9,3032.65,0.001324680836825,0.0008408979936079,2.9083789590208285e-07,8.322975852272727e-07,168.71288785067472,58.12083906693892,40.56065226468173,55.0,1.0,auxiliary_external_image_dataset
GUJ_NARMADA_2020_2021,wheat,Rabi,sowing,sowing,2020-11-20,2020-11-30,0,10,0,1,0,125,Narmada,,,,2020,2021,2801.6,1,available,0.0,18.236363636363635,30.46363636363636,0.0,18.236363636363635,30.46363636363636,32.2,1,267.85,267.85,0.8928333333333334,0.6335001721608691,0.6368781681918041,0.640256164222739,0.1267000344321738,0.4252379803776127,0.4228509433240183,0.0850475960755225,2.557625283722071,2.2612432119256267,0.5115250567444142,0.0,267.85,0.1267000344321738,,,,,,,,,
GUJ_NARMADA_2020_2021,wheat,Rabi,early_vegetative,early_vegetative,2020-11-30,2020-12-10,10,20,1,2,10,125,Narmada,,,,2020,2021,2801.6,1,available,0.0,18.04285714285714,31.138095238095243,0.0,18.04285714285714,31.138095238095243,32.2,6,516.4,516.4,0.8606666666666666,0.5960012646603561,0.626688001795497,0.640256164222739,0.0527927539773997,0.3966518991777411,0.4144995487377505,0.0349497499451612,1.839259932769454,1.9565450725924785,0.1572038992789835,0.0,516.4,0.0527927539773997,0.880794324372944,0.3849419227053033,0.837755705180921,137.38434640984786,174.4864686664782,48.70969892802992,19.0,1.0,auxiliary_external_image_dataset
GUJ_NARMADA_2020_2021,wheat,Rabi,tillering,tillering,2020-12-10,2020-12-30,20,40,2,3,20,125,Narmada,,,,2020,2021,2801.6,1,available,32.300000000000004,17.173170731707316,29.143902439024387,32.300000000000004,17.173170731707316,29.143902439024387,32.2,6,949.5,949.5,0.79125,0.5585916796165143,0.59157613749717,0.640256164222739,0.0218453797499017,0.3785727494727323,0.3921774346406179,0.0145255689733439,1.6505194729645518,2.070204845918405,0.0796186286882282,32.300000000000004,949.5,0.0218453797499017,,,,,,,,,
GUJ_NARMADA_2020_2021,wheat,Rabi,stem_elongation,stem_elongation,2020-12-30,2021-01-19,40,60,3,4,40,125,Narmada,,,,2020,2021,2801.6,1,available,45.49999999999999,17.440983606557378,29.00983606557377,45.49999999999999,17.440983606557378,29.00983606557377,32.2,6,1416.7500000000002,1416.7500000000002,0.7870833333333335,0.4765755575032444,0.5366056819578368,0.640256164222739,0.01222064592898,0.28474699726547,0.3487167497942056,0.0077749768149148,1.7845122650803136,1.4419744294662913,0.0252024003106286,45.49999999999999,1416.7500000000002,0.01222064592898,,,,,,,,,
GUJ_NARMADA_2020_2021,wheat,Rabi,booting_heading,booting_heading,2021-01-19,2021-02-08,60,80,4,5,60,125,Narmada,,,,2020,2021,2801.6,1,available,45.49999999999999,16.737037037037037,28.830864197530868,45.49999999999999,16.737037037037037,28.830864197530868,32.2,6,1845.5,1845.5,0.7689583333333333,0.4388591283768587,0.5149542431254821,0.640256164222739,0.0087621643124638,0.2838282687204654,0.3328372496174651,0.0055754117634898,1.1723127437972822,1.409171861377048,0.0215239775113776,45.49999999999999,1845.5,0.0087621643124638,,,,,,,,,
GUJ_NARMADA_2020_2021,wheat,Rabi,flowering,flowering,2021-02-08,2021-02-23,80,95,5,6,80,125,Narmada,,,,2020,2021,2801.6,1,available,45.6,16.802083333333332,29.167708333333334,45.6,16.802083333333332,29.167708333333334,33.1,11,2206.55,2206.55,0.7742280701754387,0.3783870746657592,0.4857675438340061,0.640256164222739,0.0068548902589893,0.2313405232580021,0.3132940508833295,0.0043507552377674,0.7771549413630009,1.238697123072429,0.0143439299464542,45.6,2206.55,0.0068548902589893,0.667205568343874,0.207148998863766,0.5370890299479166,153.39161512586804,83.38302031017486,45.36198009006561,63.0,1.0,auxiliary_external_image_dataset
GUJ_NARMADA_2020_2021,wheat,Rabi,grain_filling_initial,grain_filling_initial,2021-02-23,2021-03-05,95,105,6,7,95,125,Narmada,,,,2020,2021,2801.6,1,available,45.6,17.10471698113208,29.65943396226416,45.6,17.10471698113208,29.65943396226416,36.3,21,2478.5000000000005,2478.5000000000005,0.786825396825397,0.3193145402515034,0.4692140811394993,0.640256164222739,0.0058315547837697,0.2074378634299891,0.3022976057919518,0.0037033364450318,0.6287656515491667,1.1735335655981032,0.0120420093644355,45.6,2478.5000000000005,0.0058315547837697,0.64207763671875,0.2100675723866411,0.538883518528294,155.23204857078758,96.45987870499894,40.98217857979439,185.0,1.0,auxiliary_external_image_dataset
GUJ_NARMADA_2020_2021,wheat,Rabi,grain_filling,grain_filling,2021-03-05,2021-03-15,105,115,7,8,105,125,Narmada,,,,2020,2021,2801.6,1,available,45.6,17.43706896551724,30.15,45.6,17.43706896551724,30.15,36.3,31,2760.05,2760.05,0.8000144927536232,0.2945205085783939,0.4530244226850828,0.640256164222739,0.0050354237916129,0.1862700734897271,0.2916457033496666,0.0031992045822229,0.5351876753070653,1.1134162265902554,0.0102426466432223,45.6,2760.05,0.0050354237916129,0.0612841694294905,0.0121212011134459,0.035730185628939,174.61391897762522,91.87537351976924,38.60734619813807,238.0,1.0,auxiliary_external_image_dataset
GUJ_NARMADA_2020_2021,wheat,Rabi,maturity_preharvest,maturity_preharvest,2021-03-15,2021-03-25,115,130,8,9,115,125,Narmada,,,,2020,2021,2801.6,1,available,45.6,17.763492063492063,30.6452380952381,45.6,17.763492063492063,30.6452380952381,37.0,41,3049.750000000001,3049.750000000001,0.8132666666666669,0.2632104657967485,0.4306491419302384,0.640256164222739,0.0042448771394962,0.1585006299187218,0.2764691709429249,0.0026829588446861,0.5510340974959406,1.0262132063488731,0.0080977224352777,45.6,3049.750000000001,0.0042448771394962,0.0008408979936079,2.9083789590208285e-07,8.322975852272727e-07,168.71288785067472,58.12083906693892,40.56065226468173,55.0,1.0,auxiliary_external_image_dataset
GUJ_NARMADA_2021_2022,wheat,Rabi,sowing,sowing,2021-11-20,2021-11-30,0,10,0,1,0,125,Narmada,,,,2021,2022,2807.79,1,available,0.5,20.1,31.84545454545455,0.5,20.1,31.84545454545455,33.2,5,285.7,285.7,0.9523333333333333,0.6866061663751218,0.6370018141968835,0.6866061663751218,0.1373212332750243,0.4575729600692255,0.4200384293302928,0.0915145920138451,2.105536173811484,3.416807822356436,0.4211072347622968,0.5,285.7,0.1373212332750243,,,,,,,,,
GUJ_NARMADA_2021_2022,wheat,Rabi,early_vegetative,early_vegetative,2021-11-30,2021-12-10,10,20,1,2,10,125,Narmada,,,,2021,2022,2807.79,1,available,29.700000000000003,19.338095238095235,29.58095238095238,29.700000000000003,19.338095238095235,29.58095238095238,33.2,5,513.6500000000001,513.6500000000001,0.8560833333333335,0.3765450479901122,0.4904440427058736,0.6866061663751218,0.0348385185603527,0.2560704622231375,0.3221571543467007,0.0230106705677828,-6.034418995037621,0.3441652905267696,-0.212039882663396,29.700000000000003,513.6500000000001,0.0348385185603527,0.880794324372944,0.3849419227053033,0.837755705180921,137.38434640984786,174.4864686664782,48.70969892802992,19.0,1.0,auxiliary_external_image_dataset
GUJ_NARMADA_2021_2022,wheat,Rabi,tillering,tillering,2021-12-10,2021-12-30,20,40,2,3,20,125,Narmada,,,,2021,2022,2807.79,1,available,30.300000000000004,17.648780487804878,28.49756097560976,30.300000000000004,17.648780487804878,28.49756097560976,33.2,5,946.0,946.0,0.7883333333333333,0.6896880849410417,0.5146494079912319,0.6896880849410417,0.0240924212979051,0.4552373704669109,0.3379496060857496,0.0158221755731484,2.0560951536804257,-0.1851989633058083,-0.043522963451991,30.300000000000004,946.0,0.0240924212979051,,,,,,,,,
GUJ_NARMADA_2021_2022,wheat,Rabi,stem_elongation,stem_elongation,2021-12-30,2022-01-19,40,60,3,4,40,125,Narmada,,,,2021,2022,2807.79,1,available,32.0,16.731147540983606,28.01967213114754,32.0,16.731147540983606,28.01967213114754,33.2,5,1364.9,1364.9,0.7582777777777778,0.590361905354723,0.4954987507867114,0.6896880849410417,0.0126495263617112,0.3515777919569691,0.3197593843406575,0.008037995916579,1.353308753340512,0.6760250490946151,0.0252466430302703,32.0,1364.9,0.0126495263617112,,,,,,,,,
GUJ_NARMADA_2021_2022,wheat,Rabi,booting_heading,booting_heading,2022-01-19,2022-02-08,60,80,4,5,60,125,Narmada,,,,2021,2022,2807.79,1,available,34.400000000000006,16.067901234567902,27.807407407407407,34.400000000000006,16.067901234567902,27.807407407407407,33.2,5,1776.9499999999998,1776.9499999999998,0.7403958333333333,0.4807958296212935,0.4982799969193678,0.6896880849410417,0.0094368535676559,0.3045042865193975,0.3190742464842168,0.0059587039993142,0.9268916282316662,0.9337826854296952,0.0240505463432171,34.400000000000006,1776.9499999999998,0.0094368535676559,,,,,,,,,
GUJ_NARMADA_2021_2022,wheat,Rabi,flowering,flowering,2022-02-08,2022-02-23,80,95,5,6,80,125,Narmada,,,,2021,2022,2807.79,1,available,34.400000000000006,16.0625,28.33750000000001,34.400000000000006,16.0625,28.33750000000001,34.8,11,2131.2,2131.2,0.7477894736842104,0.4113912698289838,0.486517196591416,0.6896880849410417,0.0075692484085536,0.2633257410261815,0.3106432989636046,0.0047712012625807,0.8942805597705719,0.9412052745123664,0.0187216999208421,34.400000000000006,2131.2,0.0075692484085536,0.667205568343874,0.207148998863766,0.5370890299479166,153.39161512586804,83.38302031017486,45.36198009006561,63.0,1.0,auxiliary_external_image_dataset
GUJ_NARMADA_2021_2022,wheat,Rabi,grain_filling_initial,grain_filling_initial,2022-02-23,2022-03-05,95,105,6,7,95,125,Narmada,,,,2021,2022,2807.79,1,available,34.400000000000006,16.288679245283017,28.893396226415096,34.400000000000006,16.288679245283017,28.893396226415096,35.0,21,2394.65,2394.65,0.7602063492063492,0.3581234281916649,0.4744060983508867,0.6896880849410417,0.006537172504457,0.2241942417161469,0.3020427927903158,0.0041051981751907,0.6171943146824634,0.9108592173949834,0.0154331798813343,34.400000000000006,2394.65,0.006537172504457,0.64207763671875,0.2100675723866411,0.538883518528294,155.23204857078758,96.45987870499894,40.98217857979439,185.0,1.0,auxiliary_external_image_dataset
GUJ_NARMADA_2021_2022,wheat,Rabi,grain_filling,grain_filling,2022-03-05,2022-03-15,105,115,7,8,105,125,Narmada,,,,2021,2022,2807.79,1,available,35.900000000000006,16.748275862068965,29.55086206896552,35.900000000000006,16.748275862068965,29.55086206896552,39.3,31,2685.3499999999995,2685.3499999999995,0.7783623188405796,0.3253497613680937,0.4429621968737285,0.6896880849410417,0.0052285179703697,0.2102173612669417,0.279356602433108,0.0032204385998128,0.6801391992208055,0.7981137204496658,0.0109200645471059,35.900000000000006,2685.3499999999995,0.0052285179703697,0.0612841694294905,0.0121212011134459,0.035730185628939,174.61391897762522,91.87537351976924,38.60734619813807,238.0,1.0,auxiliary_external_image_dataset
GUJ_NARMADA_2021_2022,wheat,Rabi,maturity_preharvest,maturity_preharvest,2022-03-15,2022-03-25,115,130,8,9,115,125,Narmada,,,,2021,2022,2807.79,1,available,35.900000000000006,17.284126984126985,30.30396825396825,35.900000000000006,17.284126984126985,30.30396825396825,40.2,41,2998.0499999999997,2998.0499999999997,0.7994799999999999,0.3179879684731091,0.4375285347693537,0.6896880849410417,0.0049236895840892,0.1964238569690057,0.2757508308911904,0.0030332895291126,0.5406307731345352,0.7869188096968339,0.0101505177426614,35.900000000000006,2998.0499999999997,0.0049236895840892,0.0008408979936079,2.9083789590208285e-07,8.322975852272727e-07,168.71288785067472,58.12083906693892,40.56065226468173,55.0,1.0,auxiliary_external_image_dataset
GUJ_NARMADA_2022_2023,wheat,Rabi,sowing,sowing,2022-11-20,2022-11-30,0,10,0,1,0,125,Narmada,,,,2022,2023,2757.0,1,available,0.0,15.790909090909093,30.35454545454545,0.0,15.790909090909093,30.35454545454545,31.0,0,253.8,253.8,0.8460000000000001,0.6217504839640805,0.632029257121216,0.6423080302783517,0.1243500967928161,0.4027688189840244,0.4121213672166679,0.0805537637968048,2.019035491260675,1.8129370943764889,0.403807098252135,0.0,253.8,0.1243500967928161,,,,,,,,,
GUJ_NARMADA_2022_2023,wheat,Rabi,early_vegetative,early_vegetative,2022-11-30,2022-12-10,10,20,1,2,10,125,Narmada,,,,2022,2023,2757.0,1,available,0.0,16.376190476190477,30.31428571428572,0.0,16.376190476190477,30.31428571428572,31.5,0,490.25,490.25,0.8170833333333333,0.5425190130927245,0.5575731510519096,0.6423080302783517,0.0442391096712459,0.3611296229434563,0.3628462017372883,0.0288311798137016,2.1973919680407965,1.7731861008300538,0.1592881126919421,0.0,490.25,0.0442391096712459,0.880794324372944,0.3849419227053033,0.837755705180921,137.38434640984786,174.4864686664782,48.70969892802992,19.0,1.0,auxiliary_external_image_dataset
GUJ_NARMADA_2022_2023,wheat,Rabi,tillering,tillering,2022-12-10,2022-12-30,20,40,2,3,20,125,Narmada,,,,2022,2023,2757.0,1,available,13.4,17.153658536585368,30.163414634146346,13.4,17.153658536585368,30.163414634146346,32.2,2,970.0,970.0,0.8083333333333333,0.5771750126022275,0.5569382168665578,0.6423080302783517,0.0219368401159264,0.3723838554893571,0.3546480355736967,0.0138802976582837,1.2767766317234384,1.627216516686516,0.0619811689931052,13.4,970.0,0.0219368401159264,,,,,,,,,
GUJ_NARMADA_2022_2023,wheat,Rabi,stem_elongation,stem_elongation,2022-12-30,2023-01-19,40,60,3,4,40,125,Narmada,,,,2022,2023,2757.0,1,available,13.4,16.08360655737705,29.09180327868852,13.4,16.08360655737705,29.09180327868852,32.2,2,1377.85,1377.85,0.7654722222222223,0.4467461262211147,0.5211431236453647,0.6423080302783517,0.0127836090770368,0.2915683531765974,0.3297497175421969,0.0080287394855331,1.2216265676214633,1.5025377202238472,0.035967389766356,13.4,1377.85,0.0127836090770368,,,,,,,,,
GUJ_NARMADA_2022_2023,wheat,Rabi,booting_heading,booting_heading,2023-01-19,2023-02-08,60,80,4,5,60,125,Narmada,,,,2022,2023,2757.0,1,available,19.4,15.78888888888889,28.80246913580247,19.4,15.78888888888889,28.80246913580247,32.2,2,1805.95,1805.95,0.7524791666666667,0.3978144401924632,0.4882198143970258,0.6423080302783517,0.0086049623794907,0.2574046791416324,0.3075378459316789,0.0053758574703306,0.9221178422560652,1.3715098966075343,0.0231818254628597,19.4,1805.95,0.0086049623794907,,,,,,,,,
GUJ_NARMADA_2022_2023,wheat,Rabi,flowering,flowering,2023-02-08,2023-02-23,80,95,5,6,80,125,Narmada,,,,2022,2023,2757.0,1,available,19.4,15.982291666666669,29.36458333333333,19.4,15.982291666666669,29.36458333333333,35.0,11,2176.65,2176.65,0.763736842105263,0.2874665699930603,0.465117468365758,0.6423080302783517,0.0067035847271884,0.1880169444750588,0.2936528346599515,0.0042180100369999,0.5832869872998695,1.2596426155088305,0.0168275466802904,19.4,2176.65,0.0067035847271884,0.667205568343874,0.207148998863766,0.5370890299479166,153.39161512586804,83.38302031017486,45.36198009006561,63.0,1.0,auxiliary_external_image_dataset
GUJ_NARMADA_2022_2023,wheat,Rabi,grain_filling_initial,grain_filling_initial,2023-02-23,2023-03-05,95,105,6,7,95,125,Narmada,,,,2022,2023,2757.0,1,available,19.4,16.30566037735849,29.840566037735847,19.4,16.30566037735849,29.840566037735847,36.1,21,2445.75,2445.75,0.7764285714285715,0.2645806714678293,0.4486065138790467,0.6423080302783517,0.0057171062423254,0.1596853123214622,0.2833358792561424,0.0036014594887417,0.6933803895851246,1.204467175678834,0.0142154201414923,19.4,2445.75,0.0057171062423254,0.64207763671875,0.2100675723866411,0.538883518528294,155.23204857078758,96.45987870499894,40.98217857979439,185.0,1.0,auxiliary_external_image_dataset
GUJ_NARMADA_2022_2023,wheat,Rabi,grain_filling,grain_filling,2023-03-05,2023-03-15,105,115,7,8,105,125,Narmada,,,,2022,2023,2757.0,1,available,19.6,16.68103448275862,30.265517241379307,19.6,16.68103448275862,30.265517241379307,36.6,31,2722.9,2722.9,0.7892463768115943,0.1858970493154762,0.4318677656176947,0.6423080302783517,0.0049002914255269,0.1133680126936813,0.2723982986753066,0.0030783434616259,0.3898281861116349,1.146480172053225,0.0119610543264225,19.6,2722.9,0.0049002914255269,0.0612841694294905,0.0121212011134459,0.035730185628939,174.61391897762522,91.87537351976924,38.60734619813807,238.0,1.0,auxiliary_external_image_dataset
GUJ_NARMADA_2022_2023,wheat,Rabi,maturity_preharvest,maturity_preharvest,2023-03-15,2023-03-25,115,130,8,9,115,125,Narmada,,,,2022,2023,2757.0,1,available,22.9,16.96428571428571,30.36349206349206,22.9,16.96428571428571,30.36349206349206,36.6,33,2981.65,2981.65,0.7951066666666667,0.2262740739916916,0.4201464681911149,0.6423080302783517,0.0043402234723059,0.1270008181020667,0.263967980375572,0.0027029166007825,0.6931510364767366,1.1046828553652686,0.0104636239877232,22.9,2981.65,0.0043402234723059,0.0008408979936079,2.9083789590208285e-07,8.322975852272727e-07,168.71288785067472,58.12083906693892,40.56065226468173,55.0,1.0,auxiliary_external_image_dataset
GUJ_NARMADA_2023_2024,wheat,Rabi,sowing,sowing,2023-11-20,2023-11-30,0,10,0,1,0,126,Narmada,,,,2023,2024,2774.5,1,available,45.7,19.98181818181818,30.59090909090909,45.7,19.98181818181818,30.59090909090909,34.0,4,278.15000000000003,278.15000000000003,0.9271666666666668,0.3093688439144886,0.454892891374695,0.6004169388349014,0.0618737687828977,0.1886454096103992,0.2896478607239207,0.0377290819220798,1.8653497675996304,1.855766559424073,0.3730699535199261,45.7,278.15000000000003,0.0618737687828977,,,,,,,,,
GUJ_NARMADA_2023_2024,wheat,Rabi,early_vegetative,early_vegetative,2023-11-30,2023-12-10,10,20,1,2,10,126,Narmada,,,,2023,2024,2774.5,1,available,49.3,19.75238095238095,29.75714285714286,49.3,19.75238095238095,29.75714285714286,34.0,4,519.85,519.85,0.8664166666666667,0.6226783065210478,0.5344331903578476,0.6226783065210478,0.0483991586828505,0.3763342003993222,0.3308227382962115,0.0293281439069104,1.6075777634054906,1.7917155614127895,0.1483369397801592,49.3,519.85,0.0483991586828505,0.880794324372944,0.3849419227053033,0.837755705180921,137.38434640984786,174.4864686664782,48.70969892802992,19.0,1.0,auxiliary_external_image_dataset
GUJ_NARMADA_2023_2024,wheat,Rabi,tillering,tillering,2023-12-10,2023-12-30,20,40,2,3,20,126,Narmada,,,,2023,2024,2774.5,1,available,49.3,18.634146341463417,29.76829268292683,49.3,18.634146341463417,29.76829268292683,34.0,4,992.25,992.25,0.826875,0.4388652151158487,0.5430651254317274,0.6226783065210478,0.021821340713951,0.2779502832641413,0.3416536254293728,0.0137843019900789,4.69174324821147,2.2938518616550514,0.1083840262848213,49.3,992.25,0.021821340713951,,,,,,,,,
GUJ_NARMADA_2023_2024,wheat,Rabi,stem_elongation,stem_elongation,2023-12-30,2024-01-19,40,60,3,4,40,126,Narmada,,,,2023,2024,2774.5,1,available,50.7,18.190163934426224,29.465573770491805,50.7,18.190163934426224,29.465573770491805,34.0,4,1453.5,1453.5,0.8075,0.4575917960327884,0.5244759186425826,0.6226783065210478,0.0133524181793385,0.2889906954339393,0.3266485964748133,0.0082752257692964,1.3866145175227549,2.075064065098339,0.0538627375419525,50.7,1453.5,0.0133524181793385,,,,,,,,,
GUJ_NARMADA_2023_2024,wheat,Rabi,booting_heading,booting_heading,2024-01-19,2024-02-08,60,80,4,5,60,126,Narmada,,,,2023,2024,2774.5,1,available,50.7,17.653086419753084,29.398765432098763,50.7,17.653086419753084,29.398765432098763,34.0,5,1905.6,1905.6,0.7939999999999998,0.3969510369878346,0.4944431162405265,0.6226783065210478,0.0089526035999349,0.2278398459973529,0.3069753260189847,0.005517508121556,0.7227406244590644,1.838346344780168,0.0316607054250103,50.7,1905.6,0.0089526035999349,,,,,,,,,
GUJ_NARMADA_2023_2024,wheat,Rabi,flowering,flowering,2024-02-08,2024-02-23,80,95,5,6,80,126,Narmada,,,,2023,2024,2774.5,1,available,50.7,17.741666666666664,29.70416666666667,50.7,17.741666666666664,29.70416666666667,34.5,11,2277.4,2277.4,0.7990877192982455,0.1249612934293778,0.4640156473155235,0.6226783065210478,0.006699238170069,0.0493406490891958,0.2858212424255553,0.004062798645247,0.4406146865303066,1.6577425607816294,0.0219182670067744,50.7,2277.4,0.006699238170069,0.667205568343874,0.207148998863766,0.5370890299479166,153.39161512586804,83.38302031017486,45.36198009006561,63.0,1.0,auxiliary_external_image_dataset
GUJ_NARMADA_2023_2024,wheat,Rabi,grain_filling_initial,grain_filling_initial,2024-02-23,2024-03-04,95,105,6,7,95,126,Narmada,,,,2023,2024,2774.5,1,available,52.8,17.793396226415094,29.99056603773585,52.8,17.793396226415094,29.99056603773585,36.9,17,2532.55,2532.55,0.8039841269841269,0.2770366134820357,0.438619615935917,0.6226783065210478,0.0054648140205147,0.1633533529194676,0.2695810590706661,0.0033022257226912,0.1524616726432537,1.4838938443327987,0.0156731126624179,52.8,2532.55,0.0054648140205147,0.64207763671875,0.2100675723866411,0.538883518528294,155.23204857078758,96.45987870499894,40.98217857979439,185.0,1.0,auxiliary_external_image_dataset
GUJ_NARMADA_2023_2024,wheat,Rabi,grain_filling,grain_filling,2024-03-04,2024-03-14,105,115,7,8,105,126,Narmada,,,,2023,2024,2774.5,1,available,52.8,17.848275862068967,30.245689655172413,52.8,17.848275862068967,30.245689655172413,36.9,26,2789.45,2789.45,0.8085362318840579,0.3352221672740731,0.4294960138500345,0.6226783065210478,0.0048890976244262,0.2079021449286439,0.2640068198930149,0.0029631034637001,0.6171410916936725,1.4080249915628125,0.0132387453687202,52.8,2789.45,0.0048890976244262,0.0612841694294905,0.0121212011134459,0.035730185628939,174.61391897762522,91.87537351976924,38.60734619813807,238.0,1.0,auxiliary_external_image_dataset
GUJ_NARMADA_2023_2024,wheat,Rabi,maturity_preharvest,maturity_preharvest,2024-03-14,2024-03-25,115,130,8,9,115,126,Narmada,,,,2023,2024,2774.5,1,available,52.8,18.03700787401575,30.774803149606303,52.8,18.03700787401575,30.774803149606303,38.5,37,3099.55,3099.55,0.8199867724867725,0.2950322513866144,0.419524795690361,0.6226783065210478,0.0043709806477618,0.1937581036589371,0.2585652526840127,0.0026707779141743,0.6940711065860887,1.3462098303386263,0.0114744774035116,52.8,3099.55,0.0043709806477618,0.0008408979936079,2.9083789590208285e-07,8.322975852272727e-07,168.71288785067472,58.12083906693892,40.56065226468173,55.0,1.0,auxiliary_external_image_dataset
GUJ_NAVSARI_2020_2021,wheat,Rabi,sowing,sowing,2020-11-20,2020-11-30,0,10,0,1,0,125,Navsari,,,,2020,2021,3270.67,1,available,0.0,20.55454545454545,32.89090909090909,0.0,20.55454545454545,32.89090909090909,34.5,10,293.95,293.95,0.9798333333333332,0.2630622161247995,0.2743955881745393,0.2857289602242792,0.0526124432249599,0.1560656965762606,0.1628996697111385,0.0312131393152521,0.6170335156104704,0.6145560607779893,0.123406703122094,0.0,293.95,0.0526124432249599,,,,,,,,,
GUJ_NAVSARI_2020_2021,wheat,Rabi,early_vegetative,early_vegetative,2020-11-30,2020-12-10,10,20,1,2,10,125,Navsari,,,,2020,2021,3270.67,1,available,0.0,20.423809523809524,33.61428571428571,0.0,20.423809523809524,33.61428571428571,35.0,20,567.4,567.4,0.9456666666666668,0.2494076688694491,0.2664465283676898,0.2857289602242792,0.0220922822748229,0.1637489875502522,0.1640710713751911,0.0140112082326212,0.8265700163637053,0.702187105905654,0.0657553733729635,0.0,567.4,0.0220922822748229,0.880794324372944,0.3849419227053033,0.837755705180921,137.38434640984786,174.4864686664782,48.70969892802992,19.0,1.0,auxiliary_external_image_dataset
GUJ_NAVSARI_2020_2021,wheat,Rabi,tillering,tillering,2020-12-10,2020-12-30,20,40,2,3,20,125,Navsari,,,,2020,2021,3270.67,1,available,40.6,18.921951219512195,31.32682926829268,40.6,18.921951219512195,31.32682926829268,35.0,22,1030.1,1030.1,0.8584166666666666,0.2862872582638682,0.2731704697021389,0.2934239633541248,0.0107169259860331,0.2010278462924425,0.1730723567238073,0.0070153610929913,0.869546076172352,0.7770601730118872,0.0328317674015302,40.6,1030.1,0.0107169259860331,,,,,,,,,
GUJ_NAVSARI_2020_2021,wheat,Rabi,stem_elongation,stem_elongation,2020-12-30,2021-01-19,40,60,3,4,40,125,Navsari,,,,2020,2021,3270.67,1,available,43.2,18.81639344262295,31.1311475409836,43.2,18.81639344262295,31.1311475409836,35.0,26,1523.4,1523.4,0.8463333333333334,0.2164539790465226,0.2516347121369081,0.2934239633541248,0.0059842564695833,0.1350927789476183,0.1567412171981859,0.003737233330236,1.7509783304771758,0.8710631623613605,0.0254390269295727,43.2,1523.4,0.0059842564695833,,,,,,,,,
GUJ_NAVSARI_2020_2021,wheat,Rabi,booting_heading,booting_heading,2021-01-19,2021-02-08,60,80,4,5,60,125,Navsari,,,,2020,2021,3270.67,1,available,43.2,18.181481481481484,31.20864197530864,43.2,18.181481481481484,31.20864197530864,35.0,33,2000.3,2000.3,0.8334583333333333,0.2365770715779364,0.2492959897886373,0.2934239633541248,0.0044590756258186,0.1530499802181406,0.1550310033294642,0.00277376434151,0.6980725066403674,0.8224940304841841,0.0158532080352647,43.2,2000.3,0.0044590756258186,,,,,,,,,
GUJ_NAVSARI_2020_2021,wheat,Rabi,flowering,flowering,2021-02-08,2021-02-23,80,95,5,6,80,125,Navsari,,,,2020,2021,3270.67,1,available,43.2,18.290625,31.60729166666667,43.2,18.290625,31.60729166666667,36.5,47,2395.0999999999995,2395.0999999999995,0.8403859649122805,0.2267180990778899,0.2424599857196273,0.2934239633541248,0.0036116756104993,0.1283566221463759,0.1493073762166126,0.0022030637588349,0.4921747245236317,0.7965653420502097,0.0124157667220885,43.2,2395.0999999999995,0.0036116756104993,0.667205568343874,0.207148998863766,0.5370890299479166,153.39161512586804,83.38302031017486,45.36198009006561,63.0,1.0,auxiliary_external_image_dataset
GUJ_NAVSARI_2020_2021,wheat,Rabi,grain_filling_initial,grain_filling_initial,2021-02-23,2021-03-05,95,105,6,7,95,125,Navsari,,,,2020,2021,3270.67,1,available,43.2,18.47830188679245,32.131132075471704,43.2,18.47830188679245,32.131132075471704,38.8,57,2682.3,2682.3,0.8515238095238096,0.2201261852249695,0.2394740842479004,0.2934239633541248,0.0032255300558991,0.1369580860913831,0.1473598290853679,0.0019682907312777,0.5618854239751362,0.7722083543337381,0.0106090644624963,43.2,2682.3,0.0032255300558991,0.64207763671875,0.2100675723866411,0.538883518528294,155.23204857078758,96.45987870499894,40.98217857979439,185.0,1.0,auxiliary_external_image_dataset
GUJ_NAVSARI_2020_2021,wheat,Rabi,grain_filling,grain_filling,2021-03-05,2021-03-15,105,115,7,8,105,125,Navsari,,,,2020,2021,3270.67,1,available,43.2,18.67758620689655,32.543103448275865,43.2,18.67758620689655,32.543103448275865,38.8,67,2970.8,2970.8,0.8611014492753623,0.2039453440379767,0.2365845662935941,0.2934239633541248,0.0029062569983522,0.1255456755476086,0.1455355892225557,0.0017748492284768,0.5404422303876762,0.7561568524667007,0.0093615574719174,43.2,2970.8,0.0029062569983522,0.0612841694294905,0.0121212011134459,0.035730185628939,174.61391897762522,91.87537351976924,38.60734619813807,238.0,1.0,auxiliary_external_image_dataset
GUJ_NAVSARI_2020_2021,wheat,Rabi,maturity_preharvest,maturity_preharvest,2021-03-15,2021-03-25,115,130,8,9,115,125,Navsari,,,,2020,2021,3270.67,1,available,43.2,18.93492063492064,32.95079365079365,43.2,18.93492063492064,32.95079365079365,39.8,77,3268.8,3268.8,0.87168,0.2193578716584434,0.2336892080643995,0.2934239633541248,0.0026371090108843,0.1233699285514136,0.1432951962732041,0.001601687285541,0.4245621640562746,0.7393107739131046,0.0083065199943376,43.2,3268.8,0.0026371090108843,0.0008408979936079,2.9083789590208285e-07,8.322975852272727e-07,168.71288785067472,58.12083906693892,40.56065226468173,55.0,1.0,auxiliary_external_image_dataset
GUJ_NAVSARI_2021_2022,wheat,Rabi,sowing,sowing,2021-11-20,2021-11-30,0,10,0,1,0,125,Navsari,,,,2021,2022,3254.48,1,available,2.1,21.963636363636365,33.73636363636364,2.1,21.963636363636365,33.73636363636364,35.0,10,306.35,306.35,1.0211666666666668,0.332689731884802,0.2942672080488773,0.332689731884802,0.0665379463769604,0.2182897390689191,0.1913515003463698,0.0436579478137838,1.0758348486302685,0.5234689723665541,0.2151669697260537,2.1,306.35,0.0665379463769604,,,,,,,,,
GUJ_NAVSARI_2021_2022,wheat,Rabi,early_vegetative,early_vegetative,2021-11-30,2021-12-10,10,20,1,2,10,125,Navsari,,,,2021,2022,3254.48,1,available,62.50000000000001,20.91428571428572,31.109523809523807,62.50000000000001,20.91428571428572,31.109523809523807,35.0,10,546.25,546.25,0.9104166666666668,0.2207922146421057,0.2627907939673854,0.332689731884802,0.0211248495152926,0.1520377329150835,0.1716580374842215,0.0139740824353185,-1.7183689836479497,-0.1824251506643641,-0.0599401604256972,62.50000000000001,546.25,0.0211248495152926,0.880794324372944,0.3849419227053033,0.837755705180921,137.38434640984786,174.4864686664782,48.70969892802992,19.0,1.0,auxiliary_external_image_dataset
GUJ_NAVSARI_2021_2022,wheat,Rabi,tillering,tillering,2021-12-10,2021-12-30,20,40,2,3,20,125,Navsari,,,,2021,2022,3254.48,1,available,62.50000000000001,19.09512195121951,30.404878048780493,62.50000000000001,19.09512195121951,30.404878048780493,35.0,10,1014.75,1014.75,0.845625,0.3254647161503271,0.2837048543932385,0.3466532677809063,0.0136602316168891,0.2117829469255922,0.1818413782051662,0.0086720883013051,1.094205054951496,0.2700418290132387,0.020059110895754,62.50000000000001,1014.75,0.0136602316168891,,,,,,,,,
GUJ_NAVSARI_2021_2022,wheat,Rabi,stem_elongation,stem_elongation,2021-12-30,2022-01-19,40,60,3,4,40,125,Navsari,,,,2021,2022,3254.48,1,available,62.60000000000001,18.511475409836077,30.185245901639345,62.60000000000001,18.511475409836077,30.185245901639345,35.0,14,1485.2499999999998,1485.2499999999998,0.8251388888888888,0.2487097658939563,0.2674116667036609,0.3466532677809063,0.006710402429762,0.1501749586766191,0.1702422876402034,0.0042279318925967,1.0003652906768234,0.3712317001530772,0.0133242672766256,62.60000000000001,1485.2499999999998,0.006710402429762,,,,,,,,,
GUJ_NAVSARI_2021_2022,wheat,Rabi,booting_heading,booting_heading,2022-01-19,2022-02-08,60,80,4,5,60,125,Navsari,,,,2021,2022,3254.48,1,available,65.2,17.718518518518515,29.822222222222223,65.2,17.718518518518515,29.822222222222223,35.0,16,1925.4,1925.4,0.8022499999999999,0.2405516183044827,0.2476423865891412,0.3466532677809063,0.0043870229483162,0.1540304655009783,0.1554631784387727,0.0027090212232558,0.6865531760711151,0.4244642017944639,0.0104655240030223,65.2,1925.4,0.0043870229483162,,,,,,,,,
GUJ_NAVSARI_2021_2022,wheat,Rabi,flowering,flowering,2022-02-08,2022-02-23,80,95,5,6,80,125,Navsari,,,,2021,2022,3254.48,1,available,65.2,17.669791666666665,30.22083333333333,65.2,17.669791666666665,30.22083333333333,35.2,24,2298.75,2298.75,0.8065789473684211,0.2325934264706143,0.2469395242430167,0.3466532677809063,0.0037400870181478,0.1492264082258369,0.1544603955458374,0.0023053455143347,0.6871028274180379,0.4625313615031946,0.0092864480041808,65.2,2298.75,0.0037400870181478,0.667205568343874,0.207148998863766,0.5370890299479166,153.39161512586804,83.38302031017486,45.36198009006561,63.0,1.0,auxiliary_external_image_dataset
GUJ_NAVSARI_2021_2022,wheat,Rabi,grain_filling_initial,grain_filling_initial,2022-02-23,2022-03-05,95,105,6,7,95,125,Navsari,,,,2021,2022,3254.48,1,available,65.2,17.830188679245282,30.799056603773582,65.2,17.830188679245282,30.799056603773582,37.7,34,2577.3500000000004,2577.3500000000004,0.8182063492063493,0.2360078764515978,0.2447649006886354,0.3466532677809063,0.0033545727851076,0.1423331237318472,0.1526247800460784,0.0020602164524787,0.6192114456647335,0.4800635347799639,0.0085436400901114,65.2,2577.3500000000004,0.0033545727851076,0.64207763671875,0.2100675723866411,0.538883518528294,155.23204857078758,96.45987870499894,40.98217857979439,185.0,1.0,auxiliary_external_image_dataset
GUJ_NAVSARI_2021_2022,wheat,Rabi,grain_filling,grain_filling,2022-03-05,2022-03-15,105,115,7,8,105,125,Navsari,,,,2021,2022,3254.48,1,available,65.2,18.26206896551724,31.477586206896557,65.2,18.26206896551724,31.477586206896557,41.1,44,2884.9,2884.9,0.8362028985507247,0.2326271715028149,0.2427363200269391,0.3466532677809063,0.0030374691867947,0.1472427396570709,0.1508124301366435,0.0018568889965641,0.6084919030340634,0.4974797510802524,0.007972530473334,65.2,2884.9,0.0030374691867947,0.0612841694294905,0.0121212011134459,0.035730185628939,174.61391897762522,91.87537351976924,38.60734619813807,238.0,1.0,auxiliary_external_image_dataset
GUJ_NAVSARI_2021_2022,wheat,Rabi,maturity_preharvest,maturity_preharvest,2022-03-15,2022-03-25,115,130,8,9,115,125,Navsari,,,,2021,2022,3254.48,1,available,65.2,18.67063492063492,32.14920634920635,65.2,18.67063492063492,32.14920634920635,42.2,54,3201.65,3201.65,0.8537733333333334,0.2279292575250416,0.2420925347007697,0.3466532677809063,0.0029068617914265,0.1353787307789815,0.1501413997297886,0.0017727832380614,0.5307106818989532,0.4989245741593263,0.0075570452139987,65.2,3201.65,0.0029068617914265,0.0008408979936079,2.9083789590208285e-07,8.322975852272727e-07,168.71288785067472,58.12083906693892,40.56065226468173,55.0,1.0,auxiliary_external_image_dataset
GUJ_NAVSARI_2022_2023,wheat,Rabi,sowing,sowing,2022-11-20,2022-11-30,0,10,0,1,0,125,Navsari,,,,2022,2023,3224.48,1,available,0.0,18.38181818181818,33.04545454545455,0.0,18.38181818181818,33.04545454545455,34.4,9,282.85,282.85,0.9428333333333334,0.2945764930545009,0.3000480573929921,0.3055196217314833,0.0589152986109001,0.1884018807816855,0.1947037695215115,0.0376803761563371,0.8307202160126838,0.8063114750468099,0.1661440432025367,0.0,282.85,0.0589152986109001,,,,,,,,,
GUJ_NAVSARI_2022_2023,wheat,Rabi,early_vegetative,early_vegetative,2022-11-30,2022-12-10,10,20,1,2,10,125,Navsari,,,,2022,2023,3224.48,1,available,0.0,19.152380952380952,33.238095238095234,0.0,19.152380952380952,33.238095238095234,34.4,18,550.1,550.1,0.9168333333333334,0.2882711235559533,0.2950319840070756,0.3055196217314833,0.024898732272787,0.1852985968124809,0.1898082529293664,0.0159050203277578,1.5061601252975887,0.958247536190707,0.0968230675806955,0.0,550.1,0.024898732272787,0.880794324372944,0.3849419227053033,0.837755705180921,137.38434640984786,174.4864686664782,48.70969892802992,19.0,1.0,auxiliary_external_image_dataset
GUJ_NAVSARI_2022_2023,wheat,Rabi,tillering,tillering,2022-12-10,2022-12-30,20,40,2,3,20,125,Navsari,,,,2022,2023,3224.48,1,available,1.5,19.117073170731707,32.85365853658536,1.5,19.117073170731707,32.85365853658536,35.5,31,1065.4,1065.4,0.8878333333333334,0.2685654173753953,0.2820921548235361,0.3055196217314833,0.0109430548880073,0.1768067969414237,0.1753440214676371,0.0067371453080199,0.9086067348153062,0.8635056644307711,0.0343230868848182,1.5,1065.4,0.0109430548880073,,,,,,,,,
GUJ_NAVSARI_2022_2023,wheat,Rabi,stem_elongation,stem_elongation,2022-12-30,2023-01-19,40,60,3,4,40,125,Navsari,,,,2022,2023,3224.48,1,available,1.6,18.10983606557377,32.054098360655736,1.6,18.10983606557377,32.054098360655736,35.5,34,1530.0000000000002,1530.0000000000002,0.8500000000000001,0.2603773446300341,0.2640403757759072,0.3055196217314833,0.0064455110165276,0.1689317166246866,0.1629062791154972,0.0039380647652414,0.6107197657782208,0.917722947474955,0.024658486107267,1.6,1530.0000000000002,0.0064455110165276,,,,,,,,,
GUJ_NAVSARI_2022_2023,wheat,Rabi,booting_heading,booting_heading,2023-01-19,2023-02-08,60,80,4,5,60,125,Navsari,,,,2022,2023,3224.48,1,available,1.6,17.89012345679012,31.901234567901238,1.6,17.89012345679012,31.901234567901238,35.5,44,2016.55,2016.55,0.8402291666666667,0.1981913190596988,0.2525650172043486,0.3055196217314833,0.0045145846217276,0.1246371165375461,0.1537783168342108,0.0027022562128934,0.7722182254064274,0.8535278065261904,0.0159174571895417,1.6,2016.55,0.0045145846217276,,,,,,,,,
GUJ_NAVSARI_2022_2023,wheat,Rabi,flowering,flowering,2023-02-08,2023-02-23,80,95,5,6,80,125,Navsari,,,,2022,2023,3224.48,1,available,1.6,17.849999999999998,32.61770833333333,1.6,17.849999999999998,32.61770833333333,39.4,59,2422.4500000000003,2422.4500000000003,0.849982456140351,0.1625858462194766,0.2441694762944495,0.3055196217314833,0.003614146030901,0.114027532628074,0.1499446799970396,0.0022136212558107,-1.089481071747853,0.7226370924625518,0.0093199793839908,1.6,2422.4500000000003,0.003614146030901,0.667205568343874,0.207148998863766,0.5370890299479166,153.39161512586804,83.38302031017486,45.36198009006561,63.0,1.0,auxiliary_external_image_dataset
GUJ_NAVSARI_2022_2023,wheat,Rabi,grain_filling_initial,grain_filling_initial,2023-02-23,2023-03-05,95,105,6,7,95,125,Navsari,,,,2022,2023,3224.48,1,available,1.6,18.058490566037737,33.12075471698113,1.6,18.058490566037737,33.12075471698113,40.5,69,2712.4999999999995,2712.4999999999995,0.8611111111111109,0.2244163159306272,0.2416277660843004,0.3055196217314833,0.0032473786715764,0.1250277052577311,0.147907264059462,0.0019757932215035,0.4588128852227627,0.7016105812227462,0.0082096604193937,1.6,2712.4999999999995,0.0032473786715764,0.64207763671875,0.2100675723866411,0.538883518528294,155.23204857078758,96.45987870499894,40.98217857979439,185.0,1.0,auxiliary_external_image_dataset
GUJ_NAVSARI_2022_2023,wheat,Rabi,grain_filling,grain_filling,2023-03-05,2023-03-15,105,115,7,8,105,125,Navsari,,,,2022,2023,3224.48,1,available,1.9,18.46293103448276,33.50603448275862,1.9,18.46293103448276,33.50603448275862,40.5,79,3014.2,3014.2,0.8736811594202898,0.0242456297412272,0.2317175939487198,0.3055196217314833,0.0027397039578876,-0.0368642212875271,0.1391172409183721,0.0015959047389006,-0.1094939503530543,0.6567569439953977,0.0066140959524897,1.9,3014.2,0.0027397039578876,0.0612841694294905,0.0121212011134459,0.035730185628939,174.61391897762522,91.87537351976924,38.60734619813807,238.0,1.0,auxiliary_external_image_dataset
GUJ_NAVSARI_2022_2023,wheat,Rabi,maturity_preharvest,maturity_preharvest,2023-03-15,2023-03-25,115,130,8,9,115,125,Navsari,,,,2022,2023,3224.48,1,available,13.3,18.76428571428572,33.38253968253967,13.3,18.76428571428572,33.38253968253967,40.5,81,3285.2499999999995,3285.2499999999995,0.8760666666666665,0.1608108770158497,0.228929330248633,0.3055196217314833,0.0024980592315112,0.0902307827075614,0.1366272244008988,0.0014424553791038,1.0668252626156949,0.6658670238959761,0.0066129963807236,13.3,3285.2499999999995,0.0024980592315112,0.0008408979936079,2.9083789590208285e-07,8.322975852272727e-07,168.71288785067472,58.12083906693892,40.56065226468173,55.0,1.0,auxiliary_external_image_dataset
GUJ_NAVSARI_2023_2024,wheat,Rabi,sowing,sowing,2023-11-20,2023-11-30,0,10,0,1,0,126,Navsari,,,,2023,2024,3226.34,1,available,68.7,21.69090909090909,32.33636363636363,68.7,21.69090909090909,32.33636363636363,35.9,7,297.15,297.15,0.9905,0.3059706323430308,0.2910394083581752,0.3059706323430308,0.0611941264686061,0.1814797140279454,0.176393302594287,0.036295942805589,0.981013733009279,1.0344273229146457,0.1962027466018558,68.7,297.15,0.0611941264686061,,,,,,,,,
GUJ_NAVSARI_2023_2024,wheat,Rabi,early_vegetative,early_vegetative,2023-11-30,2023-12-10,10,20,1,2,10,126,Navsari,,,,2023,2024,3226.34,1,available,72.4,21.304761904761904,31.342857142857135,72.4,21.304761904761904,31.342857142857135,35.9,7,552.8,552.8,0.9213333333333332,0.3266197861854135,0.3012188306893414,0.3266197861854135,0.0268311918658639,0.1942376245246062,0.1804789931577184,0.015913943906245,0.8552615081961628,1.0042775554218304,0.0818969484703071,72.4,552.8,0.0268311918658639,0.880794324372944,0.3849419227053033,0.837755705180921,137.38434640984786,174.4864686664782,48.70969892802992,19.0,1.0,auxiliary_external_image_dataset
GUJ_NAVSARI_2023_2024,wheat,Rabi,tillering,tillering,2023-12-10,2023-12-30,20,40,2,3,20,126,Navsari,,,,2023,2024,3226.34,1,available,72.7,20.30975609756097,31.397560975609757,72.7,20.30975609756097,31.397560975609757,35.9,16,1059.9999999999998,1059.9999999999998,0.8833333333333332,0.2773489223637694,0.2954676381651989,0.3266197861854135,0.0117147948961544,0.1715586529503182,0.1824847217678344,0.0073318532856672,0.5712021102991873,1.1403191989892565,0.0470007914833032,72.7,1059.9999999999998,0.0117147948961544,,,,,,,,,
GUJ_NAVSARI_2023_2024,wheat,Rabi,stem_elongation,stem_elongation,2023-12-30,2024-01-19,40,60,3,4,40,126,Navsari,,,,2023,2024,3226.34,1,available,72.9,19.722950819672125,31.40491803278688,72.9,19.722950819672125,31.40491803278688,35.9,23,1559.4,1559.4,0.8663333333333333,0.2704355865120463,0.2816561187106398,0.3266197861854135,0.0070923520167871,0.1657390267895658,0.1721889942989631,0.0043283323853516,0.6529254203741628,0.9722606354778596,0.0223759518470172,72.9,1559.4,0.0070923520167871,,,,,,,,,
GUJ_NAVSARI_2023_2024,wheat,Rabi,booting_heading,booting_heading,2024-01-19,2024-02-08,60,80,4,5,60,126,Navsari,,,,2023,2024,3226.34,1,available,72.9,19.28395061728395,31.546913580246912,72.9,19.28395061728395,31.546913580246912,35.9,32,2058.65,2058.65,0.8577708333333331,0.2087869594312586,0.2668203004056964,0.3266197861854135,0.0048120336783804,0.1142019895465756,0.1620505323478183,0.0028960563510613,0.5838415325771744,0.878173872794276,0.0142862646103457,72.9,2058.65,0.0048120336783804,,,,,,,,,
GUJ_NAVSARI_2023_2024,wheat,Rabi,flowering,flowering,2024-02-08,2024-02-23,80,95,5,6,80,126,Navsari,,,,2023,2024,3226.34,1,available,72.9,19.31875,31.847916666666663,72.9,19.31875,31.847916666666663,38.5,43,2455.9999999999995,2455.9999999999995,0.8617543859649122,0.1559279443284494,0.2554403878383192,0.3266197861854135,0.0037659813448882,0.076600136364472,0.1536124788660981,0.0022231169840688,0.3625149357389452,0.8342689815290046,0.0112504456604457,72.9,2455.9999999999995,0.0037659813448882,0.667205568343874,0.207148998863766,0.5370890299479166,153.39161512586804,83.38302031017486,45.36198009006561,63.0,1.0,auxiliary_external_image_dataset
GUJ_NAVSARI_2023_2024,wheat,Rabi,grain_filling_initial,grain_filling_initial,2024-02-23,2024-03-04,95,105,6,7,95,126,Navsari,,,,2023,2024,3226.34,1,available,72.9,19.358490566037737,32.02169811320754,72.9,19.358490566037737,32.02169811320754,38.5,50,2723.15,2723.15,0.8644920634920635,0.1764393230647929,0.2514903345996429,0.3266197861854135,0.0034468760257586,0.0828142857167578,0.150072569208631,0.0020007217466194,0.0321988878338399,0.7941654768442464,0.0095081647864549,72.9,2723.15,0.0034468760257586,0.64207763671875,0.2100675723866411,0.538883518528294,155.23204857078758,96.45987870499894,40.98217857979439,185.0,1.0,auxiliary_external_image_dataset
GUJ_NAVSARI_2023_2024,wheat,Rabi,grain_filling,grain_filling,2024-03-04,2024-03-14,105,115,7,8,105,126,Navsari,,,,2023,2024,3226.34,1,available,72.9,19.365517241379315,32.28879310344828,72.9,19.365517241379315,32.28879310344828,38.5,60,2995.95,2995.95,0.8683913043478261,0.2049252442295392,0.2472993037958884,0.3266197861854135,0.003032750309215,0.1177201596287819,0.147119170920649,0.0017562814425558,0.5496394886193874,0.7711013527260334,0.0083010420162807,72.9,2995.95,0.003032750309215,0.0612841694294905,0.0121212011134459,0.035730185628939,174.61391897762522,91.87537351976924,38.60734619813807,238.0,1.0,auxiliary_external_image_dataset
GUJ_NAVSARI_2023_2024,wheat,Rabi,maturity_preharvest,maturity_preharvest,2024-03-14,2024-03-25,115,130,8,9,115,126,Navsari,,,,2023,2024,3226.34,1,available,72.9,19.45275590551181,32.68818897637795,72.9,19.45275590551181,32.68818897637795,39.2,71,3310.95,3310.95,0.8759126984126984,0.2128538779036417,0.2447157417517095,0.3266197861854135,0.0027422259710663,0.1277224905752507,0.1454254358303417,0.0015913467702912,0.6942851645568165,0.7534582837098315,0.0074445853585614,72.9,3310.95,0.0027422259710663,0.0008408979936079,2.9083789590208285e-07,8.322975852272727e-07,168.71288785067472,58.12083906693892,40.56065226468173,55.0,1.0,auxiliary_external_image_dataset
GUJ_PANCHMAHAL_2020_2021,wheat,Rabi,sowing,sowing,2020-11-20,2020-11-30,0,10,0,1,0,125,Panchmahal,,,,2020,2021,2259.91,1,available,0.0,18.21818181818182,29.890909090909087,0.0,18.21818181818182,29.890909090909087,31.5,0,264.6,264.6,0.8820000000000001,0.2274291915570256,0.2268826028701877,0.2274291915570256,0.0454858383114051,0.1407945947568664,0.1381433165499585,0.0281589189513732,0.7383747470475185,0.7726325424560673,0.1476749494095036,0.0,264.6,0.0454858383114051,,,,,,,,,
GUJ_PANCHMAHAL_2020_2021,wheat,Rabi,early_vegetative,early_vegetative,2020-11-30,2020-12-10,10,20,1,2,10,125,Panchmahal,,,,2020,2021,2259.91,1,available,0.4,18.06666666666667,30.571428571428573,0.4,18.06666666666667,30.571428571428573,31.9,0,510.7,510.7,0.8511666666666666,0.2222248587898155,0.2265258737667209,0.2301134305366927,0.0193475804142836,0.1276807775209947,0.1340640377555682,0.0112630629731796,0.6861002484256246,0.7098665320479035,0.0573268154576014,0.4,510.7,0.0193475804142836,0.880794324372944,0.3849419227053033,0.837755705180921,137.38434640984786,174.4864686664782,48.70969892802992,19.0,1.0,auxiliary_external_image_dataset
GUJ_PANCHMAHAL_2020_2021,wheat,Rabi,tillering,tillering,2020-12-10,2020-12-30,20,40,2,3,20,125,Panchmahal,,,,2020,2021,2259.91,1,available,32.900000000000006,16.663414634146342,28.17317073170732,32.900000000000006,16.663414634146342,28.17317073170732,31.9,0,919.15,919.15,0.7659583333333333,0.2271455816994475,0.1971886854986506,0.2301134305366927,0.007681224348247,0.159324716809884,0.1174405890616595,0.0046774301744374,0.7483381496464407,0.6513435696118339,0.0260526327494638,32.900000000000006,919.15,0.007681224348247,,,,,,,,,
GUJ_PANCHMAHAL_2020_2021,wheat,Rabi,stem_elongation,stem_elongation,2020-12-30,2021-01-19,40,60,3,4,40,125,Panchmahal,,,,2020,2021,2259.91,1,available,36.8,16.70655737704918,27.96065573770493,36.8,16.70655737704918,27.96065573770493,31.9,0,1362.35,1362.35,0.7568611111111112,0.2071593329499208,0.1903717342098451,0.2301134305366927,0.0048112124250395,0.1072108913083021,0.1099831761924707,0.0027257889276783,0.5974724908705038,0.7162335892679065,0.019922959147381,36.8,1362.35,0.0048112124250395,,,,,,,,,
GUJ_PANCHMAHAL_2020_2021,wheat,Rabi,booting_heading,booting_heading,2021-01-19,2021-02-08,60,80,4,5,60,125,Panchmahal,,,,2020,2021,2259.91,1,available,36.8,15.943209876543207,27.617283950617285,36.8,15.943209876543207,27.617283950617285,31.9,0,1764.2000000000005,1764.2000000000005,0.7350833333333334,0.2148177104486422,0.1966643256440201,0.2301134305366927,0.0037725084653002,0.1355691952266708,0.1156795182658139,0.0022307243874051,0.6723596210542092,0.7094840790089214,0.0138006254317181,36.8,1764.2000000000005,0.0037725084653002,,,,,,,,,
GUJ_PANCHMAHAL_2020_2021,wheat,Rabi,flowering,flowering,2021-02-08,2021-02-23,80,95,5,6,80,125,Panchmahal,,,,2020,2021,2259.91,1,available,36.900000000000006,15.971875,28.058333333333337,36.900000000000006,15.971875,28.058333333333337,32.5,2,2113.45,2113.45,0.7415614035087719,0.2039221412739454,0.1939888483692062,0.2301134305366927,0.0030758082757592,0.1153534532187029,0.1138714429156146,0.001807946067033,0.5416717643135535,0.7127814047058978,0.0114864780400142,36.900000000000006,2113.45,0.0030758082757592,0.667205568343874,0.207148998863766,0.5370890299479166,153.39161512586804,83.38302031017486,45.36198009006561,63.0,1.0,auxiliary_external_image_dataset
GUJ_PANCHMAHAL_2020_2021,wheat,Rabi,grain_filling_initial,grain_filling_initial,2021-02-23,2021-03-05,95,105,6,7,95,125,Panchmahal,,,,2020,2021,2259.91,1,available,36.900000000000006,16.21698113207547,28.552830188679245,36.900000000000006,16.21698113207547,28.552830188679245,34.7,12,2372.8,2372.8,0.7532698412698413,0.2213139527861272,0.1954699223255074,0.2301134305366927,0.0028229392668459,0.1358459275298721,0.1146484817792825,0.0016567700685623,0.5690743563427811,0.7050720943300316,0.010133604258837,36.900000000000006,2372.8,0.0028229392668459,0.64207763671875,0.2100675723866411,0.538883518528294,155.23204857078758,96.45987870499894,40.98217857979439,185.0,1.0,auxiliary_external_image_dataset
GUJ_PANCHMAHAL_2020_2021,wheat,Rabi,grain_filling,grain_filling,2021-03-05,2021-03-15,105,115,7,8,105,125,Panchmahal,,,,2020,2021,2259.91,1,available,36.900000000000006,16.50258620689655,29.08793103448276,36.900000000000006,16.50258620689655,29.08793103448276,35.5,22,2644.2500000000005,2644.2500000000005,0.766449275362319,0.2118054432103054,0.1965891919461744,0.2301134305366927,0.0026022236751261,0.1247904165108364,0.1151654254134949,0.0015236311268923,0.5643679554583472,0.6919353881379157,0.0089135730585926,36.900000000000006,2644.2500000000005,0.0026022236751261,0.0612841694294905,0.0121212011134459,0.035730185628939,174.61391897762522,91.87537351976924,38.60734619813807,238.0,1.0,auxiliary_external_image_dataset
GUJ_PANCHMAHAL_2020_2021,wheat,Rabi,maturity_preharvest,maturity_preharvest,2021-03-15,2021-03-25,115,130,8,9,115,125,Panchmahal,,,,2020,2021,2259.91,1,available,36.900000000000006,16.87857142857143,29.612698412698418,36.900000000000006,16.87857142857143,29.612698412698418,36.3,32,2928.95,2928.95,0.7810533333333332,0.189947278558745,0.1940967049587184,0.2301134305366927,0.0023325756803343,0.1040418872604859,0.1136612052052383,0.0013645434480355,0.5359881118103934,0.7434368388564941,0.0093910885926739,36.900000000000006,2928.95,0.0023325756803343,0.0008408979936079,2.9083789590208285e-07,8.322975852272727e-07,168.71288785067472,58.12083906693892,40.56065226468173,55.0,1.0,auxiliary_external_image_dataset
GUJ_PANCHMAHAL_2021_2022,wheat,Rabi,sowing,sowing,2021-11-20,2021-11-30,0,10,0,1,0,125,Panchmahal,,,,2021,2022,2224.53,1,available,0.3,19.72727272727273,31.60909090909091,0.3,19.72727272727273,31.60909090909091,32.5,4,282.35,282.35,0.9411666666666668,0.262511917015453,0.2576569418119444,0.262511917015453,0.0525023834030906,0.1690321007470273,0.1608295569362814,0.0338064201494054,1.1285853708121572,0.8365740999203441,0.2257170741624314,0.3,282.35,0.0525023834030906,,,,,,,,,
GUJ_PANCHMAHAL_2021_2022,wheat,Rabi,early_vegetative,early_vegetative,2021-11-30,2021-12-10,10,20,1,2,10,125,Panchmahal,,,,2021,2022,2224.53,1,available,19.0,18.80952380952381,29.052380952380947,19.0,18.80952380952381,29.052380952380947,32.5,4,502.55,502.55,0.8375833333333332,0.1908559875851511,0.2260254974449767,0.262511917015453,0.0175849159558948,0.113815258703238,0.1388226039279079,0.01071585661612,2.051906534759329,1.2879930778826334,0.1448305732707311,19.0,502.55,0.0175849159558948,0.880794324372944,0.3849419227053033,0.837755705180921,137.38434640984786,174.4864686664782,48.70969892802992,19.0,1.0,auxiliary_external_image_dataset
GUJ_PANCHMAHAL_2021_2022,wheat,Rabi,tillering,tillering,2021-12-10,2021-12-30,20,40,2,3,20,125,Panchmahal,,,,2021,2022,2224.53,1,available,19.1,16.858536585365854,27.84878048780488,19.1,16.858536585365854,27.84878048780488,32.5,4,916.5,916.5,0.76375,0.2306978521393857,0.2189261469841313,0.262511917015453,0.0097909582049262,0.1521414031557104,0.1368772762416856,0.006195429205475,1.1733062722357683,0.999107052723744,0.0451357149701116,19.1,916.5,0.0097909582049262,,,,,,,,,
GUJ_PANCHMAHAL_2021_2022,wheat,Rabi,stem_elongation,stem_elongation,2021-12-30,2022-01-19,40,60,3,4,40,125,Panchmahal,,,,2021,2022,2224.53,1,available,19.9,15.998360655737704,27.20327868852459,19.9,15.998360655737704,27.20327868852459,32.5,4,1317.65,1317.65,0.7320277777777778,0.1857867954340426,0.2123515585754933,0.262511917015453,0.0052953985930457,0.1004821264081532,0.1317042693595693,0.003268650341185,0.6460513504407606,0.9385683831416296,0.0225165623151542,19.9,1317.65,0.0052953985930457,,,,,,,,,
GUJ_PANCHMAHAL_2021_2022,wheat,Rabi,booting_heading,booting_heading,2022-01-19,2022-02-08,60,80,4,5,60,125,Panchmahal,,,,2021,2022,2224.53,1,available,21.1,15.192592592592597,26.96172839506173,21.1,15.192592592592597,26.96172839506173,32.5,4,1707.25,1707.25,0.7113541666666666,0.2051243075935843,0.2043832288925539,0.262511917015453,0.0037073356871641,0.1205298036970825,0.1253363106537896,0.0022414016152725,0.5651310759480525,0.8691585604899834,0.0146745598350834,21.1,1707.25,0.0037073356871641,,,,,,,,,
GUJ_PANCHMAHAL_2021_2022,wheat,Rabi,flowering,flowering,2022-02-08,2022-02-23,80,95,5,6,80,125,Panchmahal,,,,2021,2022,2224.53,1,available,21.1,15.345833333333331,27.396875000000005,21.1,15.345833333333331,27.396875000000005,32.5,5,2051.65,2051.65,0.7198771929824562,0.1889028998423657,0.2023067301181662,0.262511917015453,0.0030925107461078,0.1111143564957774,0.1227905438719441,0.0018398238464862,0.5208581932625034,0.8128018274479503,0.0111015407435433,21.1,2051.65,0.0030925107461078,0.667205568343874,0.207148998863766,0.5370890299479166,153.39161512586804,83.38302031017486,45.36198009006561,63.0,1.0,auxiliary_external_image_dataset
GUJ_PANCHMAHAL_2021_2022,wheat,Rabi,grain_filling_initial,grain_filling_initial,2022-02-23,2022-03-05,95,105,6,7,95,125,Panchmahal,,,,2021,2022,2224.53,1,available,21.1,15.612264150943398,27.89245283018868,21.1,15.612264150943398,27.89245283018868,33.7,14,2305.7500000000005,2305.7500000000005,0.7319841269841272,0.1998945861803331,0.2017313355440911,0.262511917015453,0.0028019681728063,0.1195320604896625,0.1218064657739133,0.0016562785302502,0.4967127122427375,0.777421749279484,0.0093785623615557,21.1,2305.7500000000005,0.0028019681728063,0.64207763671875,0.2100675723866411,0.538883518528294,155.23204857078758,96.45987870499894,40.98217857979439,185.0,1.0,auxiliary_external_image_dataset
GUJ_PANCHMAHAL_2021_2022,wheat,Rabi,grain_filling,grain_filling,2022-03-05,2022-03-15,105,115,7,8,105,125,Panchmahal,,,,2021,2022,2224.53,1,available,21.4,16.113793103448273,28.559482758620696,21.4,16.113793103448273,28.559482758620696,38.7,24,2591.05,2591.05,0.7510289855072464,0.2195537523487756,0.2024960177725686,0.262511917015453,0.0025930226434698,0.1212596847877464,0.1209687813228065,0.0015062429097736,0.5209960235967948,0.7350891111599457,0.0077896237475628,21.4,2591.05,0.0025930226434698,0.0612841694294905,0.0121212011134459,0.035730185628939,174.61391897762522,91.87537351976924,38.60734619813807,238.0,1.0,auxiliary_external_image_dataset
GUJ_PANCHMAHAL_2021_2022,wheat,Rabi,maturity_preharvest,maturity_preharvest,2022-03-15,2022-03-25,115,130,8,9,115,125,Panchmahal,,,,2021,2022,2224.53,1,available,21.4,16.679365079365077,29.31269841269841,21.4,16.679365079365077,29.31269841269841,39.6,34,2897.4999999999995,2897.4999999999995,0.7726666666666665,0.2388478172739787,0.2043661057758846,0.262511917015453,0.0024388071459424,0.1341745630799317,0.1212553617676422,0.0014046118577422,0.4853046716449001,0.7172365492317052,0.0070230650337029,21.4,2897.4999999999995,0.0024388071459424,0.0008408979936079,2.9083789590208285e-07,8.322975852272727e-07,168.71288785067472,58.12083906693892,40.56065226468173,55.0,1.0,auxiliary_external_image_dataset
GUJ_PANCHMAHAL_2022_2023,wheat,Rabi,sowing,sowing,2022-11-20,2022-11-30,0,10,0,1,0,125,Panchmahal,,,,2022,2023,2288.79,1,available,0.0,16.790909090909093,30.1,0.0,16.790909090909093,30.1,31.0,0,257.9,257.9,0.8596666666666666,0.2402489227610392,0.2417284790855363,0.2432080354100335,0.0480497845522078,0.1405777775626723,0.1437332578663302,0.0281155555125344,0.8951243054196579,0.7827171246902485,0.1790248610839316,0.0,257.9,0.0480497845522078,,,,,,,,,
GUJ_PANCHMAHAL_2022_2023,wheat,Rabi,early_vegetative,early_vegetative,2022-11-30,2022-12-10,10,20,1,2,10,125,Panchmahal,,,,2022,2023,2288.79,1,available,0.0,17.13809523809524,30.02380952380953,0.0,17.13809523809524,30.02380952380953,31.0,0,495.2000000000001,495.2000000000001,0.8253333333333334,0.2503128753913149,0.2424629072469852,0.2503128753913149,0.0209050162826584,0.155568522411911,0.1426351786489671,0.0123184956814428,0.5457204432179386,0.6927522771565061,0.0550284923875521,0.0,495.2000000000001,0.0209050162826584,0.880794324372944,0.3849419227053033,0.837755705180921,137.38434640984786,174.4864686664782,48.70969892802992,19.0,1.0,auxiliary_external_image_dataset
GUJ_PANCHMAHAL_2022_2023,wheat,Rabi,tillering,tillering,2022-12-10,2022-12-30,20,40,2,3,20,125,Panchmahal,,,,2022,2023,2288.79,1,available,0.6,17.295121951219514,29.634146341463413,0.6,17.295121951219514,29.634146341463413,32.3,1,962.05,962.05,0.8017083333333332,0.2149141840913365,0.2214059362192652,0.2503128753913149,0.0085559668827228,0.1239276000108242,0.1238605013890084,0.0046997867395459,0.7873009438086302,0.7124936701424585,0.0289124438319177,0.6,962.05,0.0085559668827228,,,,,,,,,
GUJ_PANCHMAHAL_2022_2023,wheat,Rabi,stem_elongation,stem_elongation,2022-12-30,2023-01-19,40,60,3,4,40,125,Panchmahal,,,,2022,2023,2288.79,1,available,0.6,15.962295081967216,28.26065573770492,0.6,15.962295081967216,28.26065573770492,32.3,1,1348.7999999999995,1348.7999999999995,0.7493333333333332,0.2064668116384903,0.1985096974932459,0.2503128753913149,0.0046058851889001,0.1226778645493742,0.1070075169469142,0.0023685975491961,0.6983758063742322,0.6507424300679411,0.0158629800374895,0.6,1348.7999999999995,0.0046058851889001,,,,,,,,,
GUJ_PANCHMAHAL_2022_2023,wheat,Rabi,booting_heading,booting_heading,2023-01-19,2023-02-08,60,80,4,5,60,125,Panchmahal,,,,2022,2023,2288.79,1,available,3.2,15.485185185185184,28.0641975308642,3.2,15.485185185185184,28.0641975308642,32.3,1,1763.75,1763.75,0.7348958333333333,0.2117013198882643,0.1973036748291017,0.2503128753913149,0.0035745670129969,0.1205744207601733,0.1069505028360448,0.0019024659880261,0.994875242985696,0.6896018794075484,0.0135466576508874,3.2,1763.75,0.0035745670129969,,,,,,,,,
GUJ_PANCHMAHAL_2022_2023,wheat,Rabi,flowering,flowering,2023-02-08,2023-02-23,80,95,5,6,80,125,Panchmahal,,,,2022,2023,2288.79,1,available,3.2,15.657291666666666,28.766666666666666,3.2,15.657291666666666,28.766666666666666,34.8,10,2132.3500000000004,2132.3500000000004,0.7481929824561405,0.1501407926093849,0.1967303965033967,0.2503128753913149,0.0030321189163694,0.0989721308673855,0.1082149892151084,0.0016727338335056,0.959484276307098,0.7015742884615771,0.0116960633453237,3.2,2132.3500000000004,0.0030321189163694,0.667205568343874,0.207148998863766,0.5370890299479166,153.39161512586804,83.38302031017486,45.36198009006561,63.0,1.0,auxiliary_external_image_dataset
GUJ_PANCHMAHAL_2022_2023,wheat,Rabi,grain_filling_initial,grain_filling_initial,2023-02-23,2023-03-05,95,105,6,7,95,125,Panchmahal,,,,2022,2023,2288.79,1,available,3.2,15.897169811320756,29.35,3.2,15.897169811320756,29.35,36.8,20,2398.1,2398.1,0.7613015873015873,0.1842335100262922,0.1970144056281956,0.2503128753913149,0.0027698259366596,0.0992540508499566,0.1086850537681403,0.0015357461792334,0.6856313533438336,0.7149226204400901,0.0108715279965678,3.2,2398.1,0.0027698259366596,0.64207763671875,0.2100675723866411,0.538883518528294,155.23204857078758,96.45987870499894,40.98217857979439,185.0,1.0,auxiliary_external_image_dataset
GUJ_PANCHMAHAL_2022_2023,wheat,Rabi,grain_filling,grain_filling,2023-03-05,2023-03-15,105,115,7,8,105,125,Panchmahal,,,,2022,2023,2288.79,1,available,3.8,16.356896551724137,29.846551724137925,3.8,16.356896551724137,29.846551724137925,37.1,30,2679.8,2679.8,0.7767536231884057,0.2268600597580843,0.1989466925295467,0.2503128753913149,0.0025919242087252,0.1179055763734058,0.1093052867828761,0.001423989884203,0.5880796321218679,0.7015623130223302,0.009495031776473,3.8,2679.8,0.0025919242087252,0.0612841694294905,0.0121212011134459,0.035730185628939,174.61391897762522,91.87537351976924,38.60734619813807,238.0,1.0,auxiliary_external_image_dataset
GUJ_PANCHMAHAL_2022_2023,wheat,Rabi,maturity_preharvest,maturity_preharvest,2023-03-15,2023-03-25,115,130,8,9,115,125,Panchmahal,,,,2022,2023,2288.79,1,available,12.4,16.66825396825397,30.019047619047612,12.4,16.66825396825397,30.019047619047612,37.1,36,2941.3,2941.3,0.7843466666666666,0.2150042721702805,0.2004075591843991,0.2503128753913149,0.0024240127475767,0.1050267192154962,0.1093633372830206,0.0013137411021046,0.6886982610895762,0.6945455432128476,0.0085344551011526,12.4,2941.3,0.0024240127475767,0.0008408979936079,2.9083789590208285e-07,8.322975852272727e-07,168.71288785067472,58.12083906693892,40.56065226468173,55.0,1.0,auxiliary_external_image_dataset
GUJ_PANCHMAHAL_2023_2024,wheat,Rabi,sowing,sowing,2023-11-20,2023-11-30,0,10,0,1,0,126,Panchmahal,,,,2023,2024,2417.34,1,available,59.49999999999999,19.78181818181818,30.190909090909088,59.49999999999999,19.78181818181818,30.190909090909088,34.1,4,274.85,274.85,0.9161666666666666,0.0403720009024737,0.1312218251188366,0.2220716493351995,0.0080744001804947,-0.0200036175467443,0.0523219030117583,-0.0040007235093488,-0.0731684411883068,0.3847986193624804,-0.0146336882376613,59.49999999999999,274.85,0.0080744001804947,,,,,,,,,
GUJ_PANCHMAHAL_2023_2024,wheat,Rabi,early_vegetative,early_vegetative,2023-11-30,2023-12-10,10,20,1,2,10,126,Panchmahal,,,,2023,2024,2417.34,1,available,85.7,19.304761904761907,28.77142857142857,85.7,19.304761904761907,28.77142857142857,34.1,4,504.8,504.8,0.8413333333333334,0.2152992496046824,0.1230455031788291,0.2220716493351995,0.0102163996494634,0.1131248084375886,0.0504234055488884,0.0041031546176416,0.4225412358071386,0.2268067455697656,0.0089233183103862,85.7,504.8,0.0102163996494634,0.880794324372944,0.3849419227053033,0.837755705180921,137.38434640984786,174.4864686664782,48.70969892802992,19.0,1.0,auxiliary_external_image_dataset
GUJ_PANCHMAHAL_2023_2024,wheat,Rabi,tillering,tillering,2023-12-10,2023-12-30,20,40,2,3,20,126,Panchmahal,,,,2023,2024,2417.34,1,available,85.7,18.170731707317078,28.67560975609757,85.7,18.170731707317078,28.67560975609757,34.1,4,960.35,960.35,0.8002916666666667,0.1834777204156227,0.1736654744660501,0.2480318173256576,0.0079577870002876,0.0951385049067248,0.0910965891322898,0.0044485952879368,0.2854872197552924,0.4610960878433039,0.0216147775461215,85.7,960.35,0.0079577870002876,,,,,,,,,
GUJ_PANCHMAHAL_2023_2024,wheat,Rabi,stem_elongation,stem_elongation,2023-12-30,2024-01-19,40,60,3,4,40,126,Panchmahal,,,,2023,2024,2417.34,1,available,85.80000000000001,17.418032786885245,28.129508196721314,85.80000000000001,17.418032786885245,28.129508196721314,34.1,4,1389.2000000000005,1389.2000000000005,0.7717777777777779,0.2232866315312192,0.1506955926317619,0.2480318173256576,0.0040084025664153,0.1283820285725218,0.0745013688041588,0.0020181975470662,0.733320734951783,0.5437479772120322,0.0167895067891689,85.80000000000001,1389.2000000000005,0.0040084025664153,,,,,,,,,
GUJ_PANCHMAHAL_2023_2024,wheat,Rabi,booting_heading,booting_heading,2024-01-19,2024-02-08,60,80,4,5,60,126,Panchmahal,,,,2023,2024,2417.34,1,available,85.80000000000001,16.912345679012347,28.123456790123456,85.80000000000001,16.912345679012347,28.123456790123456,34.1,4,1823.95,1823.95,0.7599791666666667,0.2278387051844434,0.1612183194659313,0.2480318173256576,0.0034619558095429,0.108033012264638,0.080963553027825,0.0017683659782687,0.4518543452198816,0.5751204185318223,0.0131897241103755,85.80000000000001,1823.95,0.0034619558095429,,,,,,,,,
GUJ_PANCHMAHAL_2023_2024,wheat,Rabi,flowering,flowering,2024-02-08,2024-02-23,80,95,5,6,80,126,Panchmahal,,,,2023,2024,2417.34,1,available,86.30000000000001,17.075,28.515625,86.30000000000001,17.075,28.515625,34.1,8,2188.35,2188.35,0.7678421052631579,0.1306327639436038,0.1643755710470766,0.2480318173256576,0.002850198048224,0.07434929543445,0.0835274268475752,0.0014778128308826,0.9838584735107117,0.6059046141196173,0.0113019977898762,86.30000000000001,2188.35,0.002850198048224,0.667205568343874,0.207148998863766,0.5370890299479166,153.39161512586804,83.38302031017486,45.36198009006561,63.0,1.0,auxiliary_external_image_dataset
GUJ_PANCHMAHAL_2023_2024,wheat,Rabi,grain_filling_initial,grain_filling_initial,2024-02-23,2024-03-04,95,105,6,7,95,126,Panchmahal,,,,2023,2024,2417.34,1,available,90.2,17.169811320754718,28.80943396226415,90.2,17.169811320754718,28.80943396226415,36.1,13,2436.9,2436.9,0.7736190476190475,0.0110681279990529,0.1563067582550753,0.2480318173256576,0.0023819045835687,-0.0324121109469451,0.0774253459110215,0.001169789935096,-0.0177641795521351,0.5730799407684725,0.0093396662368168,90.2,2436.9,0.0023819045835687,0.64207763671875,0.2100675723866411,0.538883518528294,155.23204857078758,96.45987870499894,40.98217857979439,185.0,1.0,auxiliary_external_image_dataset
GUJ_PANCHMAHAL_2023_2024,wheat,Rabi,grain_filling,grain_filling,2024-03-04,2024-03-14,105,115,7,8,105,126,Panchmahal,,,,2023,2024,2417.34,1,available,90.2,17.20689655172414,29.10689655172413,90.2,17.20689655172414,29.10689655172413,36.1,18,2686.2000000000007,2686.2000000000007,0.7786086956521742,0.2143025601772051,0.16172074956309,0.2480318173256576,0.0022686088944244,0.1157537667015034,0.0811179733221932,0.0011444171040682,0.6250787359489615,0.5773689117871038,0.0083222032121407,90.2,2686.2000000000007,0.0022686088944244,0.0612841694294905,0.0121212011134459,0.035730185628939,174.61391897762522,91.87537351976924,38.60734619813807,238.0,1.0,auxiliary_external_image_dataset
GUJ_PANCHMAHAL_2023_2024,wheat,Rabi,maturity_preharvest,maturity_preharvest,2024-03-14,2024-03-25,115,130,8,9,115,126,Panchmahal,,,,2023,2024,2417.34,1,available,90.2,17.416535433070866,29.67007874015748,90.2,17.416535433070866,29.67007874015748,37.2,29,2989.9999999999995,2989.9999999999995,0.7910052910052909,0.2130463139889481,0.1663313276502224,0.2480318173256576,0.0021568071763598,0.1318072224156865,0.0850689541677727,0.0011275016973209,0.6293068709210564,0.5832532904984946,0.0076046261139428,90.2,2989.9999999999995,0.0021568071763598,0.0008408979936079,2.9083789590208285e-07,8.322975852272727e-07,168.71288785067472,58.12083906693892,40.56065226468173,55.0,1.0,auxiliary_external_image_dataset
GUJ_PATAN_2020_2021,wheat,Rabi,sowing,sowing,2020-11-20,2020-11-30,0,10,0,1,0,125,Patan,23.8507,72.1266,,2020,2021,2780.87,1,available,0.0,15.836363636363636,29.363636363636363,0.0,15.836363636363636,29.363636363636363,31.4,0,248.6,248.6,0.8286666666666668,0.2320388701464508,0.2180662923427042,0.2320388701464508,0.0410176354399464,0.1456260827668063,0.1324503292192813,0.0246962848635941,0.6857014399797725,0.7168723621208117,0.115059860777666,0.0,248.6,0.0410176354399464,,,,,,,,,
GUJ_PATAN_2020_2021,wheat,Rabi,early_vegetative,early_vegetative,2020-11-30,2020-12-10,10,20,1,2,10,125,Patan,23.8507,72.1266,,2020,2021,2780.87,1,available,0.0,16.447619047619046,30.5,0.0,16.447619047619046,30.5,32.0,3,492.95,492.95,0.8215833333333333,0.2217448878733818,0.2193559942493708,0.2320388701464508,0.0180830519479987,0.1283036674460217,0.1292178263797927,0.010437664369919,0.7163163201955358,0.6573786581714041,0.049793630119751,0.0,492.95,0.0180830519479987,0.880794324372944,0.3849419227053033,0.837755705180921,137.38434640984786,174.4864686664782,48.70969892802992,19.0,1.0,auxiliary_external_image_dataset
GUJ_PATAN_2020_2021,wheat,Rabi,tillering,tillering,2020-12-10,2020-12-30,20,40,2,3,20,125,Patan,23.8507,72.1266,,2020,2021,2780.87,1,available,0.0,15.16341463414634,28.602439024390247,0.0,15.16341463414634,28.602439024390247,32.0,3,897.2,897.2,0.7476666666666667,0.2174005920908145,0.2078600363929054,0.2320388701464508,0.008056433610874,0.1521656304445087,0.1230187187950292,0.0048021976816956,0.7038563183659352,0.5923138926199014,0.0222515989468775,0.0,897.2,0.008056433610874,,,,,,,,,
GUJ_PATAN_2020_2021,wheat,Rabi,stem_elongation,stem_elongation,2020-12-30,2021-01-19,40,60,3,4,40,125,Patan,23.8507,72.1266,,2020,2021,2780.87,1,available,0.0,14.378688524590164,28.18032786885246,0.0,14.378688524590164,28.18032786885246,32.0,3,1298.05,1298.05,0.7211388888888889,0.2136521971545953,0.1938307608008034,0.2320388701464508,0.0047164841991961,0.1207573065270207,0.1132412760299874,0.0027312538175349,0.5475885806234204,0.6400115391335457,0.0168014835748701,0.0,1298.05,0.0047164841991961,,,,,,,,,
GUJ_PATAN_2020_2021,wheat,Rabi,booting_heading,booting_heading,2021-01-19,2021-02-08,60,80,4,5,60,125,Patan,23.8507,72.1266,,2020,2021,2780.87,1,available,0.0,13.946913580246918,28.2283950617284,0.0,13.946913580246918,28.2283950617284,32.0,3,1708.1,1708.1,0.7117083333333334,0.1934918084765189,0.1950144985022385,0.2320388701464508,0.0036378262012546,0.1221952965228862,0.1153205409127139,0.0021634758145651,0.5397267397965058,0.6110884741409566,0.0114068487520379,0.0,1708.1,0.0036378262012546,,,,,,,,,
GUJ_PATAN_2020_2021,wheat,Rabi,flowering,flowering,2021-02-08,2021-02-23,80,95,5,6,80,125,Patan,23.8507,72.1266,,2020,2021,2780.87,1,available,0.0,14.258333333333333,28.852083333333336,0.0,14.258333333333333,28.852083333333336,33.8,13,2069.3,2069.3,0.7260701754385965,0.1873900914403661,0.1936491443351594,0.2320388701464508,0.0030807749204814,0.1082675076404232,0.1143260034226977,0.0018234115085006,0.4537174882979853,0.5900750292291678,0.009131469138527,0.0,2069.3,0.0030807749204814,0.667205568343874,0.207148998863766,0.5370890299479166,153.39161512586804,83.38302031017486,45.36198009006561,63.0,1.0,auxiliary_external_image_dataset
GUJ_PATAN_2020_2021,wheat,Rabi,grain_filling_initial,grain_filling_initial,2021-02-23,2021-03-05,95,105,6,7,95,125,Patan,23.8507,72.1266,,2020,2021,2780.87,1,available,0.0,14.676415094339625,29.405660377358487,0.0,14.676415094339625,29.405660377358487,37.2,23,2336.3499999999995,2336.3499999999995,0.7416984126984125,0.1846788194905965,0.192051436261355,0.2320388701464508,0.0027279444768722,0.1147042499892649,0.1131534447648587,0.0016077789905543,0.4370746945416437,0.57601189269009,0.007862955203437,0.0,2336.3499999999995,0.0027279444768722,0.64207763671875,0.2100675723866411,0.538883518528294,155.23204857078758,96.45987870499894,40.98217857979439,185.0,1.0,auxiliary_external_image_dataset
GUJ_PATAN_2020_2021,wheat,Rabi,grain_filling,grain_filling,2021-03-05,2021-03-15,105,115,7,8,105,125,Patan,23.8507,72.1266,,2020,2021,2780.87,1,available,0.0,15.152586206896553,29.985344827586207,0.0,15.152586206896553,29.985344827586207,37.2,33,2618.0,2618.0,0.758840579710145,0.1754160192041025,0.1905862474723257,0.2320388701464508,0.0024498874466467,0.0976816694120835,0.1113532935178002,0.0014196563845872,0.4202185016434218,0.5610134342349707,0.0068344527395652,0.0,2618.0,0.0024498874466467,0.0612841694294905,0.0121212011134459,0.035730185628939,174.61391897762522,91.87537351976924,38.60734619813807,238.0,1.0,auxiliary_external_image_dataset
GUJ_PATAN_2020_2021,wheat,Rabi,maturity_preharvest,maturity_preharvest,2021-03-15,2021-03-25,115,130,8,9,115,125,Patan,23.8507,72.1266,,2020,2021,2780.87,1,available,0.0,15.709523809523809,30.55793650793651,0.0,15.709523809523809,30.55793650793651,37.8,43,2914.8499999999995,2914.8499999999995,0.7772933333333332,0.175369700167544,0.1898654614006773,0.2320388701464508,0.0022754676550947,0.0919096938748539,0.1105663364065338,0.0013107651974058,0.4058419415681328,0.5516578199838823,0.0062119115398195,0.0,2914.8499999999995,0.0022754676550947,0.0008408979936079,2.9083789590208285e-07,8.322975852272727e-07,168.71288785067472,58.12083906693892,40.56065226468173,55.0,1.0,auxiliary_external_image_dataset
GUJ_PATAN_2021_2022,wheat,Rabi,sowing,sowing,2021-11-20,2021-11-30,0,10,0,1,0,125,Patan,23.8507,72.1266,,2021,2022,2903.98,1,available,0.1,17.572727272727274,29.42727272727272,0.1,17.572727272727274,29.42727272727272,30.6,0,258.5,258.5,0.8616666666666667,0.2299155973795799,0.2137940276323339,0.2469914020560064,0.042137085742468,0.1354085458625546,0.123794129762166,0.0251180289512718,0.7932503254365466,1.1987989644751946,0.1746289480453028,0.1,258.5,0.042137085742468,,,,,,,,,
GUJ_PATAN_2021_2022,wheat,Rabi,early_vegetative,early_vegetative,2021-11-30,2021-12-10,10,20,1,2,10,125,Patan,23.8507,72.1266,,2021,2022,2903.98,1,available,0.1,17.190476190476193,27.87619047619048,0.1,17.190476190476193,27.87619047619048,30.6,0,473.2,473.2,0.7886666666666666,0.2397044739971492,0.194133757191589,0.2469914020560064,0.0152763894683439,0.1425228460262497,0.1095086158778594,0.0086272608621357,0.8067651573078547,0.9120066737885628,0.0534502888531154,0.1,473.2,0.0152763894683439,0.880794324372944,0.3849419227053033,0.837755705180921,137.38434640984786,174.4864686664782,48.70969892802992,19.0,1.0,auxiliary_external_image_dataset
GUJ_PATAN_2021_2022,wheat,Rabi,tillering,tillering,2021-12-10,2021-12-30,20,40,2,3,20,125,Patan,23.8507,72.1266,,2021,2022,2903.98,1,available,10.2,14.870731707317072,26.37804878048781,10.2,14.870731707317072,26.37804878048781,30.6,0,845.6000000000001,845.6000000000001,0.7046666666666668,0.1855344442345197,0.2087845253097111,0.2500085170414437,0.0087730730797396,0.1061552974590233,0.1233845159978621,0.0052856508387251,0.9594276390915608,0.9337498776564096,0.035633493631987,10.2,845.6000000000001,0.0087730730797396,,,,,,,,,
GUJ_PATAN_2021_2022,wheat,Rabi,stem_elongation,stem_elongation,2021-12-30,2022-01-19,40,60,3,4,40,125,Patan,23.8507,72.1266,,2021,2022,2903.98,1,available,20.7,13.97704918032787,25.4655737704918,20.7,13.97704918032787,25.4655737704918,30.6,0,1203.0000000000002,1203.0000000000002,0.6683333333333334,0.2111434756854059,0.2085060778274029,0.2500085170414437,0.0054229642621135,0.1137568025900814,0.1220265463368844,0.0031834178256118,0.6097077347325218,0.9360179459345582,0.0229652698274121,20.7,1203.0000000000002,0.0054229642621135,,,,,,,,,
GUJ_PATAN_2021_2022,wheat,Rabi,booting_heading,booting_heading,2022-01-19,2022-02-08,60,80,4,5,60,125,Patan,23.8507,72.1266,,2021,2022,2903.98,1,available,20.8,13.396296296296295,25.48765432098765,20.8,13.396296296296295,25.48765432098765,30.6,0,1574.8,1574.8,0.6561666666666667,0.2094964822051638,0.2070116267231353,0.2500085170414437,0.003897419132192,0.1250608074384168,0.1213061317447551,0.0022918205363299,0.5070401083130959,0.7595129555111747,0.0116173540751405,20.8,1574.8,0.003897419132192,,,,,,,,,
GUJ_PATAN_2021_2022,wheat,Rabi,flowering,flowering,2022-02-08,2022-02-23,80,95,5,6,80,125,Patan,23.8507,72.1266,,2021,2022,2903.98,1,available,20.8,13.6,26.1125,20.8,13.6,26.1125,32.2,3,1906.2,1906.2,0.6688421052631579,0.2026581116368638,0.2067848332422294,0.2500085170414437,0.003259189656088,0.1153473374437509,0.1203813893125005,0.0018917968984619,0.5093720128694188,0.718158722312826,0.0092472276093488,20.8,1906.2,0.003259189656088,0.667205568343874,0.207148998863766,0.5370890299479166,153.39161512586804,83.38302031017486,45.36198009006561,63.0,1.0,auxiliary_external_image_dataset
GUJ_PATAN_2021_2022,wheat,Rabi,grain_filling_initial,grain_filling_initial,2022-02-23,2022-03-05,95,105,6,7,95,125,Patan,23.8507,72.1266,,2021,2022,2903.98,1,available,20.8,13.970754716981132,26.71509433962264,20.8,13.970754716981132,26.71509433962264,33.2,12,2156.3500000000004,2156.3500000000004,0.6845555555555557,0.2003143384839371,0.2055157816933864,0.2500085170414437,0.0029129474944739,0.1195484257449098,0.1194423329425415,0.0016863938897029,0.4721214121115004,0.6943438261293315,0.0080819385454813,20.8,2156.3500000000004,0.0029129474944739,0.64207763671875,0.2100675723866411,0.538883518528294,155.23204857078758,96.45987870499894,40.98217857979439,185.0,1.0,auxiliary_external_image_dataset
GUJ_PATAN_2021_2022,wheat,Rabi,grain_filling,grain_filling,2022-03-05,2022-03-15,105,115,7,8,105,125,Patan,23.8507,72.1266,,2021,2022,2903.98,1,available,20.8,14.457758620689656,27.525,20.8,14.457758620689656,27.525,39.2,22,2435.0,2435.0,0.7057971014492753,0.1889110357645048,0.2038749433430939,0.2500085170414437,0.0026215493465142,0.105676394376738,0.1180717382156625,0.0015083395886314,0.4841426203699766,0.6726135601680503,0.0071370971033671,20.8,2435.0,0.0026215493465142,0.0612841694294905,0.0121212011134459,0.035730185628939,174.61391897762522,91.87537351976924,38.60734619813807,238.0,1.0,auxiliary_external_image_dataset
GUJ_PATAN_2021_2022,wheat,Rabi,maturity_preharvest,maturity_preharvest,2022-03-15,2022-03-25,115,130,8,9,115,125,Patan,23.8507,72.1266,,2021,2022,2903.98,1,available,20.8,15.021428571428574,28.357936507936504,20.8,15.021428571428574,28.357936507936504,39.3,32,2732.9,2732.9,0.7287733333333334,0.1370359837171308,0.2016096868390903,0.2500085170414437,0.0023652915217283,0.0779857411860278,0.1165681328853998,0.0013578803997407,0.0034306883547395,0.6438077553030718,0.0061499776275342,20.8,2732.9,0.0023652915217283,0.0008408979936079,2.9083789590208285e-07,8.322975852272727e-07,168.71288785067472,58.12083906693892,40.56065226468173,55.0,1.0,auxiliary_external_image_dataset
GUJ_PATAN_2022_2023,wheat,Rabi,sowing,sowing,2022-11-20,2022-11-30,0,10,0,1,0,125,Patan,23.8507,72.1266,,2022,2023,2783.09,1,available,0.0,15.609090909090908,30.227272727272727,0.0,15.609090909090908,30.227272727272727,30.7,0,252.1,252.1,0.8403333333333333,0.2238938583300854,0.224855147003797,0.2276147965229361,0.0404495798240101,0.1351588773510277,0.1344690687436326,0.0244429604669821,0.6500776877739775,0.593005577336136,0.1076357426067713,0.0,252.1,0.0404495798240101,,,,,,,,,
GUJ_PATAN_2022_2023,wheat,Rabi,early_vegetative,early_vegetative,2022-11-30,2022-12-10,10,20,1,2,10,125,Patan,23.8507,72.1266,,2022,2023,2783.09,1,available,0.0,15.347619047619045,29.909523809523805,0.0,15.347619047619045,29.909523809523805,30.7,0,475.2,475.2,0.7919999999999999,0.2168989209813409,0.2179325430294988,0.2276147965229361,0.017374664542682,0.1337700809635187,0.1294614224761925,0.0102772193537874,0.7013322164728704,0.6020140059015475,0.0496401919209421,0.0,475.2,0.017374664542682,0.880794324372944,0.3849419227053033,0.837755705180921,137.38434640984786,174.4864686664782,48.70969892802992,19.0,1.0,auxiliary_external_image_dataset
GUJ_PATAN_2022_2023,wheat,Rabi,tillering,tillering,2022-12-10,2022-12-30,20,40,2,3,20,125,Patan,23.8507,72.1266,,2022,2023,2783.09,1,available,0.0,15.629268292682926,29.780487804878053,0.0,15.629268292682926,29.780487804878053,32.2,2,930.9,930.9,0.7757499999999999,0.1968517236967225,0.2122880850803038,0.2276147965229361,0.0081337474534406,0.1137666044101057,0.1219379567081577,0.0045977515939382,0.7602737963421506,0.5996846039722779,0.0233318384276266,0.0,930.9,0.0081337474534406,,,,,,,,,
GUJ_PATAN_2022_2023,wheat,Rabi,stem_elongation,stem_elongation,2022-12-30,2023-01-19,40,60,3,4,40,125,Patan,23.8507,72.1266,,2022,2023,2783.09,1,available,0.0,14.673770491803277,28.83278688524591,0.0,14.673770491803277,28.83278688524591,32.2,2,1326.9500000000005,1326.9500000000005,0.7371944444444446,0.2085004405828074,0.2080084206455389,0.2276147965229361,0.0052097135404478,0.1304697420833293,0.1198514924494071,0.0029885908008668,0.6327803909429617,0.6001011836498459,0.0153849401989059,0.0,1326.9500000000005,0.0052097135404478,,,,,,,,,
GUJ_PATAN_2022_2023,wheat,Rabi,booting_heading,booting_heading,2023-01-19,2023-02-08,60,80,4,5,60,125,Patan,23.8507,72.1266,,2022,2023,2783.09,1,available,12.8,14.165432098765434,28.348148148148145,12.8,14.165432098765434,28.348148148148145,32.2,2,1721.8,1721.8,0.7174166666666667,0.187052829307271,0.2071682306034998,0.2289682444192683,0.0038960987099157,0.1014197774800446,0.1193713923247995,0.0022398762485038,0.7857425893729215,0.6088275100780827,0.0118266975359609,12.8,1721.8,0.0038960987099157,,,,,,,,,
GUJ_PATAN_2022_2023,wheat,Rabi,flowering,flowering,2023-02-08,2023-02-23,80,95,5,6,80,125,Patan,23.8507,72.1266,,2022,2023,2783.09,1,available,12.8,14.199999999999998,28.784375,12.8,14.199999999999998,28.784375,33.8,7,2063.25,2063.25,0.7239473684210527,0.1878845289004044,0.2050824828567891,0.2289682444192683,0.0032235641613909,0.1075729974734095,0.1185251521503753,0.0018654918654558,0.4716839923188682,0.591930594633955,0.0093749041510161,12.8,2063.25,0.0032235641613909,0.667205568343874,0.207148998863766,0.5370890299479166,153.39161512586804,83.38302031017486,45.36198009006561,63.0,1.0,auxiliary_external_image_dataset
GUJ_PATAN_2022_2023,wheat,Rabi,grain_filling_initial,grain_filling_initial,2023-02-23,2023-03-05,95,105,6,7,95,125,Patan,23.8507,72.1266,,2022,2023,2783.09,1,available,12.8,14.549056603773582,29.29245283018868,12.8,14.549056603773582,29.29245283018868,36.8,16,2323.6,2323.6,0.7376507936507937,0.1995914177832797,0.2036817840082906,0.2289682444192683,0.0028843759839733,0.1082617836460074,0.1176279749672888,0.0016660218785029,0.4571333874049846,0.5881966100383264,0.008381649225006,12.8,2323.6,0.0028843759839733,0.64207763671875,0.2100675723866411,0.538883518528294,155.23204857078758,96.45987870499894,40.98217857979439,185.0,1.0,auxiliary_external_image_dataset
GUJ_PATAN_2022_2023,wheat,Rabi,grain_filling,grain_filling,2023-03-05,2023-03-15,105,115,7,8,105,125,Patan,23.8507,72.1266,,2022,2023,2783.09,1,available,13.0,15.00258620689655,29.71293103448276,13.0,15.00258620689655,29.71293103448276,36.8,26,2593.4999999999995,2593.4999999999995,0.7517391304347825,0.163093861544368,0.2022757249302756,0.2289682444192683,0.0026038194333309,0.0865848534698706,0.1159926787271176,0.0014830567082718,0.4024034328166249,0.5805111268148581,0.0074669804872585,13.0,2593.4999999999995,0.0026038194333309,0.0612841694294905,0.0121212011134459,0.035730185628939,174.61391897762522,91.87537351976924,38.60734619813807,238.0,1.0,auxiliary_external_image_dataset
GUJ_PATAN_2022_2023,wheat,Rabi,maturity_preharvest,maturity_preharvest,2023-03-15,2023-03-25,115,130,8,9,115,125,Patan,23.8507,72.1266,,2022,2023,2783.09,1,available,13.8,15.413492063492065,29.913492063492065,13.8,15.413492063492065,29.913492063492065,36.8,32,2855.6,2855.6,0.7614933333333334,0.1443010908354017,0.1983736647388014,0.2289682444192683,0.0023110566433618,0.0683704680513587,0.1125369255699027,0.0012887635503129,1.016898431225132,0.579416207230439,0.0068771278909531,13.8,2855.6,0.0023110566433618,0.0008408979936079,2.9083789590208285e-07,8.322975852272727e-07,168.71288785067472,58.12083906693892,40.56065226468173,55.0,1.0,auxiliary_external_image_dataset
GUJ_PATAN_2023_2024,wheat,Rabi,sowing,sowing,2023-11-20,2023-11-30,0,10,0,1,0,126,Patan,23.8507,72.1266,,2023,2024,2822.57,1,available,25.5,17.472727272727273,28.627272727272725,25.5,17.472727272727273,28.627272727272725,32.2,1,253.55,253.55,0.8451666666666667,0.1050184880018463,0.1936896118024582,0.2383495017580836,0.0228402095718455,0.0439029360832893,0.1032345028212683,0.0112031513968719,0.7110315394291994,0.6041328094209947,0.1191834342649239,25.5,253.55,0.0228402095718455,,,,,,,,,
GUJ_PATAN_2023_2024,wheat,Rabi,early_vegetative,early_vegetative,2023-11-30,2023-12-10,10,20,1,2,10,126,Patan,23.8507,72.1266,,2023,2024,2822.57,1,available,26.0,16.961904761904762,27.81904761904762,26.0,16.961904761904762,27.81904761904762,32.2,1,470.2000000000001,470.2000000000001,0.7836666666666667,0.224623175342531,0.1849686784556576,0.2383495017580836,0.0140206988614425,0.129857422635139,0.0992679308387938,0.0075396234077917,0.7211262817537384,0.5037430768149057,0.0394410413825428,26.0,470.2000000000001,0.0140206988614425,0.880794324372944,0.3849419227053033,0.837755705180921,137.38434640984786,174.4864686664782,48.70969892802992,19.0,1.0,auxiliary_external_image_dataset
GUJ_PATAN_2023_2024,wheat,Rabi,tillering,tillering,2023-12-10,2023-12-30,20,40,2,3,20,126,Patan,23.8507,72.1266,,2023,2024,2822.57,1,available,26.0,15.948780487804877,27.617073170731707,26.0,15.948780487804877,27.617073170731707,32.2,1,893.0999999999999,893.0999999999999,0.74425,0.0688814809046856,0.1930581608943472,0.2383495017580836,0.0070784293058501,0.0224228281958048,0.1073622326480521,0.0039774605377462,0.4833608988718932,0.6354045620656635,0.0257241865522609,26.0,893.0999999999999,0.0070784293058501,,,,,,,,,
GUJ_PATAN_2023_2024,wheat,Rabi,stem_elongation,stem_elongation,2023-12-30,2024-01-19,40,60,3,4,40,126,Patan,23.8507,72.1266,,2023,2024,2822.57,1,available,26.0,14.719672131147542,27.083606557377056,26.0,14.719672131147542,27.083606557377056,32.2,1,1275.0,1275.0,0.7083333333333334,0.2234025566699303,0.2022874061805016,0.2383495017580836,0.0052281876969725,0.1283225469202578,0.1137295245419137,0.0029680209746744,0.5963474487084892,0.6329265722665676,0.0164800136418903,26.0,1275.0,0.0052281876969725,,,,,,,,,
GUJ_PATAN_2023_2024,wheat,Rabi,booting_heading,booting_heading,2024-01-19,2024-02-08,60,80,4,5,60,126,Patan,23.8507,72.1266,,2023,2024,2822.57,1,available,26.0,14.62716049382716,27.30123456790124,26.0,14.62716049382716,27.30123456790124,32.2,1,1698.1,1698.1,0.7075416666666666,0.1951972724269827,0.2018171047172499,0.2383495017580836,0.0038797807181278,0.0985932449491156,0.1125434380128165,0.0021562214853111,0.4894937085842868,0.6116590936575605,0.0115131564114321,26.0,1698.1,0.0038797807181278,,,,,,,,,
GUJ_PATAN_2023_2024,wheat,Rabi,flowering,flowering,2024-02-08,2024-02-23,80,95,5,6,80,126,Patan,23.8507,72.1266,,2023,2024,2822.57,1,available,26.0,14.847916666666668,27.722916666666663,26.0,14.847916666666668,27.722916666666663,33.2,5,2043.4,2043.4,0.7169824561403509,0.1232378894002173,0.1972845784972599,0.2383495017580836,0.0030348653527596,0.0713851930736484,0.1106608813821213,0.0017055605752834,0.1367149407630427,0.591925369293438,0.0088655152921396,26.0,2043.4,0.0030348653527596,0.667205568343874,0.207148998863766,0.5370890299479166,153.39161512586804,83.38302031017486,45.36198009006561,63.0,1.0,auxiliary_external_image_dataset
GUJ_PATAN_2023_2024,wheat,Rabi,grain_filling_initial,grain_filling_initial,2024-02-23,2024-03-04,95,105,6,7,95,126,Patan,23.8507,72.1266,,2023,2024,2822.57,1,available,41.6,14.983962264150945,27.966037735849056,41.6,14.983962264150945,27.966037735849056,35.5,9,2276.3500000000004,2276.3500000000004,0.7226507936507938,0.086453671389671,0.1896093095599924,0.2383495017580836,0.0025382379568935,0.0355594438764927,0.1056821683514024,0.0014081712304591,0.0354403206398656,0.5448488255165395,0.0068279596942144,41.6,2276.3500000000004,0.0025382379568935,0.64207763671875,0.2100675723866411,0.538883518528294,155.23204857078758,96.45987870499894,40.98217857979439,185.0,1.0,auxiliary_external_image_dataset
GUJ_PATAN_2023_2024,wheat,Rabi,grain_filling,grain_filling,2024-03-04,2024-03-14,105,115,7,8,105,126,Patan,23.8507,72.1266,,2023,2024,2822.57,1,available,41.6,15.112931034482758,28.261206896551727,41.6,15.112931034482758,28.261206896551727,35.5,14,2515.7,2515.7,0.7291884057971014,0.1795846469866699,0.1890141601858455,0.2383495017580836,0.0023185117347844,0.1002839463555008,0.1053999459661237,0.0012883091283042,0.5180152820405801,0.5412656085639016,0.0062743410740929,41.6,2515.7,0.0023185117347844,0.0612841694294905,0.0121212011134459,0.035730185628939,174.61391897762522,91.87537351976924,38.60734619813807,238.0,1.0,auxiliary_external_image_dataset
GUJ_PATAN_2023_2024,wheat,Rabi,maturity_preharvest,maturity_preharvest,2024-03-14,2024-03-25,115,130,8,9,115,126,Patan,23.8507,72.1266,,2023,2024,2822.57,1,available,41.6,15.571653543307088,28.94645669291338,41.6,15.571653543307088,28.94645669291338,38.0,25,2826.9000000000005,2826.9000000000005,0.747857142857143,0.1770438134348972,0.1877948332915372,0.2383495017580836,0.0021212637588802,0.1007193746982554,0.1048575003419634,0.0011823716535858,0.5204901167135153,0.5352942295993113,0.0057436315066983,41.6,2826.9000000000005,0.0021212637588802,0.0008408979936079,2.9083789590208285e-07,8.322975852272727e-07,168.71288785067472,58.12083906693892,40.56065226468173,55.0,1.0,auxiliary_external_image_dataset
GUJ_PORBANDAR_2020_2021,wheat,Rabi,sowing,sowing,2020-11-20,2020-11-30,0,10,0,1,0,125,Porbandar,,,,2020,2021,3386.79,1,available,0.0,19.436363636363637,30.35454545454546,0.0,19.436363636363637,30.35454545454546,31.7,0,273.85,273.85,0.9128333333333334,0.2111767846680832,0.2180334260920172,0.2248900675159512,0.0422353569336166,0.1133945570605718,0.1327601120307806,0.0226789114121143,0.4243383182711537,0.5359357272517943,0.0848676636542307,0.0,273.85,0.0422353569336166,,,,,,,,,
GUJ_PORBANDAR_2020_2021,wheat,Rabi,early_vegetative,early_vegetative,2020-11-30,2020-12-10,10,20,1,2,10,125,Porbandar,,,,2020,2021,3386.79,1,available,0.0,20.1047619047619,31.057142857142853,0.0,20.1047619047619,31.057142857142853,33.0,4,537.1999999999999,537.1999999999999,0.8953333333333332,0.1971267086624032,0.2057200708744512,0.2248900675159512,0.0168847193708289,0.1074564244780023,0.1168342058687915,0.008921202576654,0.5279863180648616,0.533151794471149,0.0439113726156861,0.0,537.1999999999999,0.0168847193708289,0.880794324372944,0.3849419227053033,0.837755705180921,137.38434640984786,174.4864686664782,48.70969892802992,19.0,1.0,auxiliary_external_image_dataset
GUJ_PORBANDAR_2020_2021,wheat,Rabi,tillering,tillering,2020-12-10,2020-12-30,20,40,2,3,20,125,Porbandar,,,,2020,2021,3386.79,1,available,0.4,18.653658536585365,29.47073170731707,0.4,18.653658536585365,29.47073170731707,33.0,4,986.55,986.55,0.8221250000000001,0.1987788005959659,0.2001577649887133,0.2257803045617762,0.0079070098875814,0.1194004110322523,0.118275666887723,0.004734038152318,0.6442543884504028,0.6494257741218856,0.0273293157047614,0.4,986.55,0.0079070098875814,,,,,,,,,
GUJ_PORBANDAR_2020_2021,wheat,Rabi,stem_elongation,stem_elongation,2020-12-30,2021-01-19,40,60,3,4,40,125,Porbandar,,,,2020,2021,3386.79,1,available,0.4,17.539344262295085,28.770491803278684,0.4,17.539344262295085,28.770491803278684,33.0,4,1412.4499999999998,1412.4499999999998,0.7846944444444444,0.1983891591709808,0.1944888076144846,0.2257803045617762,0.0049324299796442,0.1148892343196779,0.1151132851179437,0.0029297473553011,0.5164433056785522,0.6714546257277711,0.0179838013872522,0.4,1412.4499999999998,0.0049324299796442,,,,,,,,,
GUJ_PORBANDAR_2020_2021,wheat,Rabi,booting_heading,booting_heading,2021-01-19,2021-02-08,60,80,4,5,60,125,Porbandar,,,,2020,2021,3386.79,1,available,0.4,17.30246913580247,28.756790123456792,0.4,17.30246913580247,28.756790123456792,33.0,4,1865.4,1865.4,0.77725,0.1978022710297766,0.1949429428559759,0.2257803045617762,0.0037235932513996,0.1116975724026558,0.1173305016613747,0.0022729252779021,0.3875901786365616,0.6454893857492655,0.0122468747999831,0.4,1865.4,0.0037235932513996,,,,,,,,,
GUJ_PORBANDAR_2020_2021,wheat,Rabi,flowering,flowering,2021-02-08,2021-02-23,80,95,5,6,80,125,Porbandar,,,,2020,2021,3386.79,1,available,0.4,17.572916666666668,28.96145833333333,0.4,17.572916666666668,28.96145833333333,33.3,10,2233.65,2233.65,0.7837368421052632,0.1770137625922723,0.1916405308469261,0.2257803045617762,0.0030310714869771,0.0971880509560015,0.1140490318077747,0.0018020503449398,0.4209805885651793,0.6143566319694296,0.009357157125217,0.4,2233.65,0.0030310714869771,0.667205568343874,0.207148998863766,0.5370890299479166,153.39161512586804,83.38302031017486,45.36198009006561,63.0,1.0,auxiliary_external_image_dataset
GUJ_PORBANDAR_2020_2021,wheat,Rabi,grain_filling_initial,grain_filling_initial,2021-02-23,2021-03-05,95,105,6,7,95,125,Porbandar,,,,2020,2021,3386.79,1,available,0.4,17.847169811320754,29.213207547169816,0.4,17.847169811320754,29.213207547169816,33.8,15,2494.2,2494.2,0.7918095238095237,0.1641261648482955,0.1885732085540944,0.2257803045617762,0.0026609932803042,0.098178987306936,0.1112105503716283,0.0015541539366111,0.4703670781223144,0.5977666068581504,0.0080744056417403,0.4,2494.2,0.0026609932803042,0.64207763671875,0.2100675723866411,0.538883518528294,155.23204857078758,96.45987870499894,40.98217857979439,185.0,1.0,auxiliary_external_image_dataset
GUJ_PORBANDAR_2020_2021,wheat,Rabi,grain_filling,grain_filling,2021-03-05,2021-03-15,105,115,7,8,105,125,Porbandar,,,,2020,2021,3386.79,1,available,0.4,18.182758620689658,29.363793103448277,0.4,18.182758620689658,29.363793103448277,34.8,17,2757.7,2757.7,0.7993333333333331,0.1578717252492518,0.185704980287959,0.2257803045617762,0.0023651038632065,0.0856134629731387,0.1087738578729737,0.0013639864607168,0.5380973537325335,0.5885553217231712,0.0072233446682768,0.4,2757.7,0.0023651038632065,0.0612841694294905,0.0121212011134459,0.035730185628939,174.61391897762522,91.87537351976924,38.60734619813807,238.0,1.0,auxiliary_external_image_dataset
GUJ_PORBANDAR_2020_2021,wheat,Rabi,maturity_preharvest,maturity_preharvest,2021-03-15,2021-03-25,115,130,8,9,115,125,Porbandar,,,,2020,2021,3386.79,1,available,0.4,18.507142857142856,29.63253968253968,0.4,18.507142857142856,29.63253968253968,36.3,23,3032.800000000001,3032.800000000001,0.808746666666667,0.1477233065465701,0.1825251592111414,0.2257803045617762,0.0021118204524476,0.0759923836704571,0.1061892777168657,0.001203065279517,0.4013410942946813,0.5732282524163903,0.0063561137192945,0.4,3032.800000000001,0.0021118204524476,0.0008408979936079,2.9083789590208285e-07,8.322975852272727e-07,168.71288785067472,58.12083906693892,40.56065226468173,55.0,1.0,auxiliary_external_image_dataset
GUJ_PORBANDAR_2021_2022,wheat,Rabi,sowing,sowing,2021-11-20,2021-11-30,0,10,0,1,0,125,Porbandar,,,,2021,2022,3699.69,1,available,0.2,21.3,31.327272727272728,0.2,21.3,31.327272727272728,33.1,4,289.45000000000005,289.45000000000005,0.9648333333333334,0.2261502564149407,0.1700076090103265,0.2261502564149407,0.0452300512829881,0.1453049568912332,0.0974434470257292,0.0290609913782466,0.7749736617818419,0.8147760683861007,0.1549947323563683,0.2,289.45000000000005,0.0452300512829881,,,,,,,,,
GUJ_PORBANDAR_2021_2022,wheat,Rabi,early_vegetative,early_vegetative,2021-11-30,2021-12-10,10,20,1,2,10,125,Porbandar,,,,2021,2022,3699.69,1,available,1.7,20.933333333333337,30.35238095238096,1.7,20.933333333333337,30.35238095238096,33.1,4,538.5,538.5,0.8975,0.213521277948769,0.1845121653231407,0.2261502564149407,0.0173342818052249,0.1305658120247552,0.1084842353587379,0.0107400478593099,0.7874665394375782,0.8056728920699264,0.0627474656018915,1.7,538.5,0.0173342818052249,0.880794324372944,0.3849419227053033,0.837755705180921,137.38434640984786,174.4864686664782,48.70969892802992,19.0,1.0,auxiliary_external_image_dataset
GUJ_PORBANDAR_2021_2022,wheat,Rabi,tillering,tillering,2021-12-10,2021-12-30,20,40,2,3,20,125,Porbandar,,,,2021,2022,3699.69,1,available,2.1,19.202439024390245,28.96097560975609,2.1,19.202439024390245,28.96097560975609,33.1,4,987.35,987.35,0.8227916666666666,0.1745238930182327,0.1993125987305145,0.2370324913938235,0.0079622975961175,0.1019110904899544,0.1200704150842752,0.0048890881488275,1.4458787309877137,0.8413749096024609,0.0347871347332858,2.1,987.35,0.0079622975961175,,,,,,,,,
GUJ_PORBANDAR_2021_2022,wheat,Rabi,stem_elongation,stem_elongation,2021-12-30,2022-01-19,40,60,3,4,40,125,Porbandar,,,,2021,2022,3699.69,1,available,8.4,18.39016393442623,28.037704918032787,8.4,18.39016393442623,28.037704918032787,33.1,4,1416.05,1416.05,0.7866944444444445,0.2335736596058265,0.186691068939853,0.2370324913938235,0.0047377189371034,0.1518964870438941,0.1101381974323596,0.0028022439603859,0.8152982062152161,0.7160049961388295,0.0171402308186824,8.4,1416.05,0.0047377189371034,,,,,,,,,
GUJ_PORBANDAR_2021_2022,wheat,Rabi,booting_heading,booting_heading,2022-01-19,2022-02-08,60,80,4,5,60,125,Porbandar,,,,2021,2022,3699.69,1,available,9.5,17.85679012345679,27.450617283950617,9.5,17.85679012345679,27.450617283950617,33.1,4,1834.95,1834.95,0.7645624999999999,0.1870645581793673,0.1932158352779014,0.2370324913938235,0.0037653439134001,0.1257197375413687,0.1154206171737164,0.0022769525694224,0.6637696670383241,0.6909859104140188,0.0123990513941741,9.5,1834.95,0.0037653439134001,,,,,,,,,
GUJ_PORBANDAR_2021_2022,wheat,Rabi,flowering,flowering,2022-02-08,2022-02-23,80,95,5,6,80,125,Porbandar,,,,2021,2022,3699.69,1,available,9.5,17.962500000000002,27.703125,9.5,17.962500000000002,27.703125,33.7,7,2191.95,2191.95,0.7691052631578946,0.1854125215267631,0.1925533285488418,0.2370324913938235,0.0031274841460214,0.1041667673683373,0.113223915940395,0.0018329680977652,0.4866778701454005,0.6663937046370846,0.0099117302358676,9.5,2191.95,0.0031274841460214,0.667205568343874,0.207148998863766,0.5370890299479166,153.39161512586804,83.38302031017486,45.36198009006561,63.0,1.0,auxiliary_external_image_dataset
GUJ_PORBANDAR_2021_2022,wheat,Rabi,grain_filling_initial,grain_filling_initial,2022-02-23,2022-03-05,95,105,6,7,95,125,Porbandar,,,,2021,2022,3699.69,1,available,9.5,18.156603773584905,28.08207547169811,9.5,18.156603773584905,28.08207547169811,33.9,13,2450.65,2450.65,0.7779841269841269,0.1589479926927145,0.1896761534350534,0.2370324913938235,0.0027424576811712,0.0823944571318738,0.1107148642454136,0.001585725948901,0.4357083602769721,0.6474705700367482,0.0085756342443032,9.5,2450.65,0.0027424576811712,0.64207763671875,0.2100675723866411,0.538883518528294,155.23204857078758,96.45987870499894,40.98217857979439,185.0,1.0,auxiliary_external_image_dataset
GUJ_PORBANDAR_2021_2022,wheat,Rabi,grain_filling,grain_filling,2022-03-05,2022-03-15,105,115,7,8,105,125,Porbandar,,,,2021,2022,3699.69,1,available,9.5,18.521551724137936,28.65344827586207,9.5,18.521551724137936,28.65344827586207,36.0,23,2736.15,2736.15,0.793086956521739,0.1561146489204014,0.1874002349427358,0.2370324913938235,0.0024463443587932,0.0765166750880868,0.1089565705461912,0.0014053105846535,0.3457269364570565,0.6289740934770127,0.0074852523043137,9.5,2736.15,0.0024463443587932,0.0612841694294905,0.0121212011134459,0.035730185628939,174.61391897762522,91.87537351976924,38.60734619813807,238.0,1.0,auxiliary_external_image_dataset
GUJ_PORBANDAR_2021_2022,wheat,Rabi,maturity_preharvest,maturity_preharvest,2022-03-15,2022-03-25,115,130,8,9,115,125,Porbandar,,,,2021,2022,3699.69,1,available,9.5,18.820634920634923,29.04920634920635,9.5,18.820634920634923,29.04920634920635,36.2,30,3015.8,3015.8,0.8042133333333332,0.155400439407955,0.1851993990944785,0.2370324913938235,0.0022030803586381,0.0806813057795923,0.1072272898887059,0.0012571806683039,0.4220043928241869,0.6218838300336688,0.0068351284599799,9.5,3015.8,0.0022030803586381,0.0008408979936079,2.9083789590208285e-07,8.322975852272727e-07,168.71288785067472,58.12083906693892,40.56065226468173,55.0,1.0,auxiliary_external_image_dataset
GUJ_PORBANDAR_2022_2023,wheat,Rabi,sowing,sowing,2022-11-20,2022-11-30,0,10,0,1,0,125,Porbandar,,,,2022,2023,3858.56,1,available,0.0,19.9,31.11818181818182,0.0,19.9,31.11818181818182,32.1,2,280.6,280.6,0.9353333333333336,0.2130166050822488,0.2043048707631088,0.2130166050822488,0.0426033210164497,0.1271791889650486,0.1200957188524748,0.0254358377930097,0.5213582646611412,0.6349499368812318,0.1042716529322282,0.0,280.6,0.0426033210164497,,,,,,,,,
GUJ_PORBANDAR_2022_2023,wheat,Rabi,early_vegetative,early_vegetative,2022-11-30,2022-12-10,10,20,1,2,10,125,Porbandar,,,,2022,2023,3858.56,1,available,0.0,19.795238095238098,30.904761904761905,0.0,19.795238095238098,30.904761904761905,32.1,2,532.3499999999999,532.3499999999999,0.8872499999999999,0.2091646828755484,0.2060016774719969,0.2130166050822488,0.0178996460668762,0.1318707611228708,0.1233400610844902,0.0109341080479134,0.563286412059311,0.6334736087794025,0.051609054277582,0.0,532.3499999999999,0.0178996460668762,0.880794324372944,0.3849419227053033,0.837755705180921,137.38434640984786,174.4864686664782,48.70969892802992,19.0,1.0,auxiliary_external_image_dataset
GUJ_PORBANDAR_2022_2023,wheat,Rabi,tillering,tillering,2022-12-10,2022-12-30,20,40,2,3,20,125,Porbandar,,,,2022,2023,3858.56,1,available,2.5,19.846341463414635,30.634146341463413,2.5,19.846341463414635,30.634146341463413,33.8,8,1034.85,1034.85,0.8623750000000001,0.2091468781342755,0.2003935979143999,0.2130166050822488,0.0079454652234023,0.1303145154278906,0.1156861852947034,0.0045278694973339,0.5109320591657152,0.5832676863190723,0.0217283794286042,2.5,1034.85,0.0079454652234023,,,,,,,,,
GUJ_PORBANDAR_2022_2023,wheat,Rabi,stem_elongation,stem_elongation,2022-12-30,2023-01-19,40,60,3,4,40,125,Porbandar,,,,2022,2023,3858.56,1,available,2.5,18.73114754098361,29.549180327868854,2.5,18.73114754098361,29.549180327868854,33.8,8,1472.5500000000002,1472.5500000000002,0.8180833333333334,0.1816177929556966,0.1993171104203735,0.2134284859950038,0.0051417476202976,0.1131570140608683,0.1159948401412391,0.0029927663255109,0.4930492164063862,0.5638295839454579,0.0138124692412743,2.5,1472.5500000000002,0.0051417476202976,,,,,,,,,
GUJ_PORBANDAR_2022_2023,wheat,Rabi,booting_heading,booting_heading,2023-01-19,2023-02-08,60,80,4,5,60,125,Porbandar,,,,2022,2023,3858.56,1,available,2.5,18.139506172839507,29.05432098765432,2.5,18.139506172839507,29.05432098765432,33.8,8,1911.35,1911.35,0.7963958333333333,0.1763294889859031,0.1958718586843128,0.2134284859950038,0.0037107919362416,0.0995226926943354,0.1131156985031923,0.0021293057869798,0.4415295590928446,0.5396838447954773,0.0097035556124117,2.5,1911.35,0.0037107919362416,,,,,,,,,
GUJ_PORBANDAR_2022_2023,wheat,Rabi,flowering,flowering,2023-02-08,2023-02-23,80,95,5,6,80,125,Porbandar,,,,2022,2023,3858.56,1,available,2.5,18.23645833333333,29.303125,2.5,18.23645833333333,29.303125,34.3,13,2281.9,2281.9,0.8006666666666667,0.1688552727141599,0.1918971952762439,0.2134284859950038,0.0030068999237203,0.1029757617587752,0.1113803852288642,0.0017459427147912,0.504452787687848,0.5315154454125988,0.0080646592050364,2.5,2281.9,0.0030068999237203,0.667205568343874,0.207148998863766,0.5370890299479166,153.39161512586804,83.38302031017486,45.36198009006561,63.0,1.0,auxiliary_external_image_dataset
GUJ_PORBANDAR_2022_2023,wheat,Rabi,grain_filling_initial,grain_filling_initial,2023-02-23,2023-03-05,95,105,6,7,95,125,Porbandar,,,,2022,2023,3858.56,1,available,2.9,18.470754716981133,29.586792452830192,2.9,18.470754716981133,29.586792452830192,34.9,19,2547.05,2547.05,0.8085873015873016,0.1476810327017564,0.188365698053343,0.2134284859950038,0.0026298583105848,0.0808696445063762,0.1087880789326008,0.0015114954702765,0.503343521199424,0.5225276886127416,0.0071189300906511,2.9,2547.05,0.0026298583105848,0.64207763671875,0.2100675723866411,0.538883518528294,155.23204857078758,96.45987870499894,40.98217857979439,185.0,1.0,auxiliary_external_image_dataset
GUJ_PORBANDAR_2022_2023,wheat,Rabi,grain_filling,grain_filling,2023-03-05,2023-03-15,105,115,7,8,105,125,Porbandar,,,,2022,2023,3858.56,1,available,2.9,18.81637931034483,29.928448275862067,2.9,18.81637931034483,29.928448275862067,36.8,26,2827.2,2827.2,0.8194782608695652,0.1617319714208769,0.1866535258347583,0.2134284859950038,0.0023707287939382,0.0964298664305552,0.1066424426963379,0.0013343423914599,0.5348919723217742,0.5126805004335656,0.0063178661293469,2.9,2827.2,0.0023707287939382,0.0612841694294905,0.0121212011134459,0.035730185628939,174.61391897762522,91.87537351976924,38.60734619813807,238.0,1.0,auxiliary_external_image_dataset
GUJ_PORBANDAR_2022_2023,wheat,Rabi,maturity_preharvest,maturity_preharvest,2023-03-15,2023-03-25,115,130,8,9,115,125,Porbandar,,,,2022,2023,3858.56,1,available,4.6,19.12777777777778,29.865873015873014,4.6,19.12777777777778,29.865873015873014,36.8,26,3086.6000000000004,3086.6000000000004,0.8230933333333335,0.1506969034795553,0.1846876624193858,0.2134284859950038,0.0021465700609394,0.0705389825886051,0.1040719222736248,0.0011762117951638,0.4424868503700832,0.5021379153672507,0.0056263393167976,4.6,3086.6000000000004,0.0021465700609394,0.0008408979936079,2.9083789590208285e-07,8.322975852272727e-07,168.71288785067472,58.12083906693892,40.56065226468173,55.0,1.0,auxiliary_external_image_dataset
GUJ_PORBANDAR_2023_2024,wheat,Rabi,sowing,sowing,2023-11-20,2023-11-30,0,10,0,1,0,126,Porbandar,,,,2023,2024,3708.51,1,available,6.3,21.40909090909091,31.027272727272727,6.3,21.40909090909091,31.027272727272727,34.6,6,288.40000000000003,288.40000000000003,0.9613333333333336,-0.0212391570374373,0.0810744648411582,0.1833880867197537,-0.0042478314074874,-0.0618609478114843,0.011777528373975,-0.0123721895622968,0.0473424375527491,0.2140073933143871,0.0094684875105498,6.3,288.40000000000003,-0.0042478314074874,,,,,,,,,
GUJ_PORBANDAR_2023_2024,wheat,Rabi,early_vegetative,early_vegetative,2023-11-30,2023-12-10,10,20,1,2,10,126,Porbandar,,,,2023,2024,3708.51,1,available,6.4,20.74761904761905,30.638095238095243,6.4,20.74761904761905,30.638095238095243,34.6,6,539.55,539.55,0.8992499999999999,0.1752932448004607,0.1124807248275923,0.1833880867197537,0.0131738933025393,0.0953650070400695,0.0396400212626731,0.0051547626507461,0.6381766148352758,0.35539713382135,0.052947826688932,6.4,539.55,0.0131738933025393,0.880794324372944,0.3849419227053033,0.837755705180921,137.38434640984786,174.4864686664782,48.70969892802992,19.0,1.0,auxiliary_external_image_dataset
GUJ_PORBANDAR_2023_2024,wheat,Rabi,tillering,tillering,2023-12-10,2023-12-30,20,40,2,3,20,126,Porbandar,,,,2023,2024,3708.51,1,available,6.4,19.83170731707317,30.687804878048787,6.4,19.83170731707317,30.687804878048787,34.6,9,1035.65,1035.65,0.8630416666666667,0.1869508107293263,0.128093840279371,0.1869508107293263,0.0051010694182057,0.1098074428069381,0.0559594537060353,0.0025345322480432,0.6765898155089363,0.2313289444484882,0.0053043041700712,6.4,1035.65,0.0051010694182057,,,,,,,,,
GUJ_PORBANDAR_2023_2024,wheat,Rabi,stem_elongation,stem_elongation,2023-12-30,2024-01-19,40,60,3,4,40,126,Porbandar,,,,2023,2024,3708.51,1,available,6.4,19.01147540983607,30.252459016393445,6.4,19.01147540983607,30.252459016393445,34.6,9,1502.55,1502.55,0.83475,0.1689176612357357,0.1450273646777246,0.1895278708591393,0.0043077466845473,0.0733868310773564,0.0678934431130095,0.0021780848804824,0.4079850819812163,0.3221632628731127,0.0092151156084763,6.4,1502.55,0.0043077466845473,,,,,,,,,
GUJ_PORBANDAR_2023_2024,wheat,Rabi,booting_heading,booting_heading,2024-01-19,2024-02-08,60,80,4,5,60,126,Porbandar,,,,2023,2024,3708.51,1,available,6.4,18.860493827160496,29.985185185185188,6.4,18.860493827160496,29.985185185185188,34.6,9,1978.25,1978.25,0.8242708333333334,0.1587535564246558,0.1513300192116889,0.1896892299794617,0.0030377510236059,0.0754328136215335,0.073992628342783,0.0015693078163353,0.4578889400073316,0.4228497748655622,0.00940694996228,6.4,1978.25,0.0030377510236059,,,,,,,,,
GUJ_PORBANDAR_2023_2024,wheat,Rabi,flowering,flowering,2024-02-08,2024-02-23,80,95,5,6,80,126,Porbandar,,,,2023,2024,3708.51,1,available,6.4,18.96770833333333,30.06145833333333,6.4,18.96770833333333,30.06145833333333,35.1,12,2353.4,2353.4,0.8257543859649121,0.1373272425312079,0.1523275371779613,0.1896892299794617,0.0025040997500105,0.0647935786973513,0.0753355424584316,0.0012943439649468,0.3989646570156436,0.426984432868594,0.0075502313500652,6.4,2353.4,0.0025040997500105,0.667205568343874,0.207148998863766,0.5370890299479166,153.39161512586804,83.38302031017486,45.36198009006561,63.0,1.0,auxiliary_external_image_dataset
GUJ_PORBANDAR_2023_2024,wheat,Rabi,grain_filling_initial,grain_filling_initial,2024-02-23,2024-03-04,95,105,6,7,95,126,Porbandar,,,,2023,2024,3708.51,1,available,7.5,19.016981132075472,30.123584905660376,7.5,19.016981132075472,30.123584905660376,35.1,17,2604.45,2604.45,0.8268095238095237,0.135901854289334,0.1520357623814149,0.1896892299794617,0.0022321806411884,0.0626829797694188,0.076081097249104,0.0011662554587043,0.39621857914685,0.4301738763182345,0.006741405094627,7.5,2604.45,0.0022321806411884,0.64207763671875,0.2100675723866411,0.538883518528294,155.23204857078758,96.45987870499894,40.98217857979439,185.0,1.0,auxiliary_external_image_dataset
GUJ_PORBANDAR_2023_2024,wheat,Rabi,grain_filling,grain_filling,2024-03-04,2024-03-14,105,115,7,8,105,126,Porbandar,,,,2023,2024,3708.51,1,available,7.5,19.067241379310342,30.209482758620688,7.5,19.067241379310342,30.209482758620688,35.1,20,2858.05,2858.05,0.8284202898550724,0.1408353834323786,0.1518380653272121,0.1896892299794617,0.0020194905439119,0.0628741493973322,0.0766321332502106,0.001061886253871,0.361807964856136,0.4333436720605494,0.0061155583650761,7.5,2858.05,0.0020194905439119,0.0612841694294905,0.0121212011134459,0.035730185628939,174.61391897762522,91.87537351976924,38.60734619813807,238.0,1.0,auxiliary_external_image_dataset
GUJ_PORBANDAR_2023_2024,wheat,Rabi,maturity_preharvest,maturity_preharvest,2024-03-14,2024-03-25,115,130,8,9,115,126,Porbandar,,,,2023,2024,3708.51,1,available,7.5,19.26850393700787,30.54409448818897,7.5,19.26850393700787,30.54409448818897,37.6,29,3163.0999999999995,3163.0999999999995,0.8367989417989417,0.1503626971847041,0.1513217290534282,0.1896892299794617,0.0018392617804532,0.0831110869766903,0.0771651521453189,0.0009782083079212,0.4194462773944526,0.4350465593810123,0.0055865914407719,7.5,3163.0999999999995,0.0018392617804532,0.0008408979936079,2.9083789590208285e-07,8.322975852272727e-07,168.71288785067472,58.12083906693892,40.56065226468173,55.0,1.0,auxiliary_external_image_dataset
GUJ_RAJKOT_2020_2021,wheat,Rabi,sowing,sowing,2020-11-20,2020-11-30,0,10,0,1,0,125,Rajkot,22.3039,70.8022,,2020,2021,3787.13,1,available,0.0,16.57272727272727,30.163636363636364,0.0,16.57272727272727,30.163636363636364,32.8,1,257.05,257.05,0.8568333333333333,0.2402560048152481,0.2670725005322409,0.2938889962492338,0.0480512009630496,0.1502337951558859,0.1749466742096329,0.0300467590311771,1.1936504753432948,0.987841313471669,0.2387300950686589,0.0,257.05,0.0480512009630496,,,,,,,,,
GUJ_RAJKOT_2020_2021,wheat,Rabi,early_vegetative,early_vegetative,2020-11-30,2020-12-10,10,20,1,2,10,125,Rajkot,22.3039,70.8022,,2020,2021,3787.13,1,available,0.1,17.47142857142857,31.35238095238095,0.1,17.47142857142857,31.35238095238095,33.0,10,512.65,512.65,0.8544166666666666,0.2979095360060297,0.2804251138614293,0.2979095360060297,0.0244753778511964,0.1827141742664719,0.1759025544047298,0.0148625958260237,0.7486243689078872,0.8507124903928409,0.0685229930501033,0.1,512.65,0.0244753778511964,0.880794324372944,0.3849419227053033,0.837755705180921,137.38434640984786,174.4864686664782,48.70969892802992,19.0,1.0,auxiliary_external_image_dataset
GUJ_RAJKOT_2020_2021,wheat,Rabi,tillering,tillering,2020-12-10,2020-12-30,20,40,2,3,20,125,Rajkot,22.3039,70.8022,,2020,2021,3787.13,1,available,0.2,15.395121951219512,29.21951219512195,0.2,15.395121951219512,29.21951219512195,33.0,10,914.6,914.6,0.7621666666666665,0.2494969688284402,0.2538791824573053,0.2979095360060297,0.0098820864237229,0.1544987971335096,0.1596974519454649,0.0061951638320143,0.8969278504270624,0.3618754226760413,0.0093288164099333,0.2,914.6,0.0098820864237229,,,,,,,,,
GUJ_RAJKOT_2020_2021,wheat,Rabi,stem_elongation,stem_elongation,2020-12-30,2021-01-19,40,60,3,4,40,125,Rajkot,22.3039,70.8022,,2020,2021,3787.13,1,available,0.2,14.12622950819672,28.55245901639344,0.2,14.12622950819672,28.55245901639344,33.0,10,1301.7000000000005,1301.7000000000005,0.7231666666666668,0.2633777194247963,0.2439288911575884,0.2979095360060297,0.0060522010839891,0.1581774666575385,0.1516645516252802,0.0037104276194861,0.6979675062027219,0.4004037506686848,0.0095144516032552,0.2,1301.7000000000005,0.0060522010839891,,,,,,,,,
GUJ_RAJKOT_2020_2021,wheat,Rabi,booting_heading,booting_heading,2021-01-19,2021-02-08,60,80,4,5,60,125,Rajkot,22.3039,70.8022,,2020,2021,3787.13,1,available,0.2,13.70864197530864,28.671604938271606,0.2,13.70864197530864,28.671604938271606,33.0,11,1716.3999999999996,1716.3999999999996,0.7151666666666665,0.2523201202515117,0.2464636490908801,0.2979095360060297,0.0046782179658998,0.142381692977813,0.1531895105605649,0.0028813568070338,0.4761035599582891,0.4466567979097599,0.0089394483406701,0.2,1716.3999999999996,0.0046782179658998,,,,,,,,,
GUJ_RAJKOT_2020_2021,wheat,Rabi,flowering,flowering,2021-02-08,2021-02-23,80,95,5,6,80,125,Rajkot,22.3039,70.8022,,2020,2021,3787.13,1,available,0.2,14.146875,29.254166666666663,0.2,14.146875,29.254166666666663,34.3,22,2083.25,2083.25,0.7309649122807017,0.2455767533285318,0.2430738696730017,0.2979095360060297,0.0038434192440902,0.1389931403753514,0.1495793206765861,0.0023256606037039,0.4830564254359656,0.4687757845172798,0.0080637507931106,0.2,2083.25,0.0038434192440902,0.667205568343874,0.207148998863766,0.5370890299479166,153.39161512586804,83.38302031017486,45.36198009006561,63.0,1.0,auxiliary_external_image_dataset
GUJ_RAJKOT_2020_2021,wheat,Rabi,grain_filling_initial,grain_filling_initial,2021-02-23,2021-03-05,95,105,6,7,95,125,Rajkot,22.3039,70.8022,,2020,2021,3787.13,1,available,0.2,14.480188679245284,29.818867924528305,0.2,14.480188679245284,29.818867924528305,37.5,32,2347.85,2347.85,0.7453492063492063,0.2323447850594031,0.2417924372177697,0.2979095360060297,0.0034485516523991,0.1393584862508846,0.1475838781274434,0.0020593227986698,0.4749297725493951,0.470158107273372,0.0072384814269852,0.2,2347.85,0.0034485516523991,0.64207763671875,0.2100675723866411,0.538883518528294,155.23204857078758,96.45987870499894,40.98217857979439,185.0,1.0,auxiliary_external_image_dataset
GUJ_RAJKOT_2020_2021,wheat,Rabi,grain_filling,grain_filling,2021-03-05,2021-03-15,105,115,7,8,105,125,Rajkot,22.3039,70.8022,,2020,2021,3787.13,1,available,0.2,14.930172413793104,30.38189655172414,0.2,14.930172413793104,30.38189655172414,37.5,42,2628.1000000000004,2628.1000000000004,0.7617681159420291,0.1903481927458975,0.2383003759712804,0.2979095360060297,0.0030643310242827,0.1075185189953632,0.1446743364555295,0.0018156529609341,0.6013890874650685,0.4804946412374335,0.0068096328840488,0.2,2628.1000000000004,0.0030643310242827,0.0612841694294905,0.0121212011134459,0.035730185628939,174.61391897762522,91.87537351976924,38.60734619813807,238.0,1.0,auxiliary_external_image_dataset
GUJ_RAJKOT_2020_2021,wheat,Rabi,maturity_preharvest,maturity_preharvest,2021-03-15,2021-03-25,115,130,8,9,115,125,Rajkot,22.3039,70.8022,,2020,2021,3787.13,1,available,0.2,15.399999999999997,30.890476190476196,0.2,15.399999999999997,30.890476190476196,38.0,52,2916.3,2916.3,0.7776799999999999,0.2191643936061044,0.2365245325699677,0.2979095360060297,0.0027879817517671,0.1262317492573381,0.143117992212715,0.0016464640089925,0.4262122144478445,0.4775684450347672,0.0061248647701903,0.2,2916.3,0.0027879817517671,0.0008408979936079,2.9083789590208285e-07,8.322975852272727e-07,168.71288785067472,58.12083906693892,40.56065226468173,55.0,1.0,auxiliary_external_image_dataset
GUJ_RAJKOT_2021_2022,wheat,Rabi,sowing,sowing,2021-11-20,2021-11-30,0,10,0,1,0,125,Rajkot,22.3039,70.8022,,2021,2022,3799.54,1,available,0.0,19.327272727272728,32.07272727272727,0.0,19.327272727272728,32.07272727272727,33.3,6,282.7,282.7,0.9423333333333332,0.3162970343436959,0.2660738122830765,0.3162970343436959,0.0632594068687391,0.205890966582568,0.1657390657220931,0.0411781933165135,1.0872151632835416,1.362964837882544,0.2174430326567083,0.0,282.7,0.0632594068687391,,,,,,,,,
GUJ_RAJKOT_2021_2022,wheat,Rabi,early_vegetative,early_vegetative,2021-11-30,2021-12-10,10,20,1,2,10,125,Rajkot,22.3039,70.8022,,2021,2022,3799.54,1,available,0.5,18.500000000000004,30.247619047619043,0.5,18.500000000000004,30.247619047619043,33.3,6,511.85,511.85,0.8530833333333333,0.2951514023673192,0.2757663423111574,0.3162970343436959,0.024035024828913,0.1836907911222108,0.171722974188799,0.015139266798984,0.7623918816914345,1.1627738524855076,0.0674878161671569,0.5,511.85,0.024035024828913,0.880794324372944,0.3849419227053033,0.837755705180921,137.38434640984786,174.4864686664782,48.70969892802992,19.0,1.0,auxiliary_external_image_dataset
GUJ_RAJKOT_2021_2022,wheat,Rabi,tillering,tillering,2021-12-10,2021-12-30,20,40,2,3,20,125,Rajkot,22.3039,70.8022,,2021,2022,3799.54,1,available,0.5,16.492682926829268,28.85121951219513,0.5,16.492682926829268,28.85121951219513,33.3,6,929.55,929.55,0.774625,0.1540525552066459,0.2605349621875995,0.3162970343436959,0.0094919940867291,0.0837827936197389,0.1628502114845391,0.0059321472525244,1.139702678663882,0.991026805834047,0.0338525968442326,0.5,929.55,0.0094919940867291,,,,,,,,,
GUJ_RAJKOT_2021_2022,wheat,Rabi,stem_elongation,stem_elongation,2021-12-30,2022-01-19,40,60,3,4,40,125,Rajkot,22.3039,70.8022,,2021,2022,3799.54,1,available,11.5,15.521311475409837,27.92295081967213,11.5,15.521311475409837,27.92295081967213,33.3,6,1325.05,1325.05,0.7361388888888889,0.2610917398294787,0.2565919298445532,0.3162970343436959,0.0063683111967108,0.1667923035375638,0.1590486301748769,0.0039374913450521,1.2727897232226406,0.9453968813178404,0.0226140882371875,11.5,1325.05,0.0063683111967108,,,,,,,,,
GUJ_RAJKOT_2021_2022,wheat,Rabi,booting_heading,booting_heading,2022-01-19,2022-02-08,60,80,4,5,60,125,Rajkot,22.3039,70.8022,,2021,2022,3799.54,1,available,13.7,14.934567901234573,27.755555555555556,13.7,14.934567901234573,27.755555555555556,33.3,6,1728.9499999999998,1728.9499999999998,0.7203958333333332,0.2082338218663147,0.2541820585274411,0.3162970343436959,0.0047374032193642,0.1378195121526165,0.156618207637258,0.0029092914347624,0.5425470420968597,0.8522111132964334,0.0143873277461886,13.7,1728.9499999999998,0.0047374032193642,,,,,,,,,
GUJ_RAJKOT_2021_2022,wheat,Rabi,flowering,flowering,2022-02-08,2022-02-23,80,95,5,6,80,125,Rajkot,22.3039,70.8022,,2021,2022,3799.54,1,available,13.7,15.007291666666667,28.225,13.7,15.007291666666667,28.225,33.6,11,2075.15,2075.15,0.7281228070175438,0.2394979881233911,0.251948744404474,0.3162970343436959,0.0039483578085539,0.1338983182643311,0.1527094518233887,0.0023542642182918,0.4820164906652884,0.7959661532215203,0.0109379317548661,13.7,2075.15,0.0039483578085539,0.667205568343874,0.207148998863766,0.5370890299479166,153.39161512586804,83.38302031017486,45.36198009006561,63.0,1.0,auxiliary_external_image_dataset
GUJ_RAJKOT_2021_2022,wheat,Rabi,grain_filling_initial,grain_filling_initial,2022-02-23,2022-03-05,95,105,6,7,95,125,Rajkot,22.3039,70.8022,,2021,2022,3799.54,1,available,13.7,15.232075471698115,28.7188679245283,13.7,15.232075471698115,28.7188679245283,34.5,20,2329.4,2329.4,0.7394920634920634,0.2005522226374378,0.2486152842819632,0.3162970343436959,0.0034936745009409,0.112307798100077,0.1499702727082119,0.0020692958688864,0.4872213786066012,0.7670979517615993,0.0094128227750328,13.7,2329.4,0.0034936745009409,0.64207763671875,0.2100675723866411,0.538883518528294,155.23204857078758,96.45987870499894,40.98217857979439,185.0,1.0,auxiliary_external_image_dataset
GUJ_RAJKOT_2021_2022,wheat,Rabi,grain_filling,grain_filling,2022-03-05,2022-03-15,105,115,7,8,105,125,Rajkot,22.3039,70.8022,,2021,2022,3799.54,1,available,13.7,15.642241379310349,29.410344827586208,13.7,15.642241379310349,29.410344827586208,39.0,30,2613.05,2613.05,0.7574057971014492,0.2045343124111971,0.2442346368066209,0.3162970343436959,0.0030961156801439,0.1118316555472707,0.1467122217606939,0.0018231798139109,0.4557687931980151,0.7462839036608376,0.0083325530419865,13.7,2613.05,0.0030961156801439,0.0612841694294905,0.0121212011134459,0.035730185628939,174.61391897762522,91.87537351976924,38.60734619813807,238.0,1.0,auxiliary_external_image_dataset
GUJ_RAJKOT_2021_2022,wheat,Rabi,maturity_preharvest,maturity_preharvest,2022-03-15,2022-03-25,115,130,8,9,115,125,Rajkot,22.3039,70.8022,,2021,2022,3799.54,1,available,13.7,16.065873015873017,30.109523809523807,13.7,16.065873015873017,30.109523809523807,39.8,40,2909.0499999999997,2909.0499999999997,0.7757466666666665,0.2202900568016869,0.2418698308333657,0.3162970343436959,0.0028119519268708,0.1250163028336925,0.1448104145750309,0.0016496059767165,0.4941071204455114,0.7263576470789941,0.007425139541116,13.7,2909.0499999999997,0.0028119519268708,0.0008408979936079,2.9083789590208285e-07,8.322975852272727e-07,168.71288785067472,58.12083906693892,40.56065226468173,55.0,1.0,auxiliary_external_image_dataset
GUJ_RAJKOT_2022_2023,wheat,Rabi,sowing,sowing,2022-11-20,2022-11-30,0,10,0,1,0,125,Rajkot,22.3039,70.8022,,2022,2023,3854.33,1,available,0.0,16.754545454545454,31.60909090909091,0.0,16.754545454545454,31.60909090909091,32.2,3,266.0,266.0,0.8866666666666667,0.2995302003985241,0.2791691128916957,0.2995302003985241,0.0599060400797048,0.1861131457085771,0.1735782569290737,0.0372226291417154,0.7945485366429081,0.8470106528261647,0.1589097073285816,0.0,266.0,0.0599060400797048,,,,,,,,,
GUJ_RAJKOT_2022_2023,wheat,Rabi,early_vegetative,early_vegetative,2022-11-30,2022-12-10,10,20,1,2,10,125,Rajkot,22.3039,70.8022,,2022,2023,3854.33,1,available,0.0,16.61428571428571,31.142857142857142,0.0,16.61428571428571,31.142857142857142,32.2,3,501.45,501.45,0.83575,0.2724820857143596,0.2780080199886712,0.2995302003985241,0.023991428492221,0.1700455889431679,0.1719253694554171,0.0148178380368398,0.7627688707739402,0.8118355107977391,0.06662798403563,0.0,501.45,0.023991428492221,0.880794324372944,0.3849419227053033,0.837755705180921,137.38434640984786,174.4864686664782,48.70969892802992,19.0,1.0,auxiliary_external_image_dataset
GUJ_RAJKOT_2022_2023,wheat,Rabi,tillering,tillering,2022-12-10,2022-12-30,20,40,2,3,20,125,Rajkot,22.3039,70.8022,,2022,2023,3854.33,1,available,0.2,16.482926829268294,30.61707317073171,0.2,16.482926829268294,30.61707317073171,33.2,7,965.55,965.55,0.8046249999999999,0.2717128094566093,0.2664694403529064,0.2995302003985241,0.0104375773369338,0.1700307466355443,0.1623011763275056,0.0062988262355898,0.6671417453555714,0.7758259454252466,0.0296369918448387,0.2,965.55,0.0104375773369338,,,,,,,,,
GUJ_RAJKOT_2022_2023,wheat,Rabi,stem_elongation,stem_elongation,2022-12-30,2023-01-19,40,60,3,4,40,125,Rajkot,22.3039,70.8022,,2022,2023,3854.33,1,available,0.2,15.475409836065571,29.69672131147541,0.2,15.475409836065571,29.69672131147541,33.2,7,1377.75,1377.75,0.7654166666666666,0.2634440019550588,0.2649128960755723,0.2995302003985241,0.0068304163323768,0.1654581379253301,0.1616488507303313,0.0041537804011702,0.6160724282634193,0.7369856498513668,0.0179373309495178,0.2,1377.75,0.0068304163323768,,,,,,,,,
GUJ_RAJKOT_2022_2023,wheat,Rabi,booting_heading,booting_heading,2023-01-19,2023-02-08,60,80,4,5,60,125,Rajkot,22.3039,70.8022,,2022,2023,3854.33,1,available,4.1,14.897530864197533,29.130864197530855,4.1,14.897530864197533,29.130864197530855,33.2,7,1783.15,1783.15,0.7429791666666667,0.2501583061891511,0.2608872933608487,0.2995302003985241,0.0049576220404485,0.1474463474082602,0.1580767391447404,0.0029803763801864,0.5211380295710988,0.7003051796749615,0.0124446378590353,4.1,1783.15,0.0049576220404485,,,,,,,,,
GUJ_RAJKOT_2022_2023,wheat,Rabi,flowering,flowering,2023-02-08,2023-02-23,80,95,5,6,80,125,Rajkot,22.3039,70.8022,,2022,2023,3854.33,1,available,4.1,15.041666666666666,29.746875,4.1,15.041666666666666,29.746875,36.3,16,2149.85,2149.85,0.7543333333333333,0.225852607140568,0.2567221714374649,0.2995302003985241,0.0040478904762214,0.1412789212618994,0.1554315221913685,0.0024358170481937,0.5428558260790848,0.6707676886868787,0.0097990004404128,4.1,2149.85,0.0040478904762214,0.667205568343874,0.207148998863766,0.5370890299479166,153.39161512586804,83.38302031017486,45.36198009006561,63.0,1.0,auxiliary_external_image_dataset
GUJ_RAJKOT_2022_2023,wheat,Rabi,grain_filling_initial,grain_filling_initial,2023-02-23,2023-03-05,95,105,6,7,95,125,Rajkot,22.3039,70.8022,,2022,2023,3854.33,1,available,4.1,15.35754716981132,30.25094339622641,4.1,15.35754716981132,30.25094339622641,37.8,26,2417.2500000000005,2417.2500000000005,0.7673809523809525,0.1951058289213032,0.2524224661646312,0.2995302003985241,0.0035484300356403,0.1108073630124934,0.1520823067170839,0.0021161365160451,0.6215070672545392,0.6594020075260355,0.00870426704518,4.1,2417.2500000000005,0.0035484300356403,0.64207763671875,0.2100675723866411,0.538883518528294,155.23204857078758,96.45987870499894,40.98217857979439,185.0,1.0,auxiliary_external_image_dataset
GUJ_RAJKOT_2022_2023,wheat,Rabi,grain_filling,grain_filling,2023-03-05,2023-03-15,105,115,7,8,105,125,Rajkot,22.3039,70.8022,,2022,2023,3854.33,1,available,4.3,15.830172413793106,30.71206896551724,4.3,15.830172413793106,30.71206896551724,37.8,36,2699.4500000000003,2699.4500000000003,0.7824492753623189,0.2285085306620766,0.2489741184365818,0.2995302003985241,0.0031665175846307,0.1423538982453521,0.1496228466865235,0.0018818682788326,0.8606881398175833,0.6659696223973355,0.0082547542839042,4.3,2699.4500000000003,0.0031665175846307,0.0612841694294905,0.0121212011134459,0.035730185628939,174.61391897762522,91.87537351976924,38.60734619813807,238.0,1.0,auxiliary_external_image_dataset
GUJ_RAJKOT_2022_2023,wheat,Rabi,maturity_preharvest,maturity_preharvest,2023-03-15,2023-03-25,115,130,8,9,115,125,Rajkot,22.3039,70.8022,,2022,2023,3854.33,1,available,4.699999999999999,16.210317460317462,30.892857142857142,4.699999999999999,16.210317460317462,30.892857142857142,37.8,43,2967.5000000000005,2967.5000000000005,0.7913333333333334,0.2145342565742477,0.2503526159016749,0.3178764169262444,0.0029610061598144,0.1315232440827668,0.1494132783682792,0.0017388621632458,1.0902181777845334,0.678389379660365,0.0079795977049545,4.699999999999999,2967.5000000000005,0.0029610061598144,0.0008408979936079,2.9083789590208285e-07,8.322975852272727e-07,168.71288785067472,58.12083906693892,40.56065226468173,55.0,1.0,auxiliary_external_image_dataset
GUJ_RAJKOT_2023_2024,wheat,Rabi,sowing,sowing,2023-11-20,2023-11-30,0,10,0,1,0,126,Rajkot,22.3039,70.8022,,2023,2024,3914.21,1,available,27.3,18.963636363636365,30.43636363636364,27.3,18.963636363636365,30.43636363636364,33.8,5,271.7,271.7,0.9056666666666666,0.2633446949052992,0.2482880862889825,0.2633446949052992,0.0526689389810598,0.1545770052620812,0.1458390026049426,0.0309154010524162,1.5676635938763497,1.2463978077816271,0.3135327187752699,27.3,271.7,0.0526689389810598,,,,,,,,,
GUJ_RAJKOT_2023_2024,wheat,Rabi,early_vegetative,early_vegetative,2023-11-30,2023-12-10,10,20,1,2,10,126,Rajkot,22.3039,70.8022,,2023,2024,3914.21,1,available,28.1,18.20952380952381,29.338095238095235,28.1,18.20952380952381,29.338095238095235,33.8,5,499.25,499.25,0.8320833333333333,0.2581291461241874,0.2515684395673841,0.2633446949052992,0.0311841194861469,0.1543683244295292,0.1486821098798048,0.0185325461648455,1.0745301280646014,1.1891085812092854,0.1486689540002221,28.1,499.25,0.0311841194861469,0.880794324372944,0.3849419227053033,0.837755705180921,137.38434640984786,174.4864686664782,48.70969892802992,19.0,1.0,auxiliary_external_image_dataset
GUJ_RAJKOT_2023_2024,wheat,Rabi,tillering,tillering,2023-12-10,2023-12-30,20,40,2,3,20,126,Rajkot,22.3039,70.8022,,2023,2024,3914.21,1,available,28.1,17.182926829268297,29.195121951219512,28.1,17.182926829268297,29.195121951219512,33.8,5,950.75,950.75,0.7922916666666666,0.2924034668130872,0.2459649330341451,0.2954798631864076,0.0088748387266028,0.1858928402530336,0.1453529869947678,0.0052847288296914,0.8926362182955142,0.7990164853397655,0.0195838877601387,28.1,950.75,0.0088748387266028,,,,,,,,,
GUJ_RAJKOT_2023_2024,wheat,Rabi,stem_elongation,stem_elongation,2023-12-30,2024-01-19,40,60,3,4,40,126,Rajkot,22.3039,70.8022,,2023,2024,3914.21,1,available,28.200000000000003,16.23934426229508,28.763934426229508,28.200000000000003,16.23934426229508,28.763934426229508,33.8,5,1372.6,1372.6,0.7625555555555557,0.2646461606906863,0.2460951709239213,0.2954798631864076,0.0065570416238511,0.1399897277050297,0.1439071498343866,0.0038117129161613,0.5281135194957647,0.7627736121849263,0.0164325072699203,28.200000000000003,1372.6,0.0065570416238511,,,,,,,,,
GUJ_RAJKOT_2023_2024,wheat,Rabi,booting_heading,booting_heading,2024-01-19,2024-02-08,60,80,4,5,60,126,Rajkot,22.3039,70.8022,,2023,2024,3914.21,1,available,28.200000000000003,16.191358024691358,29.079012345679008,28.200000000000003,16.191358024691358,29.079012345679008,34.0,7,1833.45,1833.45,0.7639375,0.2338587084260817,0.2486109868820977,0.2954798631864076,0.0046542373560079,0.1244699922587614,0.1437645841877836,0.0026555516410366,0.5188054819178848,0.7317157996391195,0.0118701965777813,28.200000000000003,1833.45,0.0046542373560079,,,,,,,,,
GUJ_RAJKOT_2023_2024,wheat,Rabi,flowering,flowering,2024-02-08,2024-02-23,80,95,5,6,80,126,Rajkot,22.3039,70.8022,,2023,2024,3914.21,1,available,29.000000000000004,16.319791666666664,29.444791666666664,29.000000000000004,16.319791666666664,29.444791666666664,35.8,12,2196.7,2196.7,0.7707719298245613,0.2319010200786919,0.2454945582786513,0.2954798631864076,0.0037993122222428,0.1167258008265752,0.1408445840899278,0.0021444959375617,0.4603326731911452,0.6985311406246933,0.0094812254506304,29.000000000000004,2196.7,0.0037993122222428,0.667205568343874,0.207148998863766,0.5370890299479166,153.39161512586804,83.38302031017486,45.36198009006561,63.0,1.0,auxiliary_external_image_dataset
GUJ_RAJKOT_2023_2024,wheat,Rabi,grain_filling_initial,grain_filling_initial,2024-02-23,2024-03-04,95,105,6,7,95,126,Rajkot,22.3039,70.8022,,2023,2024,3914.21,1,available,29.1,16.373584905660376,29.683018867924524,29.1,16.373584905660376,29.683018867924524,37.4,17,2441.0000000000005,2441.0000000000005,0.774920634920635,0.1805007592809646,0.2413640913507867,0.2954798631864076,0.0033323732559363,0.0965741984129666,0.1385158508279164,0.0018869654365191,0.5525928578766502,0.6839885002489957,0.0084567856821633,29.1,2441.0000000000005,0.0033323732559363,0.64207763671875,0.2100675723866411,0.538883518528294,155.23204857078758,96.45987870499894,40.98217857979439,185.0,1.0,auxiliary_external_image_dataset
GUJ_RAJKOT_2023_2024,wheat,Rabi,grain_filling,grain_filling,2024-03-04,2024-03-14,105,115,7,8,105,126,Rajkot,22.3039,70.8022,,2023,2024,3914.21,1,available,29.1,16.460344827586205,29.9198275862069,29.1,16.460344827586205,29.9198275862069,37.4,24,2690.05,2690.05,0.7797246376811595,0.2228114781433834,0.2406704644295677,0.2954798631864076,0.0030395014389595,0.1225296348305869,0.1387230852853485,0.0017389807118178,0.6153642280956999,0.6824131599887014,0.0078850457287089,29.1,2690.05,0.0030395014389595,0.0612841694294905,0.0121212011134459,0.035730185628939,174.61391897762522,91.87537351976924,38.60734619813807,238.0,1.0,auxiliary_external_image_dataset
GUJ_RAJKOT_2023_2024,wheat,Rabi,maturity_preharvest,maturity_preharvest,2024-03-14,2024-03-25,115,130,8,9,115,126,Rajkot,22.3039,70.8022,,2023,2024,3914.21,1,available,29.1,16.781102362204727,30.540157480314964,29.1,16.781102362204727,30.540157480314964,38.5,35,3004.9,3004.9,0.79494708994709,0.229213018087961,0.2391077508157814,0.2954798631864076,0.0027751377806937,0.1376337175216391,0.1384895039350838,0.0016040558083521,0.5984357761872839,0.6784143771707135,0.0073129455763592,29.1,3004.9,0.0027751377806937,0.0008408979936079,2.9083789590208285e-07,8.322975852272727e-07,168.71288785067472,58.12083906693892,40.56065226468173,55.0,1.0,auxiliary_external_image_dataset
GUJ_SABARKANTHA_2020_2021,wheat,Rabi,sowing,sowing,2020-11-20,2020-11-30,0,10,0,1,0,125,Sabarkantha,23.6042,72.963,,2020,2021,3283.5,1,available,0.0,16.918181818181814,29.327272727272724,0.0,16.918181818181814,29.327272727272724,31.4,0,254.35,254.35,0.8478333333333334,0.2457805192763399,0.2482354584823041,0.2506903976882684,0.0491561038552679,0.1586892917942046,0.1569540069804997,0.0317378583588409,0.8282364170517991,0.7548665679037367,0.1656472834103598,0.0,254.35,0.0491561038552679,,,,,,,,,
GUJ_SABARKANTHA_2020_2021,wheat,Rabi,early_vegetative,early_vegetative,2020-11-30,2020-12-10,10,20,1,2,10,125,Sabarkantha,23.6042,72.963,,2020,2021,3283.5,1,available,0.3,16.809523809523807,30.428571428571423,0.3,16.809523809523807,30.428571428571423,32.0,2,496.00000000000006,496.00000000000006,0.8266666666666668,0.2398135993691245,0.2459616879910392,0.2506903976882684,0.0208620826949223,0.1460563484686673,0.1519205673045381,0.0127470592968168,0.5915150468098416,0.6784008775350476,0.0546784601789582,0.3,496.00000000000006,0.0208620826949223,0.880794324372944,0.3849419227053033,0.837755705180921,137.38434640984786,174.4864686664782,48.70969892802992,19.0,1.0,auxiliary_external_image_dataset
GUJ_SABARKANTHA_2020_2021,wheat,Rabi,tillering,tillering,2020-12-10,2020-12-30,20,40,2,3,20,125,Sabarkantha,23.6042,72.963,,2020,2021,3283.5,1,available,2.5,15.497560975609757,28.20487804878049,2.5,15.497560975609757,28.20487804878049,32.0,2,895.8999999999999,895.8999999999999,0.7465833333333333,0.2379728739661339,0.241222633411449,0.2506903976882684,0.0095482813735207,0.1714720701210959,0.1505943981617543,0.0060608632754422,0.6682206127732104,0.7004971248969751,0.0278284761212558,2.5,895.8999999999999,0.0095482813735207,,,,,,,,,
GUJ_SABARKANTHA_2020_2021,wheat,Rabi,stem_elongation,stem_elongation,2020-12-30,2021-01-19,40,60,3,4,40,125,Sabarkantha,23.6042,72.963,,2020,2021,3283.5,1,available,4.6,15.118032786885244,27.73606557377049,4.6,15.118032786885244,27.73606557377049,32.0,2,1307.0500000000002,1307.0500000000002,0.726138888888889,0.2115352365158803,0.2107708960823102,0.2506903976882684,0.0050315808032163,0.1228729268120445,0.1279985760804194,0.0030125667316428,0.69619295047025,0.6545603803750014,0.0164825622730422,4.6,1307.0500000000002,0.0050315808032163,,,,,,,,,
GUJ_SABARKANTHA_2020_2021,wheat,Rabi,booting_heading,booting_heading,2021-01-19,2021-02-08,60,80,4,5,60,125,Sabarkantha,23.6042,72.963,,2020,2021,3283.5,1,available,4.6,14.580246913580249,27.585185185185185,4.6,14.580246913580249,27.585185185185185,32.0,2,1707.7,1707.7,0.7115416666666667,0.2114192695961088,0.2124449929162775,0.2506903976882684,0.0039428576663566,0.137568781711004,0.1303529401659545,0.0024243627179258,0.5774491435179536,0.6280292404177823,0.0115072757261154,4.6,1707.7,0.0039428576663566,,,,,,,,,
GUJ_SABARKANTHA_2020_2021,wheat,Rabi,flowering,flowering,2021-02-08,2021-02-23,80,95,5,6,80,125,Sabarkantha,23.6042,72.963,,2020,2021,3283.5,1,available,4.6,14.805208333333336,28.146875000000005,4.6,14.805208333333336,28.146875000000005,33.2,4,2061.7,2061.7,0.7234035087719297,0.2023929456944268,0.2117449505462198,0.2506903976882684,0.0034168405041577,0.1191624104322474,0.1295569072492708,0.0020872774047177,0.4748498702584415,0.6114430795026757,0.0095086441776963,4.6,2061.7,0.0034168405041577,0.667205568343874,0.207148998863766,0.5370890299479166,153.39161512586804,83.38302031017486,45.36198009006561,63.0,1.0,auxiliary_external_image_dataset
GUJ_SABARKANTHA_2020_2021,wheat,Rabi,grain_filling_initial,grain_filling_initial,2021-02-23,2021-03-05,95,105,6,7,95,125,Sabarkantha,23.6042,72.963,,2020,2021,3283.5,1,available,4.6,15.158490566037736,28.744339622641505,4.6,15.158490566037736,28.744339622641505,36.7,14,2326.8500000000004,2326.8500000000004,0.7386825396825398,0.1959158235375288,0.2095599766552222,0.2506903976882684,0.0029892089622598,0.1221552590398477,0.1277975632815501,0.0018144906030212,0.4723969050807077,0.5965890452927318,0.0081224398800887,4.6,2326.8500000000004,0.0029892089622598,0.64207763671875,0.2100675723866411,0.538883518528294,155.23204857078758,96.45987870499894,40.98217857979439,185.0,1.0,auxiliary_external_image_dataset
GUJ_SABARKANTHA_2020_2021,wheat,Rabi,grain_filling,grain_filling,2021-03-05,2021-03-15,105,115,7,8,105,125,Sabarkantha,23.6042,72.963,,2020,2021,3283.5,1,available,4.6,15.633620689655174,29.348275862068963,4.6,15.633620689655174,29.348275862068963,36.7,24,2608.9500000000007,2608.9500000000007,0.7562173913043481,0.1794056587676882,0.2069447806838956,0.2506903976882684,0.0026471695550308,0.1017754592986922,0.1255253140876807,0.0015899907415114,0.400722971407439,0.5800738844298038,0.0070069368628307,4.6,2608.9500000000007,0.0026471695550308,0.0612841694294905,0.0121212011134459,0.035730185628939,174.61391897762522,91.87537351976924,38.60734619813807,238.0,1.0,auxiliary_external_image_dataset
GUJ_SABARKANTHA_2020_2021,wheat,Rabi,maturity_preharvest,maturity_preharvest,2021-03-15,2021-03-25,115,130,8,9,115,125,Sabarkantha,23.6042,72.963,,2020,2021,3283.5,1,available,4.6,16.120634920634924,29.936507936507933,4.6,16.120634920634924,29.936507936507933,37.3,34,2901.600000000001,2901.600000000001,0.7737600000000002,0.1761547502072055,0.2056060837066482,0.2506903976882684,0.0024821083490276,0.0925650522362856,0.1240922592245766,0.0014754044920882,0.3587073950504811,0.5704492544567897,0.0064445552986148,4.6,2901.600000000001,0.0024821083490276,0.0008408979936079,2.9083789590208285e-07,8.322975852272727e-07,168.71288785067472,58.12083906693892,40.56065226468173,55.0,1.0,auxiliary_external_image_dataset
GUJ_SABARKANTHA_2021_2022,wheat,Rabi,sowing,sowing,2021-11-20,2021-11-30,0,10,0,1,0,125,Sabarkantha,23.6042,72.963,,2021,2022,3539.26,1,available,0.0,18.01818181818182,30.63636363636363,0.0,18.01818181818182,30.63636363636363,31.5,0,267.6,267.6,0.8919999999999999,0.233525027268001,0.240397838201218,0.2472706491344349,0.0467050054536002,0.143547501773652,0.1489076096503691,0.0287095003547304,0.7530465579449124,0.9235497803822186,0.1506093115889824,0.0,267.6,0.0467050054536002,,,,,,,,,
GUJ_SABARKANTHA_2021_2022,wheat,Rabi,early_vegetative,early_vegetative,2021-11-30,2021-12-10,10,20,1,2,10,125,Sabarkantha,23.6042,72.963,,2021,2022,3539.26,1,available,1.0,17.74761904761905,28.366666666666664,1.0,17.74761904761905,28.366666666666664,31.5,0,484.2,484.2,0.8069999999999999,0.2476447953786308,0.2329086201616761,0.2476447953786308,0.0197549633019309,0.145903864170634,0.1421163397816615,0.0118678806513728,0.7179652633460769,1.0121764990383104,0.08391749560098,1.0,484.2,0.0197549633019309,0.880794324372944,0.3849419227053033,0.837755705180921,137.38434640984786,174.4864686664782,48.70969892802992,19.0,1.0,auxiliary_external_image_dataset
GUJ_SABARKANTHA_2021_2022,wheat,Rabi,tillering,tillering,2021-12-10,2021-12-30,20,40,2,3,20,125,Sabarkantha,23.6042,72.963,,2021,2022,3539.26,1,available,11.2,15.61951219512195,26.8219512195122,11.2,15.61951219512195,26.8219512195122,31.5,0,870.05,870.05,0.7250416666666666,0.2375588671895787,0.2115961107550492,0.2476447953786308,0.0094009637862755,0.142461838157653,0.1284334739962613,0.0056636426534105,0.6375123402310859,0.683628641174449,0.0239911557794469,11.2,870.05,0.0094009637862755,,,,,,,,,
GUJ_SABARKANTHA_2021_2022,wheat,Rabi,stem_elongation,stem_elongation,2021-12-30,2022-01-19,40,60,3,4,40,125,Sabarkantha,23.6042,72.963,,2021,2022,3539.26,1,available,26.5,14.713114754098363,25.79508196721311,26.5,14.713114754098363,25.79508196721311,31.5,0,1235.4999999999998,1235.4999999999998,0.6863888888888887,0.1923966114024224,0.206323220748794,0.2476447953786308,0.0051645933012066,0.1049425535293109,0.1242486129986025,0.0030804597128992,0.7004673321310438,0.7859369156641396,0.0205009840674132,26.5,1235.4999999999998,0.0051645933012066,,,,,,,,,
GUJ_SABARKANTHA_2021_2022,wheat,Rabi,booting_heading,booting_heading,2022-01-19,2022-02-08,60,80,4,5,60,125,Sabarkantha,23.6042,72.963,,2021,2022,3539.26,1,available,26.9,13.848148148148146,25.64938271604938,26.9,13.848148148148146,25.64938271604938,31.5,0,1599.65,1599.65,0.6665208333333332,0.215517289729813,0.2074375192109161,0.2476447953786308,0.0038927131927418,0.1308913079016003,0.1242496281249809,0.0023096086706714,0.5800420746524414,0.7370325370057198,0.0132851343830184,26.9,1599.65,0.0038927131927418,,,,,,,,,
GUJ_SABARKANTHA_2021_2022,wheat,Rabi,flowering,flowering,2022-02-08,2022-02-23,80,95,5,6,80,125,Sabarkantha,23.6042,72.963,,2021,2022,3539.26,1,available,26.9,14.043749999999998,26.21770833333333,26.9,14.043749999999998,26.21770833333333,32.2,1,1932.55,1932.55,0.6780877192982455,0.2024069285219773,0.2071996480724345,0.2476447953786308,0.0032700702104982,0.1229703034463273,0.124103459146235,0.0019452511162967,0.5496021632244167,0.7031768346581948,0.0103231583181752,26.9,1932.55,0.0032700702104982,0.667205568343874,0.207148998863766,0.5370890299479166,153.39161512586804,83.38302031017486,45.36198009006561,63.0,1.0,auxiliary_external_image_dataset
GUJ_SABARKANTHA_2021_2022,wheat,Rabi,grain_filling_initial,grain_filling_initial,2022-02-23,2022-03-05,95,105,6,7,95,125,Sabarkantha,23.6042,72.963,,2021,2022,3539.26,1,available,26.9,14.3811320754717,26.78773584905661,26.9,14.3811320754717,26.78773584905661,33.0,8,2181.95,2181.95,0.6926825396825397,0.1919719169675823,0.2055705880380552,0.2476447953786308,0.002915862382048,0.1167772664806741,0.1229557583463298,0.0017321991427104,0.4695720635546454,0.6783032594327412,0.008795949228791,26.9,2181.95,0.002915862382048,0.64207763671875,0.2100675723866411,0.538883518528294,155.23204857078758,96.45987870499894,40.98217857979439,185.0,1.0,auxiliary_external_image_dataset
GUJ_SABARKANTHA_2021_2022,wheat,Rabi,grain_filling,grain_filling,2022-03-05,2022-03-15,105,115,7,8,105,125,Sabarkantha,23.6042,72.963,,2021,2022,3539.26,1,available,26.9,14.848275862068968,27.53706896551724,26.9,14.848275862068968,27.53706896551724,39.2,18,2458.35,2458.35,0.7125652173913043,0.1846094469594928,0.2018738383120694,0.2476447953786308,0.0025754893043214,0.1082186378874741,0.1201953574904624,0.0015178710198052,0.5377191645112136,0.6761382343342447,0.0081202924899775,26.9,2458.35,0.0025754893043214,0.0612841694294905,0.0121212011134459,0.035730185628939,174.61391897762522,91.87537351976924,38.60734619813807,238.0,1.0,auxiliary_external_image_dataset
GUJ_SABARKANTHA_2021_2022,wheat,Rabi,maturity_preharvest,maturity_preharvest,2022-03-15,2022-03-25,115,130,8,9,115,125,Sabarkantha,23.6042,72.963,,2021,2022,3539.26,1,available,26.9,15.504761904761908,28.409523809523808,26.9,15.504761904761908,28.409523809523808,39.8,28,2766.5999999999995,2766.5999999999995,0.7377599999999999,0.0613473558093358,0.1953241175084344,0.2476447953786308,0.0022251499775097,0.0244542079327159,0.1157298073207756,0.0012994508826955,-0.2241696357456819,0.6279580739526827,0.0064471580684513,26.9,2766.5999999999995,0.0022251499775097,0.0008408979936079,2.9083789590208285e-07,8.322975852272727e-07,168.71288785067472,58.12083906693892,40.56065226468173,55.0,1.0,auxiliary_external_image_dataset
GUJ_SABARKANTHA_2022_2023,wheat,Rabi,sowing,sowing,2022-11-20,2022-11-30,0,10,0,1,0,125,Sabarkantha,23.6042,72.963,,2022,2023,3234.9,1,available,0.0,15.445454545454544,29.427272727272733,0.0,15.445454545454544,29.427272727272733,30.1,0,246.8,246.8,0.8226666666666667,0.2364277140838046,0.2048576912793465,0.2364277140838046,0.0472855428167609,0.1473050672587114,0.1258910166601283,0.0294610134517422,0.7148463880047261,0.8490926091073064,0.1429692776009452,0.0,246.8,0.0472855428167609,,,,,,,,,
GUJ_SABARKANTHA_2022_2023,wheat,Rabi,early_vegetative,early_vegetative,2022-11-30,2022-12-10,10,20,1,2,10,125,Sabarkantha,23.6042,72.963,,2022,2023,3234.9,1,available,0.0,15.676190476190476,29.18095238095238,0.0,15.676190476190476,29.18095238095238,30.1,0,471.0,471.0,0.7849999999999999,0.2469895931788976,0.1986597710296083,0.2469895931788976,0.0179037815768883,0.1620652632072191,0.1220747401936153,0.0111772026482048,0.721234540931436,0.7085039569126669,0.0529677449686896,0.0,471.0,0.0179037815768883,0.880794324372944,0.3849419227053033,0.837755705180921,137.38434640984786,174.4864686664782,48.70969892802992,19.0,1.0,auxiliary_external_image_dataset
GUJ_SABARKANTHA_2022_2023,wheat,Rabi,tillering,tillering,2022-12-10,2022-12-30,20,40,2,3,20,125,Sabarkantha,23.6042,72.963,,2022,2023,3234.9,1,available,1.4,16.307317073170733,29.24390243902439,1.4,16.307317073170733,29.24390243902439,31.6,0,933.8,933.8,0.7781666666666667,0.234155023125212,0.1906172576675565,0.2469895931788976,0.0079384344781587,0.1443314742050553,0.1107324477623496,0.0045737424201235,0.6388170863191914,0.542008332095961,0.0191005155001539,1.4,933.8,0.0079384344781587,,,,,,,,,
GUJ_SABARKANTHA_2022_2023,wheat,Rabi,stem_elongation,stem_elongation,2022-12-30,2023-01-19,40,60,3,4,40,125,Sabarkantha,23.6042,72.963,,2022,2023,3234.9,1,available,1.4,15.257377049180327,28.33934426229509,1.4,15.257377049180327,28.33934426229509,31.6,0,1329.7,1329.7,0.7387222222222223,0.2198897129325951,0.1945641932632064,0.2469895931788976,0.0052333772577646,0.1429081560549658,0.1130643991064831,0.0030399745344504,0.6823986780183571,0.5939272771131682,0.0157548510146022,1.4,1329.7,0.0052333772577646,,,,,,,,,
GUJ_SABARKANTHA_2022_2023,wheat,Rabi,booting_heading,booting_heading,2023-01-19,2023-02-08,60,80,4,5,60,125,Sabarkantha,23.6042,72.963,,2022,2023,3234.9,1,available,9.0,14.74567901234568,28.10617283950617,9.0,14.74567901234568,28.10617283950617,31.6,0,1735.5,1735.5,0.723125,0.2056708578740423,0.1990760971579708,0.2469895931788976,0.0039857016774362,0.1189316550030666,0.1169676377003275,0.0023596971444284,0.5370615434537283,0.5845822761107131,0.0112881956857068,9.0,1735.5,0.0039857016774362,,,,,,,,,
GUJ_SABARKANTHA_2022_2023,wheat,Rabi,flowering,flowering,2023-02-08,2023-02-23,80,95,5,6,80,125,Sabarkantha,23.6042,72.963,,2022,2023,3234.9,1,available,9.0,14.828125,28.82916666666667,9.0,14.828125,28.82916666666667,35.3,9,2095.55,2095.55,0.7352807017543859,0.2044914062811879,0.2001844891540122,0.2469895931788976,0.0033401901198414,0.1234940739774956,0.1180166331195792,0.0019860839437602,0.4874042059562085,0.5809454273428706,0.0093482824256426,9.0,2095.55,0.0033401901198414,0.667205568343874,0.207148998863766,0.5370890299479166,153.39161512586804,83.38302031017486,45.36198009006561,63.0,1.0,auxiliary_external_image_dataset
GUJ_SABARKANTHA_2022_2023,wheat,Rabi,grain_filling_initial,grain_filling_initial,2023-02-23,2023-03-05,95,105,6,7,95,125,Sabarkantha,23.6042,72.963,,2022,2023,3234.9,1,available,9.0,15.250943396226416,29.41698113207547,9.0,15.250943396226416,29.41698113207547,37.2,19,2367.4,2367.4,0.7515555555555555,0.1990888079829847,0.2002308811288382,0.2469895931788976,0.002999784990071,0.1097257826983023,0.1179792408304992,0.00177858491323,0.4491352318053853,0.5680905304927856,0.0080817836798642,9.0,2367.4,0.002999784990071,0.64207763671875,0.2100675723866411,0.538883518528294,155.23204857078758,96.45987870499894,40.98217857979439,185.0,1.0,auxiliary_external_image_dataset
GUJ_SABARKANTHA_2022_2023,wheat,Rabi,grain_filling,grain_filling,2023-03-05,2023-03-15,105,115,7,8,105,125,Sabarkantha,23.6042,72.963,,2022,2023,3234.9,1,available,9.0,15.691379310344823,29.892241379310345,9.0,15.691379310344823,29.892241379310345,37.2,29,2643.85,2643.85,0.7663333333333333,0.0920717381031944,0.1958704314331883,0.2469895931788976,0.0026056698893298,0.0427052104861526,0.1146302463844011,0.0015232127806457,-0.1915321564108389,0.5341158449649115,0.0064944449444203,9.0,2643.85,0.0026056698893298,0.0612841694294905,0.0121212011134459,0.035730185628939,174.61391897762522,91.87537351976924,38.60734619813807,238.0,1.0,auxiliary_external_image_dataset
GUJ_SABARKANTHA_2022_2023,wheat,Rabi,maturity_preharvest,maturity_preharvest,2023-03-15,2023-03-25,115,130,8,9,115,125,Sabarkantha,23.6042,72.963,,2022,2023,3234.9,1,available,17.400000000000002,16.00079365079365,30.07857142857143,17.400000000000002,16.00079365079365,30.07857142857143,37.2,35,2903.0000000000005,2903.0000000000005,0.7741333333333335,0.1859031559042008,0.1948066719648445,0.2469895931788976,0.0023684435696966,0.0888015508859122,0.1128198041813156,0.0013560714747162,0.4197961462571681,0.5297898560817158,0.0059483173153951,17.400000000000002,2903.0000000000005,0.0023684435696966,0.0008408979936079,2.9083789590208285e-07,8.322975852272727e-07,168.71288785067472,58.12083906693892,40.56065226468173,55.0,1.0,auxiliary_external_image_dataset
GUJ_SABARKANTHA_2023_2024,wheat,Rabi,sowing,sowing,2023-11-20,2023-11-30,0,10,0,1,0,126,Sabarkantha,23.6042,72.963,,2023,2024,3298.44,1,available,42.0,18.509090909090908,29.027272727272727,42.0,18.509090909090908,29.027272727272727,32.2,1,261.45000000000005,261.45000000000005,0.8715000000000002,0.2262228134385121,0.2325246658458795,0.2388265182532469,0.0452445626877024,0.1216692016984912,0.1352744998825099,0.0243338403396982,0.9662587010619944,0.8067295440765829,0.1932517402123988,42.0,261.45000000000005,0.0452445626877024,,,,,,,,,
GUJ_SABARKANTHA_2023_2024,wheat,Rabi,early_vegetative,early_vegetative,2023-11-30,2023-12-10,10,20,1,2,10,126,Sabarkantha,23.6042,72.963,,2023,2024,3298.44,1,available,44.0,18.07619047619048,28.12857142857143,44.0,18.07619047619048,28.12857142857143,32.2,1,485.1500000000001,485.1500000000001,0.8085833333333334,0.2296462436972441,0.1768856702368561,0.2388265182532469,0.0134407965092441,0.1307295695287454,0.0916546072724126,0.0063505375696642,0.6982579410737866,0.4919666494739005,0.0339047380231522,44.0,485.1500000000001,0.0134407965092441,0.880794324372944,0.3849419227053033,0.837755705180921,137.38434640984786,174.4864686664782,48.70969892802992,19.0,1.0,auxiliary_external_image_dataset
GUJ_SABARKANTHA_2023_2024,wheat,Rabi,tillering,tillering,2023-12-10,2023-12-30,20,40,2,3,20,126,Sabarkantha,23.6042,72.963,,2023,2024,3298.44,1,available,44.0,17.148780487804878,28.087804878048782,44.0,17.148780487804878,28.087804878048782,32.2,1,927.35,927.35,0.7727916666666665,0.1216223592954907,0.1947981131948198,0.2505735829205047,0.0077428332424891,0.0566516162965758,0.1091736727286795,0.0043905648969192,0.243912871468384,0.562383802262914,0.0221696208317491,44.0,927.35,0.0077428332424891,,,,,,,,,
GUJ_SABARKANTHA_2023_2024,wheat,Rabi,stem_elongation,stem_elongation,2023-12-30,2024-01-19,40,60,3,4,40,126,Sabarkantha,23.6042,72.963,,2023,2024,3298.44,1,available,44.1,16.224590163934426,27.700000000000003,44.1,16.224590163934426,27.700000000000003,32.2,1,1339.7,1339.7,0.7442777777777778,0.2245633275579254,0.1986681052898047,0.2505735829205047,0.0052646410750353,0.1345603695525008,0.1134531960045063,0.0030626201731473,0.7350732378534721,0.637266002162479,0.017833155411484,44.1,1339.7,0.0052646410750353,,,,,,,,,
GUJ_SABARKANTHA_2023_2024,wheat,Rabi,booting_heading,booting_heading,2024-01-19,2024-02-08,60,80,4,5,60,126,Sabarkantha,23.6042,72.963,,2023,2024,3298.44,1,available,44.1,15.808641975308642,27.806172839506168,44.1,15.808641975308642,27.806172839506168,32.2,1,1766.4,1766.4,0.736,0.1831870988175183,0.1959330534156447,0.2505735829205047,0.0038909602366703,0.0931815325617951,0.1118018035253142,0.0022360265640434,0.4172601607568947,0.6247079206743994,0.0127427812009642,44.1,1766.4,0.0038909602366703,,,,,,,,,
GUJ_SABARKANTHA_2023_2024,wheat,Rabi,flowering,flowering,2024-02-08,2024-02-23,80,95,5,6,80,126,Sabarkantha,23.6042,72.963,,2023,2024,3298.44,1,available,44.2,16.026041666666668,28.190625,44.2,16.026041666666668,28.190625,33.4,5,2122.4,2122.4,0.744701754385965,0.1685281719063122,0.1936958094890226,0.2505735829205047,0.0031051562113119,0.0929657190406046,0.1101758519106223,0.0017685868602939,0.5039454751782316,0.5955494831834588,0.0093934392036943,44.2,2122.4,0.0031051562113119,0.667205568343874,0.207148998863766,0.5370890299479166,153.39161512586804,83.38302031017486,45.36198009006561,63.0,1.0,auxiliary_external_image_dataset
GUJ_SABARKANTHA_2023_2024,wheat,Rabi,grain_filling_initial,grain_filling_initial,2024-02-23,2024-03-04,95,105,6,7,95,126,Sabarkantha,23.6042,72.963,,2023,2024,3298.44,1,available,45.9,16.17830188679245,28.447169811320755,45.9,16.17830188679245,28.447169811320755,35.8,9,2365.15,2365.15,0.7508412698412699,0.168450803535589,0.184813818427558,0.2505735829205047,0.002537856365086,0.0876054872423411,0.1038298539549665,0.0014082266702368,0.5057604186672506,0.5559290873815487,0.0073452240393001,45.9,2365.15,0.002537856365086,0.64207763671875,0.2100675723866411,0.538883518528294,155.23204857078758,96.45987870499894,40.98217857979439,185.0,1.0,auxiliary_external_image_dataset
GUJ_SABARKANTHA_2023_2024,wheat,Rabi,grain_filling,grain_filling,2024-03-04,2024-03-14,105,115,7,8,105,126,Sabarkantha,23.6042,72.963,,2023,2024,3298.44,1,available,45.9,16.27068965517241,28.765517241379307,45.9,16.27068965517241,28.765517241379307,35.8,14,2612.1000000000004,2612.1000000000004,0.7571304347826088,0.1782366970886786,0.1843772548043604,0.2505735829205047,0.0023172903964487,0.1032078796061174,0.1035912680405934,0.0012891305148826,0.4626765694301805,0.5459907322814321,0.0065315735705432,45.9,2612.1000000000004,0.0023172903964487,0.0612841694294905,0.0121212011134459,0.035730185628939,174.61391897762522,91.87537351976924,38.60734619813807,238.0,1.0,auxiliary_external_image_dataset
GUJ_SABARKANTHA_2023_2024,wheat,Rabi,maturity_preharvest,maturity_preharvest,2024-03-14,2024-03-25,115,130,8,9,115,126,Sabarkantha,23.6042,72.963,,2023,2024,3298.44,1,available,45.9,16.6251968503937,29.39763779527559,45.9,16.6251968503937,29.39763779527559,37.8,25,2922.45,2922.45,0.7731349206349205,0.1787522495662369,0.183687443719572,0.2505735829205047,0.0021260539057019,0.1097478130512668,0.1034779389928607,0.001191474307478,0.6422877322831448,0.5466290635687873,0.0061098139556879,45.9,2922.45,0.0021260539057019,0.0008408979936079,2.9083789590208285e-07,8.322975852272727e-07,168.71288785067472,58.12083906693892,40.56065226468173,55.0,1.0,auxiliary_external_image_dataset
GUJ_SURAT_2020_2021,wheat,Rabi,sowing,sowing,2020-11-20,2020-11-30,0,10,0,1,0,125,Surat,21.1702,72.8311,,2020,2021,2653.3,1,available,0.2,19.8,32.554545454545455,0.2,19.8,32.554545454545455,34.3,7,287.95000000000005,287.95000000000005,0.9598333333333336,0.1502041796219347,0.1435010575365856,0.1502041796219347,0.0300408359243869,0.0722371963326105,0.0687838315011438,0.0144474392665221,0.5625309941890172,0.506743987581772,0.1125061988378034,0.2,287.95000000000005,0.0300408359243869,,,,,,,,,
GUJ_SURAT_2020_2021,wheat,Rabi,early_vegetative,early_vegetative,2020-11-30,2020-12-10,10,20,1,2,10,125,Surat,21.1702,72.8311,,2020,2021,2653.3,1,available,2.3000000000000003,19.847619047619045,33.304761904761904,2.3000000000000003,19.847619047619045,33.304761904761904,35.0,17,558.1,558.1,0.9301666666666668,0.1143691513507125,0.1398523588598569,0.1580381690155438,0.0115626853100737,0.0646251849394817,0.0703494114889593,0.0060646049597027,0.9353588697454694,0.5637819225235448,0.056873847054225,2.3000000000000003,558.1,0.0115626853100737,0.880794324372944,0.3849419227053033,0.837755705180921,137.38434640984786,174.4864686664782,48.70969892802992,19.0,1.0,auxiliary_external_image_dataset
GUJ_SURAT_2020_2021,wheat,Rabi,tillering,tillering,2020-12-10,2020-12-30,20,40,2,3,20,125,Surat,21.1702,72.8311,,2020,2021,2653.3,1,available,24.7,18.453658536585365,31.01707317073171,24.7,18.453658536585365,31.01707317073171,35.0,18,1014.15,1014.15,0.845125,0.1624805443302863,0.1445343344119784,0.1624805443302863,0.0057237433373776,0.108717074044218,0.0778873064699523,0.0033009287566819,0.6257777553213222,0.5599723491092126,0.0225995877566316,24.7,1014.15,0.0057237433373776,,,,,,,,,
GUJ_SURAT_2020_2021,wheat,Rabi,stem_elongation,stem_elongation,2020-12-30,2021-01-19,40,60,3,4,40,125,Surat,21.1702,72.8311,,2020,2021,2653.3,1,available,26.4,18.252459016393445,30.611475409836064,26.4,18.252459016393445,30.611475409836064,35.0,20,1490.35,1490.35,0.8279722222222222,0.0686939889690116,0.1208298250401587,0.1624805443302863,0.0026019248574861,0.0273732261548053,0.0610321702827158,0.0012739222522774,0.7433530876019862,0.4771646675431493,0.0111108473502943,26.4,1490.35,0.0026019248574861,,,,,,,,,
GUJ_SURAT_2020_2021,wheat,Rabi,booting_heading,booting_heading,2021-01-19,2021-02-08,60,80,4,5,60,125,Surat,21.1702,72.8311,,2020,2021,2653.3,1,available,26.4,17.614814814814814,30.588888888888885,26.4,17.614814814814814,30.588888888888885,35.0,24,1952.25,1952.25,0.8134375,0.1273137999963949,0.120838466675873,0.1624805443302863,0.0020847996361858,0.0736326773161035,0.0614391281521286,0.0010536937182336,0.4760332271537334,0.4534013328578698,0.0077842024909119,26.4,1952.25,0.0020847996361858,,,,,,,,,
GUJ_SURAT_2020_2021,wheat,Rabi,flowering,flowering,2021-02-08,2021-02-23,80,95,5,6,80,125,Surat,21.1702,72.8311,,2020,2021,2653.3,1,available,26.4,17.714583333333334,31.03125,26.4,17.714583333333334,31.03125,36.0,38,2339.8,2339.8,0.8209824561403508,0.1332206367942213,0.1209144702172377,0.1624805443302863,0.0018039766986288,0.0542567675135308,0.0603931695248728,0.0008809306611098,0.3598705966525698,0.4398032284947902,0.0063382799874461,26.4,2339.8,0.0018039766986288,0.667205568343874,0.207148998863766,0.5370890299479166,153.39161512586804,83.38302031017486,45.36198009006561,63.0,1.0,auxiliary_external_image_dataset
GUJ_SURAT_2020_2021,wheat,Rabi,grain_filling_initial,grain_filling_initial,2021-02-23,2021-03-05,95,105,6,7,95,125,Surat,21.1702,72.8311,,2020,2021,2653.3,1,available,26.4,17.95377358490566,31.559433962264148,26.4,17.95377358490566,31.559433962264148,38.9,48,2624.2,2624.2,0.833079365079365,0.1313604448278156,0.1218750843142104,0.1624805443302863,0.0016755724451383,0.0718780133760663,0.061332803595691,0.0008346285241466,0.4325222119571128,0.4319307400749707,0.0056347617955444,26.4,2624.2,0.0016755724451383,0.64207763671875,0.2100675723866411,0.538883518528294,155.23204857078758,96.45987870499894,40.98217857979439,185.0,1.0,auxiliary_external_image_dataset
GUJ_SURAT_2020_2021,wheat,Rabi,grain_filling,grain_filling,2021-03-05,2021-03-15,105,115,7,8,105,125,Surat,21.1702,72.8311,,2020,2021,2653.3,1,available,26.4,18.22844827586207,32.01551724137931,26.4,18.22844827586207,32.01551724137931,38.9,58,2914.15,2914.15,0.8446811594202899,0.1119661117937087,0.121415422587342,0.1624805443302863,0.0015290575742191,0.0544334090555714,0.0613556705679981,0.0007689670743853,0.3418781815298038,0.4287133627446629,0.0051504189991848,26.4,2914.15,0.0015290575742191,0.0612841694294905,0.0121212011134459,0.035730185628939,174.61391897762522,91.87537351976924,38.60734619813807,238.0,1.0,auxiliary_external_image_dataset
GUJ_SURAT_2020_2021,wheat,Rabi,maturity_preharvest,maturity_preharvest,2021-03-15,2021-03-25,115,130,8,9,115,125,Surat,21.1702,72.8311,,2020,2021,2653.3,1,available,26.4,18.50873015873016,32.43095238095238,26.4,18.50873015873016,32.43095238095238,39.7,68,3209.2000000000003,3209.2000000000003,0.8557866666666667,0.1298286297179343,0.1209920843698164,0.1624805443302863,0.0014063583648458,0.056423967406204,0.060868732714424,0.0007014422446349,0.3016131546582067,0.4286841876025506,0.0047998351494022,26.4,3209.2000000000003,0.0014063583648458,0.0008408979936079,2.9083789590208285e-07,8.322975852272727e-07,168.71288785067472,58.12083906693892,40.56065226468173,55.0,1.0,auxiliary_external_image_dataset
GUJ_SURAT_2021_2022,wheat,Rabi,sowing,sowing,2021-11-20,2021-11-30,0,10,0,1,0,125,Surat,21.1702,72.8311,,2021,2022,2557.35,1,available,2.8000000000000003,21.76363636363636,33.72727272727273,2.8000000000000003,21.76363636363636,33.72727272727273,35.2,11,305.2,305.2,1.0173333333333332,0.1494511208588073,0.104562787706325,0.1494511208588073,0.0298902241717614,0.0800367000272935,0.0511754974583003,0.0160073400054587,0.581331642576435,0.000856940660491,0.116266328515287,2.8000000000000003,305.2,0.0298902241717614,,,,,,,,,
GUJ_SURAT_2021_2022,wheat,Rabi,early_vegetative,early_vegetative,2021-11-30,2021-12-10,10,20,1,2,10,125,Surat,21.1702,72.8311,,2021,2022,2557.35,1,available,56.4,20.614285714285717,31.02857142857144,56.4,20.614285714285717,31.02857142857144,35.2,11,542.25,542.25,0.90375,0.0589184032014434,0.0979702786939746,0.1494511208588073,0.0081982943255249,0.023764655261528,0.0467412567769266,0.0039004202810147,-0.4338639712184831,0.0304104031279797,0.0055331876248546,56.4,542.25,0.0081982943255249,0.880794324372944,0.3849419227053033,0.837755705180921,137.38434640984786,174.4864686664782,48.70969892802992,19.0,1.0,auxiliary_external_image_dataset
GUJ_SURAT_2021_2022,wheat,Rabi,tillering,tillering,2021-12-10,2021-12-30,20,40,2,3,20,125,Surat,21.1702,72.8311,,2021,2022,2557.35,1,available,56.4,18.75609756097561,30.09512195121952,56.4,18.75609756097561,30.09512195121952,35.2,11,1001.45,1001.45,0.8345416666666666,0.1449545406514428,0.1145679913624148,0.180192663123422,0.0058996959258397,0.0861747162121522,0.0547856763467369,0.002849590946191,0.5897764683717265,0.0695442954149961,0.007598656787841,56.4,1001.45,0.0058996959258397,,,,,,,,,
GUJ_SURAT_2021_2022,wheat,Rabi,stem_elongation,stem_elongation,2021-12-30,2022-01-19,40,60,3,4,40,125,Surat,21.1702,72.8311,,2021,2022,2557.35,1,available,56.8,18.011475409836066,29.66065573770492,56.8,18.011475409836066,29.66065573770492,35.2,11,1454.0,1454.0,0.8077777777777778,0.1015981631982372,0.1074062890667309,0.180192663123422,0.0027748264285673,0.0368561363670191,0.0494307766927421,0.0012457842191006,0.7817228107615959,0.285561908485349,0.0126657596505237,56.8,1454.0,0.0027748264285673,,,,,,,,,
GUJ_SURAT_2021_2022,wheat,Rabi,booting_heading,booting_heading,2022-01-19,2022-02-08,60,80,4,5,60,125,Surat,21.1702,72.8311,,2021,2022,2557.35,1,available,58.8,17.26666666666667,29.24444444444444,58.8,17.26666666666667,29.24444444444444,35.2,12,1883.7,1883.7,0.784875,0.1295219260797753,0.1058221470999722,0.180192663123422,0.0020174572556867,0.0698648082980901,0.0486514177856239,0.0009237817035312,0.4027939753499261,0.3037447946870737,0.008111856257612,58.8,1883.7,0.0020174572556867,,,,,,,,,
GUJ_SURAT_2021_2022,wheat,Rabi,flowering,flowering,2022-02-08,2022-02-23,80,95,5,6,80,125,Surat,21.1702,72.8311,,2021,2022,2557.35,1,available,58.8,17.259375000000002,29.60729166666667,58.8,17.259375000000002,29.60729166666667,35.2,19,2249.5999999999995,2249.5999999999995,0.7893333333333331,0.1131819797402775,0.1023389126086991,0.180192663123422,0.0015847086765396,0.0638083651041594,0.0478928493160361,0.0007510687115412,0.5068504733671698,0.2933196146300009,0.0059002681545504,58.8,2249.5999999999995,0.0015847086765396,0.667205568343874,0.207148998863766,0.5370890299479166,153.39161512586804,83.38302031017486,45.36198009006561,63.0,1.0,auxiliary_external_image_dataset
GUJ_SURAT_2021_2022,wheat,Rabi,grain_filling_initial,grain_filling_initial,2022-02-23,2022-03-05,95,105,6,7,95,125,Surat,21.1702,72.8311,,2021,2022,2557.35,1,available,58.8,17.423584905660377,30.17830188679245,58.8,17.423584905660377,30.17830188679245,37.4,29,2522.9,2522.9,0.8009206349206348,0.1271633126212962,0.1042697013621417,0.180192663123422,0.0014939554120112,0.0667055709626276,0.0490887550256302,0.0007144335869189,0.4845320963519316,0.3072579513340451,0.0055086853875717,58.8,2522.9,0.0014939554120112,0.64207763671875,0.2100675723866411,0.538883518528294,155.23204857078758,96.45987870499894,40.98217857979439,185.0,1.0,auxiliary_external_image_dataset
GUJ_SURAT_2021_2022,wheat,Rabi,grain_filling,grain_filling,2022-03-05,2022-03-15,105,115,7,8,105,125,Surat,21.1702,72.8311,,2021,2022,2557.35,1,available,58.8,17.868103448275864,30.863793103448277,58.8,17.868103448275864,30.863793103448277,40.7,39,2826.4500000000003,2826.4500000000003,0.8192608695652175,0.132484628310753,0.0987070446689538,0.180192663123422,0.0012287296198444,0.0772531852101877,0.0434308714013942,0.000512660139102,0.4672469992260087,0.3049013819168946,0.0048042366938724,58.8,2826.4500000000003,0.0012287296198444,0.0612841694294905,0.0121212011134459,0.035730185628939,174.61391897762522,91.87537351976924,38.60734619813807,238.0,1.0,auxiliary_external_image_dataset
GUJ_SURAT_2021_2022,wheat,Rabi,maturity_preharvest,maturity_preharvest,2022-03-15,2022-03-25,115,130,8,9,115,125,Surat,21.1702,72.8311,,2021,2022,2557.35,1,available,58.8,18.337301587301592,31.54285714285714,58.8,18.337301587301592,31.54285714285714,41.2,49,3142.4500000000003,3142.4500000000003,0.8379866666666668,0.1371647557078252,0.1003791190619482,0.180192663123422,0.0012242757970042,0.0659727553351481,0.0444109533115574,0.0005202104223667,0.3665924199463859,0.307583600961655,0.0046042095408186,58.8,3142.4500000000003,0.0012242757970042,0.0008408979936079,2.9083789590208285e-07,8.322975852272727e-07,168.71288785067472,58.12083906693892,40.56065226468173,55.0,1.0,auxiliary_external_image_dataset
GUJ_SURAT_2022_2023,wheat,Rabi,sowing,sowing,2022-11-20,2022-11-30,0,10,0,1,0,125,Surat,21.1702,72.8311,,2022,2023,2566.72,1,available,0.0,17.827272727272728,32.89090909090908,0.0,17.827272727272728,32.89090909090908,34.0,9,278.95,278.95,0.9298333333333332,0.1686335451396037,0.1765269859898434,0.1844204268400832,0.0337267090279207,0.0959546169310653,0.1024347494961985,0.019190923386213,0.5863519875526624,0.5720866448013493,0.1172703975105324,0.0,278.95,0.0337267090279207,,,,,,,,,
GUJ_SURAT_2022_2023,wheat,Rabi,early_vegetative,early_vegetative,2022-11-30,2022-12-10,10,20,1,2,10,125,Surat,21.1702,72.8311,,2022,2023,2566.72,1,available,0.0,18.695238095238096,32.90476190476191,0.0,18.695238095238096,32.90476190476191,34.0,17,541.8000000000001,541.8000000000001,0.903,0.1437405243685842,0.1621984648072159,0.1844204268400832,0.012912197771522,0.0738602091845622,0.0901852104221705,0.0068793930215456,0.4904561668036796,0.5958260514208773,0.0507867140931137,0.0,541.8000000000001,0.012912197771522,0.880794324372944,0.3849419227053033,0.837755705180921,137.38434640984786,174.4864686664782,48.70969892802992,19.0,1.0,auxiliary_external_image_dataset
GUJ_SURAT_2022_2023,wheat,Rabi,tillering,tillering,2022-12-10,2022-12-30,20,40,2,3,20,125,Surat,21.1702,72.8311,,2022,2023,2566.72,1,available,1.7,18.75609756097561,32.265853658536585,1.7,18.75609756097561,32.265853658536585,34.8,27,1045.95,1045.95,0.871625,0.1461895749880657,0.1565891683428552,0.1844204268400832,0.0060683969631905,0.0838866961129521,0.07883062600272,0.0029343064608162,0.629480487457378,0.531402752893167,0.0203384741819225,1.7,1045.95,0.0060683969631905,,,,,,,,,
GUJ_SURAT_2022_2023,wheat,Rabi,stem_elongation,stem_elongation,2022-12-30,2023-01-19,40,60,3,4,40,125,Surat,21.1702,72.8311,,2022,2023,2566.72,1,available,1.7,17.65081967213115,31.250819672131144,1.7,17.65081967213115,31.250819672131144,34.8,29,1491.4999999999998,1491.4999999999998,0.828611111111111,0.1467271442283189,0.1420987253525279,0.1844204268400832,0.0033757228304998,0.0896691843244121,0.0700477541711432,0.0016084596356741,0.4861809527653747,0.4891350920772832,0.0116829387067269,1.7,1491.4999999999998,0.0033757228304998,,,,,,,,,
GUJ_SURAT_2022_2023,wheat,Rabi,booting_heading,booting_heading,2023-01-19,2023-02-08,60,80,4,5,60,125,Surat,21.1702,72.8311,,2022,2023,2566.72,1,available,1.7,17.416049382716054,31.06913580246913,1.7,17.416049382716054,31.06913580246913,34.8,39,1963.65,1963.65,0.8181875,0.1250927605247116,0.1386256734750435,0.1844204268400832,0.0024849841703932,0.066103230548752,0.0671623154425355,0.001163787290635,0.5501595980675009,0.4876779365131946,0.0090530951763148,1.7,1963.65,0.0024849841703932,,,,,,,,,
GUJ_SURAT_2022_2023,wheat,Rabi,flowering,flowering,2023-02-08,2023-02-23,80,95,5,6,80,125,Surat,21.1702,72.8311,,2022,2023,2566.72,1,available,1.7,17.454166666666666,31.825,1.7,17.454166666666666,31.825,38.2,54,2365.4,2365.4,0.8299649122807018,0.038054848415285,0.1321073321260676,0.1844204268400832,0.0019245771173962,0.0042958590828069,0.0641109943284353,0.0009107275300748,-0.1276950702994043,0.4485258033392338,0.0064306336698633,1.7,2365.4,0.0019245771173962,0.667205568343874,0.207148998863766,0.5370890299479166,153.39161512586804,83.38302031017486,45.36198009006561,63.0,1.0,auxiliary_external_image_dataset
GUJ_SURAT_2022_2023,wheat,Rabi,grain_filling_initial,grain_filling_initial,2023-02-23,2023-03-05,95,105,6,7,95,125,Surat,21.1702,72.8311,,2022,2023,2566.72,1,available,1.7,17.672641509433966,32.36415094339623,1.7,17.672641509433966,32.36415094339623,40.0,64,2651.95,2651.95,0.8418888888888888,0.1442908652555567,0.1331413345669988,0.1844204268400832,0.00180289910543,0.0623897155192084,0.0649091445644303,0.0008655533971289,0.3060219833104607,0.4415638732358617,0.0057409912507083,1.7,2651.95,0.00180289910543,0.64207763671875,0.2100675723866411,0.538883518528294,155.23204857078758,96.45987870499894,40.98217857979439,185.0,1.0,auxiliary_external_image_dataset
GUJ_SURAT_2022_2023,wheat,Rabi,grain_filling,grain_filling,2023-03-05,2023-03-15,105,115,7,8,105,125,Surat,21.1702,72.8311,,2022,2023,2566.72,1,available,3.1,18.11206896551724,32.78879310344828,3.1,18.11206896551724,32.78879310344828,40.0,74,2952.2499999999995,2952.2499999999995,0.8557246376811593,0.048603354166785,0.1301960698536948,0.1844204268400832,0.0015857485487418,-0.0043086485712136,0.0623726376617999,0.0007334615988387,-0.0280551325111221,0.420345255134699,0.0047774576784294,3.1,2952.2499999999995,0.0015857485487418,0.0612841694294905,0.0121212011134459,0.035730185628939,174.61391897762522,91.87537351976924,38.60734619813807,238.0,1.0,auxiliary_external_image_dataset
GUJ_SURAT_2022_2023,wheat,Rabi,maturity_preharvest,maturity_preharvest,2023-03-15,2023-03-25,115,130,8,9,115,125,Surat,21.1702,72.8311,,2022,2023,2566.72,1,available,28.2,18.42063492063492,32.6468253968254,28.2,18.42063492063492,32.6468253968254,40.0,75,3217.2500000000005,3217.2500000000005,0.8579333333333334,0.0219937913337808,0.1256298386422522,0.1844204268400832,0.0013663268885877,-0.0235970093725559,0.0587058120929038,0.0005981450391396,-0.042744360105928,0.407551745440939,0.0041873113775664,28.2,3217.2500000000005,0.0013663268885877,0.0008408979936079,2.9083789590208285e-07,8.322975852272727e-07,168.71288785067472,58.12083906693892,40.56065226468173,55.0,1.0,auxiliary_external_image_dataset
GUJ_SURAT_2023_2024,wheat,Rabi,sowing,sowing,2023-11-20,2023-11-30,0,10,0,1,0,126,Surat,21.1702,72.8311,,2023,2024,2561.77,1,available,84.6,20.87272727272727,32.054545454545455,84.6,20.87272727272727,32.054545454545455,35.8,6,291.1,291.1,0.9703333333333334,0.1550969111237215,0.151629354401729,0.1550969111237215,0.0310193822247443,0.0751418050820513,0.076656593698,0.0150283610164102,0.7651219949678694,0.6659234600291468,0.1530243989935739,84.6,291.1,0.0310193822247443,,,,,,,,,
GUJ_SURAT_2023_2024,wheat,Rabi,early_vegetative,early_vegetative,2023-11-30,2023-12-10,10,20,1,2,10,126,Surat,21.1702,72.8311,,2023,2024,2561.77,1,available,87.5,20.566666666666663,30.952380952380945,87.5,20.566666666666663,30.952380952380945,35.8,6,540.9499999999999,540.9499999999999,0.9015833333333332,0.1581152968513957,0.1522566877380775,0.1581152968513957,0.0132106898896117,0.0715128177606737,0.0727722262291981,0.006031515112633,0.5395584553971853,0.5641608040427526,0.0450610434655784,87.5,540.9499999999999,0.0132106898896117,0.880794324372944,0.3849419227053033,0.837755705180921,137.38434640984786,174.4864686664782,48.70969892802992,19.0,1.0,auxiliary_external_image_dataset
GUJ_SURAT_2023_2024,wheat,Rabi,tillering,tillering,2023-12-10,2023-12-30,20,40,2,3,20,126,Surat,21.1702,72.8311,,2023,2024,2561.77,1,available,87.5,19.587804878048782,30.97560975609756,87.5,19.587804878048782,30.97560975609756,35.8,13,1036.55,1036.55,0.8637916666666666,0.1475227340422803,0.1503472682018526,0.1669391643037482,0.0059671078092241,0.0685118532877009,0.0753625237186947,0.0030099187778456,0.546259576372158,0.5475046004618579,0.0212142837994654,87.5,1036.55,0.0059671078092241,,,,,,,,,
GUJ_SURAT_2023_2024,wheat,Rabi,stem_elongation,stem_elongation,2023-12-30,2024-01-19,40,60,3,4,40,126,Surat,21.1702,72.8311,,2023,2024,2561.77,1,available,87.7,18.845901639344262,30.837704918032788,87.7,18.845901639344262,30.837704918032788,35.8,18,1515.35,1515.35,0.8418611111111112,0.14652719097369,0.1448894736290287,0.1669391643037482,0.0036780567938763,0.0769390197128826,0.0700243789022527,0.0017387517047352,0.5426264307861305,0.5309706139112944,0.0132247488349119,87.7,1515.35,0.0036780567938763,,,,,,,,,
GUJ_SURAT_2023_2024,wheat,Rabi,booting_heading,booting_heading,2024-01-19,2024-02-08,60,80,4,5,60,126,Surat,21.1702,72.8311,,2023,2024,2561.77,1,available,87.7,18.439506172839504,30.94691358024691,87.7,18.439506172839504,30.94691358024691,35.8,25,2000.15,2000.15,0.8333958333333332,0.1018751401712972,0.1425349220501905,0.1669391643037482,0.0026639118273862,0.0335341014884427,0.0688924057711826,0.0012630393351571,0.3357321916217953,0.5156928732998229,0.0094588913351306,87.7,2000.15,0.0026639118273862,,,,,,,,,
GUJ_SURAT_2023_2024,wheat,Rabi,flowering,flowering,2024-02-08,2024-02-23,80,95,5,6,80,126,Surat,21.1702,72.8311,,2023,2024,2561.77,1,available,87.7,18.501041666666666,31.242708333333336,87.7,18.501041666666666,31.242708333333336,37.7,32,2387.7,2387.7,0.8377894736842104,0.0851533503756029,0.1380765728146405,0.1669391643037482,0.0021151939779291,0.0323225536538697,0.0657018932092297,0.0009748244044839,0.3247173566193878,0.4951908033424259,0.0074101063605567,87.7,2387.7,0.0021151939779291,0.667205568343874,0.207148998863766,0.5370890299479166,153.39161512586804,83.38302031017486,45.36198009006561,63.0,1.0,auxiliary_external_image_dataset
GUJ_SURAT_2023_2024,wheat,Rabi,grain_filling_initial,grain_filling_initial,2024-02-23,2024-03-04,95,105,6,7,95,126,Surat,21.1702,72.8311,,2023,2024,2561.77,1,available,87.7,18.56981132075472,31.46509433962264,87.7,18.56981132075472,31.46509433962264,37.8,38,2651.85,2651.85,0.8418571428571429,0.1119850998223803,0.1367719991650275,0.1669391643037482,0.0019565103621929,0.0472433344341425,0.0647789652704753,0.0008947301740905,0.6613283320168704,0.5034976797761481,0.0072830719978005,87.7,2651.85,0.0019565103621929,0.64207763671875,0.2100675723866411,0.538883518528294,155.23204857078758,96.45987870499894,40.98217857979439,185.0,1.0,auxiliary_external_image_dataset
GUJ_SURAT_2023_2024,wheat,Rabi,grain_filling,grain_filling,2024-03-04,2024-03-14,105,115,7,8,105,126,Surat,21.1702,72.8311,,2023,2024,2561.77,1,available,87.7,18.62844827586207,31.70862068965517,87.7,18.62844827586207,31.70862068965517,37.8,47,2919.55,2919.55,0.8462463768115941,0.1439014217034711,0.1368786793370596,0.1669391643037482,0.0017753077530474,0.0715211576248634,0.0649429276125891,0.0008207558727435,0.4290572890165598,0.4951639188313552,0.0063536342746376,87.7,2919.55,0.0017753077530474,0.0612841694294905,0.0121212011134459,0.035730185628939,174.61391897762522,91.87537351976924,38.60734619813807,238.0,1.0,auxiliary_external_image_dataset
GUJ_SURAT_2023_2024,wheat,Rabi,maturity_preharvest,maturity_preharvest,2024-03-14,2024-03-25,115,130,8,9,115,126,Surat,21.1702,72.8311,,2023,2024,2561.77,1,available,87.7,18.79763779527559,32.177165354330704,87.7,18.79763779527559,32.177165354330704,39.6,58,3236.9,3236.9,0.8563227513227514,0.1104715915822588,0.1358876437002178,0.1669391643037482,0.0016013162938697,0.0599255202033696,0.0648368070110304,0.000752637142689,0.4172884989457337,0.4861413476911161,0.0056094412862438,87.7,3236.9,0.0016013162938697,0.0008408979936079,2.9083789590208285e-07,8.322975852272727e-07,168.71288785067472,58.12083906693892,40.56065226468173,55.0,1.0,auxiliary_external_image_dataset
GUJ_SURENDRANAGAR_2020_2021,wheat,Rabi,sowing,sowing,2020-11-20,2020-11-30,0,10,0,1,0,125,Surendranagar,,,,2020,2021,2996.11,1,available,0.0,17.44545454545454,30.2,0.0,17.44545454545454,30.2,32.2,1,262.05,262.05,0.8735,0.397427938346141,0.4000893171525409,0.4027506959589409,0.0794855876692282,0.2665515872134187,0.2643227244476867,0.0533103174426837,0.9141712940100202,0.8380092235243415,0.182834258802004,0.0,262.05,0.0794855876692282,,,,,,,,,
GUJ_SURENDRANAGAR_2020_2021,wheat,Rabi,early_vegetative,early_vegetative,2020-11-30,2020-12-10,10,20,1,2,10,125,Surendranagar,,,,2020,2021,2996.11,1,available,0.0,17.566666666666663,31.219047619047625,0.0,17.566666666666663,31.219047619047625,32.8,10,512.25,512.25,0.85375,0.3859266701568658,0.394456023114247,0.4027506959589409,0.0334092217829545,0.2549590202540409,0.2593188635068507,0.0219824373961645,0.9544061629388334,0.8573774349648515,0.0767937148938614,0.0,512.25,0.0334092217829545,0.880794324372944,0.3849419227053033,0.837755705180921,137.38434640984786,174.4864686664782,48.70969892802992,19.0,1.0,auxiliary_external_image_dataset
GUJ_SURENDRANAGAR_2020_2021,wheat,Rabi,tillering,tillering,2020-12-10,2020-12-30,20,40,2,3,20,125,Surendranagar,,,,2020,2021,2996.11,1,available,0.3,16.13170731707317,29.134146341463413,0.3,16.13170731707317,29.134146341463413,32.8,10,927.9499999999998,927.9499999999998,0.7732916666666665,0.4181376944190911,0.3937804872802711,0.4237283500378199,0.015893708962166,0.2966536193116519,0.2618043810399824,0.0106817412768919,0.9933812621017132,0.9739466312282282,0.0407408326964703,0.3,927.9499999999998,0.015893708962166,,,,,,,,,
GUJ_SURENDRANAGAR_2020_2021,wheat,Rabi,stem_elongation,stem_elongation,2020-12-30,2021-01-19,40,60,3,4,40,125,Surendranagar,,,,2020,2021,2996.11,1,available,0.3,15.465573770491805,28.76065573770492,0.3,15.465573770491805,28.76065573770492,32.8,10,1348.9,1348.9,0.7493888888888888,0.4975193653409533,0.398618198763097,0.4975193653409533,0.0106429714339686,0.3238373383253298,0.2614823123609848,0.0069507377760886,1.2024583675905731,1.10386960815835,0.0315655052465649,0.3,1348.9,0.0106429714339686,,,,,,,,,
GUJ_SURENDRANAGAR_2020_2021,wheat,Rabi,booting_heading,booting_heading,2021-01-19,2021-02-08,60,80,4,5,60,125,Surendranagar,,,,2020,2021,2996.11,1,available,0.3,15.028395061728398,28.713580246913583,0.3,15.028395061728398,28.713580246913583,32.8,10,1771.5500000000002,1771.5500000000002,0.7381458333333334,0.4976623448688542,0.4203095336357433,0.4976623448688542,0.0085766700606558,0.3481508687264241,0.2793516604091319,0.0057422501258849,1.3397353756588442,1.143641450851129,0.0238925315112411,0.3,1771.5500000000002,0.0085766700606558,,,,,,,,,
GUJ_SURENDRANAGAR_2020_2021,wheat,Rabi,flowering,flowering,2021-02-08,2021-02-23,80,95,5,6,80,125,Surendranagar,,,,2020,2021,2996.11,1,available,0.3,15.322916666666666,29.28333333333333,0.3,15.322916666666666,29.28333333333333,34.5,20,2141.1,2141.1,0.7512631578947369,0.5180604150070198,0.4327261851925045,0.5278882405244848,0.0074621984954363,0.3519134273310728,0.2887058346067354,0.0050178916917685,1.1375509133110349,1.1548845232411855,0.0199152574339029,0.3,2141.1,0.0074621984954363,0.667205568343874,0.207148998863766,0.5370890299479166,153.39161512586804,83.38302031017486,45.36198009006561,63.0,1.0,auxiliary_external_image_dataset
GUJ_SURENDRANAGAR_2020_2021,wheat,Rabi,grain_filling_initial,grain_filling_initial,2021-02-23,2021-03-05,95,105,6,7,95,125,Surendranagar,,,,2020,2021,2996.11,1,available,0.3,15.715094339622642,29.840566037735847,0.3,15.715094339622642,29.840566037735847,37.6,30,2414.4500000000003,2414.4500000000003,0.7664920634920636,0.4845362438461733,0.4385895568037596,0.5278882405244848,0.0068262369120855,0.3373023211302717,0.2932967032255229,0.0046030347390091,1.218057740643094,1.1621237570142005,0.0179789904905747,0.3,2414.4500000000003,0.0068262369120855,0.64207763671875,0.2100675723866411,0.538883518528294,155.23204857078758,96.45987870499894,40.98217857979439,185.0,1.0,auxiliary_external_image_dataset
GUJ_SURENDRANAGAR_2020_2021,wheat,Rabi,grain_filling,grain_filling,2021-03-05,2021-03-15,105,115,7,8,105,125,Surendranagar,,,,2020,2021,2996.11,1,available,0.3,16.173275862068966,30.42068965517241,0.3,16.173275862068966,30.42068965517241,37.6,40,2702.45,2702.45,0.7833188405797101,0.4416949064165226,0.4397223650543336,0.5278882405244848,0.0061853018374508,0.2963142682185302,0.2939933282060483,0.0041636255164198,0.9858539720952332,1.1544300339598923,0.016025164536032,0.3,2702.45,0.0061853018374508,0.0612841694294905,0.0121212011134459,0.035730185628939,174.61391897762522,91.87537351976924,38.60734619813807,238.0,1.0,auxiliary_external_image_dataset
GUJ_SURENDRANAGAR_2020_2021,wheat,Rabi,maturity_preharvest,maturity_preharvest,2021-03-15,2021-03-25,115,130,8,9,115,125,Surendranagar,,,,2020,2021,2996.11,1,available,0.3,16.669841269841267,30.97460317460317,0.3,16.669841269841267,30.97460317460317,38.0,50,3001.6,3001.6,0.8004266666666666,0.3938607140447252,0.4262688704922175,0.5278882405244848,0.0053163849999574,0.2550311833507792,0.2841705127237505,0.0035565469205132,0.7868353689443395,1.0780871796415006,0.012819223378336,0.3,3001.6,0.0053163849999574,0.0008408979936079,2.9083789590208285e-07,8.322975852272727e-07,168.71288785067472,58.12083906693892,40.56065226468173,55.0,1.0,auxiliary_external_image_dataset
GUJ_SURENDRANAGAR_2021_2022,wheat,Rabi,sowing,sowing,2021-11-20,2021-11-30,0,10,0,1,0,125,Surendranagar,,,,2021,2022,3205.02,1,available,0.0,18.763636363636365,30.690909090909088,0.0,18.763636363636365,30.690909090909088,31.5,0,272.0,272.0,0.9066666666666666,0.3669704709810042,0.4035320821656907,0.4400936933503772,0.0733940941962008,0.2341208860901265,0.2555330459982214,0.0468241772180253,1.0338258124422797,1.0035421239611078,0.2067651624884559,0.0,272.0,0.0733940941962008,,,,,,,,,
GUJ_SURENDRANAGAR_2021_2022,wheat,Rabi,early_vegetative,early_vegetative,2021-11-30,2021-12-10,10,20,1,2,10,125,Surendranagar,,,,2021,2022,3205.02,1,available,0.1,18.290476190476188,28.733333333333334,0.1,18.290476190476188,28.733333333333334,31.5,0,493.75,493.75,0.8229166666666666,0.3913585676535664,0.3909001326171124,0.4400936933503772,0.0324485967272672,0.2396315003395966,0.2445454549215791,0.0201140548829924,1.0088745085430888,1.114382219628667,0.0991941368881467,0.1,493.75,0.0324485967272672,0.880794324372944,0.3849419227053033,0.837755705180921,137.38434640984786,174.4864686664782,48.70969892802992,19.0,1.0,auxiliary_external_image_dataset
GUJ_SURENDRANAGAR_2021_2022,wheat,Rabi,tillering,tillering,2021-12-10,2021-12-30,20,40,2,3,20,125,Surendranagar,,,,2021,2022,3205.02,1,available,11.5,16.031707317073174,27.285365853658536,11.5,16.031707317073174,27.285365853658536,31.5,0,888.0,888.0,0.74,0.3933958058389702,0.3649168131206466,0.4400936933503772,0.0163419078325543,0.2523199293158475,0.2291757252460051,0.010277951525422,1.0445623920112177,0.8012087019374875,0.0316747873151228,11.5,888.0,0.0163419078325543,,,,,,,,,
GUJ_SURENDRANAGAR_2021_2022,wheat,Rabi,stem_elongation,stem_elongation,2021-12-30,2022-01-19,40,60,3,4,40,125,Surendranagar,,,,2021,2022,3205.02,1,available,21.8,15.12950819672131,26.39016393442623,21.8,15.12950819672131,26.39016393442623,31.5,0,1266.3500000000004,1266.3500000000004,0.703527777777778,0.3885332834963289,0.3755363146699337,0.4485281866926849,0.0098570620764031,0.239384937008373,0.2351350226777677,0.0061661666437765,1.3835763956804137,1.089600181301217,0.0321767292058256,21.8,1266.3500000000004,0.0098570620764031,,,,,,,,,
GUJ_SURENDRANAGAR_2021_2022,wheat,Rabi,booting_heading,booting_heading,2022-01-19,2022-02-08,60,80,4,5,60,125,Surendranagar,,,,2021,2022,3205.02,1,available,22.0,14.409876543209874,26.319753086419755,22.0,14.409876543209874,26.319753086419755,31.5,0,1649.5500000000002,1649.5500000000002,0.6873125000000001,0.4640626036367189,0.3780839768743219,0.4640626036367189,0.0072537177646256,0.3037492060745845,0.2381638003416135,0.0045887746243663,1.0552512505468714,1.0755213363807352,0.0216723135101241,22.0,1649.5500000000002,0.0072537177646256,,,,,,,,,
GUJ_SURENDRANAGAR_2021_2022,wheat,Rabi,flowering,flowering,2022-02-08,2022-02-23,80,95,5,6,80,125,Surendranagar,,,,2021,2022,3205.02,1,available,22.0,14.60520833333333,26.898958333333336,22.0,14.60520833333333,26.898958333333336,33.0,3,1992.2,1992.2,0.6990175438596491,0.4790663859012329,0.3944155269508899,0.4815923139921697,0.0065521487073941,0.3184844599388354,0.250757495137229,0.0042063971106775,1.1216209022598482,1.0860085903225256,0.018153536252603,22.0,1992.2,0.0065521487073941,0.667205568343874,0.207148998863766,0.5370890299479166,153.39161512586804,83.38302031017486,45.36198009006561,63.0,1.0,auxiliary_external_image_dataset
GUJ_SURENDRANAGAR_2021_2022,wheat,Rabi,grain_filling_initial,grain_filling_initial,2022-02-23,2022-03-05,95,105,6,7,95,125,Surendranagar,,,,2021,2022,3205.02,1,available,22.0,14.932075471698113,27.47924528301887,22.0,14.932075471698113,27.47924528301887,34.0,12,2247.8,2247.8,0.7135873015873015,0.4715514899373461,0.4024767157178797,0.4815923139921697,0.0060978181447491,0.3149820506921965,0.2569327261542747,0.0039359266141341,1.1174878846370468,1.0828415946277663,0.0161760921201485,22.0,2247.8,0.0060978181447491,0.64207763671875,0.2100675723866411,0.538883518528294,155.23204857078758,96.45987870499894,40.98217857979439,185.0,1.0,auxiliary_external_image_dataset
GUJ_SURENDRANAGAR_2021_2022,wheat,Rabi,grain_filling,grain_filling,2022-03-05,2022-03-15,105,115,7,8,105,125,Surendranagar,,,,2021,2022,3205.02,1,available,22.0,15.423275862068962,28.247413793103448,22.0,15.423275862068962,28.247413793103448,39.5,22,2532.9,2532.9,0.7341739130434782,0.4245725802387258,0.4010153620511233,0.4815923139921697,0.0054812159198096,0.2799893275114833,0.2565232184322337,0.0035450195488932,1.027494244248707,1.100342302413496,0.0150964200518055,22.0,2532.9,0.0054812159198096,0.0612841694294905,0.0121212011134459,0.035730185628939,174.61391897762522,91.87537351976924,38.60734619813807,238.0,1.0,auxiliary_external_image_dataset
GUJ_SURENDRANAGAR_2021_2022,wheat,Rabi,maturity_preharvest,maturity_preharvest,2022-03-15,2022-03-25,115,130,8,9,115,125,Surendranagar,,,,2021,2022,3205.02,1,available,22.0,16.04206349206349,29.060317460317457,22.0,16.04206349206349,29.060317460317457,39.7,32,2841.45,2841.45,0.75772,0.3572840465712747,0.3996642160468225,0.4815923139921697,0.0049771730482203,0.2352409224601758,0.256021998852954,0.0032222985740404,0.9853817591383992,1.087052536502891,0.0134826272709883,22.0,2841.45,0.0049771730482203,0.0008408979936079,2.9083789590208285e-07,8.322975852272727e-07,168.71288785067472,58.12083906693892,40.56065226468173,55.0,1.0,auxiliary_external_image_dataset
GUJ_SURENDRANAGAR_2022_2023,wheat,Rabi,sowing,sowing,2022-11-20,2022-11-30,0,10,0,1,0,125,Surendranagar,,,,2022,2023,2995.77,1,available,0.0,16.418181818181818,30.60909090909091,0.0,16.418181818181818,30.60909090909091,31.0,0,258.65,258.65,0.8621666666666666,0.3957451215346445,0.3731676904925428,0.3957451215346445,0.0791490243069289,0.2626743610644915,0.2440376304178699,0.0525348722128983,0.9285756829913598,0.9579362494835868,0.1857151365982719,0.0,258.65,0.0791490243069289,,,,,,,,,
GUJ_SURENDRANAGAR_2022_2023,wheat,Rabi,early_vegetative,early_vegetative,2022-11-30,2022-12-10,10,20,1,2,10,125,Surendranagar,,,,2022,2023,2995.77,1,available,0.0,16.428571428571427,30.323809523809523,0.0,16.428571428571427,30.323809523809523,31.0,0,490.9,490.9,0.8181666666666666,0.4075903471728715,0.3887099644507757,0.4075903471728715,0.0345763488906221,0.2810928109336415,0.2560734492979519,0.0230886320672895,0.9645803789117212,0.8962455234601825,0.0747339321664313,0.0,490.9,0.0345763488906221,0.880794324372944,0.3849419227053033,0.837755705180921,137.38434640984786,174.4864686664782,48.70969892802992,19.0,1.0,auxiliary_external_image_dataset
GUJ_SURENDRANAGAR_2022_2023,wheat,Rabi,tillering,tillering,2022-12-10,2022-12-30,20,40,2,3,20,125,Surendranagar,,,,2022,2023,2995.77,1,available,0.3,16.917073170731708,30.31951219512195,0.3,16.917073170731708,30.31951219512195,32.8,6,968.35,968.35,0.8069583333333332,0.4358422710996018,0.3882443417625746,0.4358422710996018,0.0159757290325753,0.2883816796075986,0.2517688465052897,0.0103610255932548,1.060197181189312,1.0242046207420907,0.0425152979176911,0.3,968.35,0.0159757290325753,,,,,,,,,
GUJ_SURENDRANAGAR_2022_2023,wheat,Rabi,stem_elongation,stem_elongation,2022-12-30,2023-01-19,40,60,3,4,40,125,Surendranagar,,,,2022,2023,2995.77,1,available,0.3,15.967213114754095,29.414754098360653,0.3,15.967213114754095,29.414754098360653,32.8,6,1384.15,1384.15,0.7689722222222222,0.4791136493475961,0.4016577637225633,0.4791136493475961,0.0108814272572536,0.3244118659398855,0.2591828963851403,0.0070088897527928,1.3085962816987986,1.0987587100397964,0.0306146673945035,0.3,1384.15,0.0108814272572536,,,,,,,,,
GUJ_SURENDRANAGAR_2022_2023,wheat,Rabi,booting_heading,booting_heading,2023-01-19,2023-02-08,60,80,4,5,60,125,Surendranagar,,,,2022,2023,2995.77,1,available,0.5,15.40493827160494,29.045679012345683,0.5,15.40493827160494,29.045679012345683,32.8,6,1800.25,1800.25,0.7501041666666667,0.4886227495626424,0.4264461808331538,0.5141986101898404,0.00880219726988,0.3191023544092177,0.2761869997529854,0.0057105838291195,1.3305145083914351,1.1284479192587011,0.0231470079257836,0.5,1800.25,0.00880219726988,,,,,,,,,
GUJ_SURENDRANAGAR_2022_2023,wheat,Rabi,flowering,flowering,2023-02-08,2023-02-23,80,95,5,6,80,125,Surendranagar,,,,2022,2023,2995.77,1,available,0.5,15.530208333333334,29.68645833333333,0.5,15.530208333333334,29.68645833333333,36.0,15,2170.4,2170.4,0.7615438596491226,0.5051351980320606,0.437861417359577,0.5141986101898404,0.0075876847579526,0.3338958527636785,0.2851558518061793,0.0049687726370091,1.152452242604656,1.1474191762544728,0.0196430482325094,0.5,2170.4,0.0075876847579526,0.667205568343874,0.207148998863766,0.5370890299479166,153.39161512586804,83.38302031017486,45.36198009006561,63.0,1.0,auxiliary_external_image_dataset
GUJ_SURENDRANAGAR_2022_2023,wheat,Rabi,grain_filling_initial,grain_filling_initial,2023-02-23,2023-03-05,95,105,6,7,95,125,Surendranagar,,,,2022,2023,2995.77,1,available,0.5,15.90566037735849,30.26603773584906,0.5,15.90566037735849,30.26603773584906,38.3,25,2447.1,2447.1,0.7768571428571428,0.4750011185286953,0.4419911732310359,0.5141986101898404,0.0068831807208025,0.301945941425513,0.2878891432465466,0.0045034257179114,1.0147032219609953,1.148620072247496,0.0175771242531469,0.5,2447.1,0.0068831807208025,0.64207763671875,0.2100675723866411,0.538883518528294,155.23204857078758,96.45987870499894,40.98217857979439,185.0,1.0,auxiliary_external_image_dataset
GUJ_SURENDRANAGAR_2022_2023,wheat,Rabi,grain_filling,grain_filling,2023-03-05,2023-03-15,105,115,7,8,105,125,Surendranagar,,,,2022,2023,2995.77,1,available,0.5,16.375,30.72931034482758,0.5,16.375,30.72931034482758,38.3,35,2732.05,2732.05,0.7918985507246378,0.3407085076899946,0.4388448362500631,0.5141986101898404,0.006121649558108,0.2142026134524308,0.2855860819442945,0.0039956430604926,1.0222141979421715,1.150760963811582,0.0159436121681396,0.5,2732.05,0.006121649558108,0.0612841694294905,0.0121212011134459,0.035730185628939,174.61391897762522,91.87537351976924,38.60734619813807,238.0,1.0,auxiliary_external_image_dataset
GUJ_SURENDRANAGAR_2022_2023,wheat,Rabi,maturity_preharvest,maturity_preharvest,2023-03-15,2023-03-25,115,130,8,9,115,125,Surendranagar,,,,2022,2023,2995.77,1,available,4.4,16.757142857142856,30.93253968253968,4.4,16.757142857142856,30.93253968253968,38.3,45,3004.4500000000003,3004.4500000000003,0.8011866666666667,0.4220943301501564,0.4370458782107206,0.5141986101898404,0.0055401165832706,0.264168483008986,0.2839533666988992,0.0036032507779262,0.9374464185758644,1.1442328214172184,0.0143938289701061,4.4,3004.4500000000003,0.0055401165832706,0.0008408979936079,2.9083789590208285e-07,8.322975852272727e-07,168.71288785067472,58.12083906693892,40.56065226468173,55.0,1.0,auxiliary_external_image_dataset
GUJ_SURENDRANAGAR_2023_2024,wheat,Rabi,sowing,sowing,2023-11-20,2023-11-30,0,10,0,1,0,126,Surendranagar,,,,2023,2024,2976.63,1,available,31.700000000000003,18.545454545454547,29.67272727272728,31.700000000000003,18.545454545454547,29.67272727272728,32.8,3,265.20000000000005,265.20000000000005,0.8840000000000001,0.3794402240320441,0.3876471560823881,0.3958540881327321,0.0758880448064088,0.2240759995844481,0.2437158893702006,0.0448151999168896,1.0135367183640425,1.01340895329875,0.2027073436728085,31.700000000000003,265.20000000000005,0.0758880448064088,,,,,,,,,
GUJ_SURENDRANAGAR_2023_2024,wheat,Rabi,early_vegetative,early_vegetative,2023-11-30,2023-12-10,10,20,1,2,10,126,Surendranagar,,,,2023,2024,2976.63,1,available,32.50000000000001,18.3,28.795238095238098,32.50000000000001,18.3,28.795238095238098,32.8,3,494.5,494.5,0.8241666666666667,0.4355409070787982,0.3577314296208452,0.4355409070787982,0.030374913482115,0.2717501400876544,0.2192401365338406,0.018212623920886,0.8938519228294017,1.0679487402189118,0.0913906107107105,32.50000000000001,494.5,0.030374913482115,0.880794324372944,0.3849419227053033,0.837755705180921,137.38434640984786,174.4864686664782,48.70969892802992,19.0,1.0,auxiliary_external_image_dataset
GUJ_SURENDRANAGAR_2023_2024,wheat,Rabi,tillering,tillering,2023-12-10,2023-12-30,20,40,2,3,20,126,Surendranagar,,,,2023,2024,2976.63,1,available,32.50000000000001,17.41951219512195,28.670731707317078,32.50000000000001,17.41951219512195,28.670731707317078,32.8,3,944.85,944.85,0.787375,0.374641459325268,0.3838181397273327,0.4355409070787982,0.015858323406075,0.2355208104031625,0.2430694925856086,0.0101306864973332,0.7093491737550179,1.065457037612497,0.0412967867600884,32.50000000000001,944.85,0.015858323406075,,,,,,,,,
GUJ_SURENDRANAGAR_2023_2024,wheat,Rabi,stem_elongation,stem_elongation,2023-12-30,2024-01-19,40,60,3,4,40,126,Surendranagar,,,,2023,2024,2976.63,1,available,33.2,16.4327868852459,28.12459016393443,33.2,16.4327868852459,28.12459016393443,32.8,3,1359.0000000000005,1359.0000000000005,0.7550000000000002,0.4373671867317351,0.4004399542001298,0.4895153324305848,0.0109067728403341,0.2787683755019933,0.2522944038123035,0.0068828940767626,1.3866243113057997,1.0773746609251382,0.0282927442232271,33.2,1359.0000000000005,0.0109067728403341,,,,,,,,,
GUJ_SURENDRANAGAR_2023_2024,wheat,Rabi,booting_heading,booting_heading,2024-01-19,2024-02-08,60,80,4,5,60,126,Surendranagar,,,,2023,2024,2976.63,1,available,33.2,16.11728395061729,28.23703703703704,33.2,16.11728395061729,28.23703703703704,32.8,4,1796.35,1796.35,0.7484791666666666,0.5057648907385481,0.3957503930902132,0.5057648907385481,0.0077740700345031,0.3102100055550071,0.2497994037834172,0.0049096100304497,1.0225009152149132,1.113220685823748,0.0219390743518911,33.2,1796.35,0.0077740700345031,,,,,,,,,
GUJ_SURENDRANAGAR_2023_2024,wheat,Rabi,flowering,flowering,2024-02-08,2024-02-23,80,95,5,6,80,126,Surendranagar,,,,2023,2024,2976.63,1,available,33.2,16.364583333333332,28.64375,33.2,16.364583333333332,28.64375,34.2,8,2160.4,2160.4,0.7580350877192983,0.3807138111839837,0.406868152038355,0.531507939521053,0.0068153615328946,0.2420166759037261,0.2581068944904482,0.0043409382409799,0.7938971751322025,1.1169550394601595,0.0183269838106081,33.2,2160.4,0.0068153615328946,0.667205568343874,0.207148998863766,0.5370890299479166,153.39161512586804,83.38302031017486,45.36198009006561,63.0,1.0,auxiliary_external_image_dataset
GUJ_SURENDRANAGAR_2023_2024,wheat,Rabi,grain_filling_initial,grain_filling_initial,2024-02-23,2024-03-04,95,105,6,7,95,126,Surendranagar,,,,2023,2024,2976.63,1,available,45.3,16.528301886792452,28.918867924528303,45.3,16.528301886792452,28.918867924528303,36.5,13,2408.7000000000003,2408.7000000000003,0.7646666666666667,0.3825359586528887,0.4056515423690817,0.531507939521053,0.0063386772847693,0.2395277889278598,0.2571779392123188,0.0040307492650211,1.4341540912391646,1.13281499204911,0.0176916003274329,45.3,2408.7000000000003,0.0063386772847693,0.64207763671875,0.2100675723866411,0.538883518528294,155.23204857078758,96.45987870499894,40.98217857979439,185.0,1.0,auxiliary_external_image_dataset
GUJ_SURENDRANAGAR_2023_2024,wheat,Rabi,grain_filling,grain_filling,2024-03-04,2024-03-14,105,115,7,8,105,126,Surendranagar,,,,2023,2024,2976.63,1,available,45.3,16.640517241379307,29.23189655172414,45.3,16.640517241379307,29.23189655172414,36.5,18,2660.6,2660.6,0.7711884057971015,0.4433608670639647,0.4095753252796362,0.531507939521053,0.0057549341810526,0.2849731752244874,0.2599841589537003,0.0036662009127752,1.0430125724052286,1.127330121201753,0.0156102712879811,45.3,2660.6,0.0057549341810526,0.0612841694294905,0.0121212011134459,0.035730185628939,174.61391897762522,91.87537351976924,38.60734619813807,238.0,1.0,auxiliary_external_image_dataset
GUJ_SURENDRANAGAR_2023_2024,wheat,Rabi,maturity_preharvest,maturity_preharvest,2024-03-14,2024-03-25,115,130,8,9,115,126,Surendranagar,,,,2023,2024,2976.63,1,available,45.3,17.03700787401575,29.888976377952755,45.3,17.03700787401575,29.888976377952755,38.7,29,2979.8,2979.8,0.7883068783068783,0.4126925977510159,0.4096723113093519,0.531507939521053,0.00520462276879,0.2761708069406541,0.2607340314415067,0.0033310439041388,0.9589056815914346,1.108616414439051,0.0136820657915177,45.3,2979.8,0.00520462276879,0.0008408979936079,2.9083789590208285e-07,8.322975852272727e-07,168.71288785067472,58.12083906693892,40.56065226468173,55.0,1.0,auxiliary_external_image_dataset
GUJ_TAPI_2020_2021,wheat,Rabi,sowing,sowing,2020-11-20,2020-11-30,0,10,0,1,0,125,Tapi,,,,2020,2021,3098.87,1,available,0.0,21.127272727272725,29.63636363636364,0.0,21.127272727272725,29.63636363636364,31.1,0,279.2,279.2,0.9306666666666666,0.6740753985820728,0.6712555655817203,0.6740753985820728,0.1348150797164145,0.4422261947069636,0.4390314999498779,0.0884452389413927,2.193273411002846,2.16185023233242,0.4386546822005692,0.0,279.2,0.1348150797164145,,,,,,,,,
GUJ_TAPI_2020_2021,wheat,Rabi,early_vegetative,early_vegetative,2020-11-30,2020-12-10,10,20,1,2,10,125,Tapi,,,,2020,2021,3098.87,1,available,0.3,20.88095238095238,29.652380952380955,0.3,20.88095238095238,29.652380952380955,31.1,0,530.5999999999999,530.5999999999999,0.8843333333333332,0.6078126907832715,0.6512437594447464,0.6740753985820728,0.0543830843228062,0.4040560314615514,0.4267769894303623,0.0357767448830271,1.7573829978546809,1.931622777301708,0.1536605385420216,0.3,530.5999999999999,0.0543830843228062,0.880794324372944,0.3849419227053033,0.837755705180921,137.38434640984786,174.4864686664782,48.70969892802992,19.0,1.0,auxiliary_external_image_dataset
GUJ_TAPI_2020_2021,wheat,Rabi,tillering,tillering,2020-12-10,2020-12-30,20,40,2,3,20,125,Tapi,,,,2020,2021,3098.87,1,available,40.8,19.763414634146343,27.82439024390244,40.8,19.763414634146343,27.82439024390244,31.1,0,975.55,975.55,0.8129583333333333,0.6224539988722672,0.6268557593588592,0.6740753985820728,0.0235011570734188,0.4133795397053981,0.4091623491329901,0.0153337585204845,1.9686429044529072,1.9954231922228889,0.0770887911610763,40.8,975.55,0.0235011570734188,,,,,,,,,
GUJ_TAPI_2020_2021,wheat,Rabi,stem_elongation,stem_elongation,2020-12-30,2021-01-19,40,60,3,4,40,125,Tapi,,,,2020,2021,3098.87,1,available,62.900000000000006,19.878688524590167,27.995081967213117,62.900000000000006,19.878688524590167,27.995081967213117,31.1,0,1460.15,1460.15,0.8111944444444444,0.489040434961556,0.528380241864907,0.6740753985820728,0.0116829135452447,0.3009765896280347,0.338224443988034,0.0073359381340554,2.1884211650658845,1.31478622146547,0.025158850032579,62.900000000000006,1460.15,0.0116829135452447,,,,,,,,,
GUJ_TAPI_2020_2021,wheat,Rabi,booting_heading,booting_heading,2021-01-19,2021-02-08,60,80,4,5,60,125,Tapi,,,,2020,2021,3098.87,1,available,62.900000000000006,19.29753086419753,27.93086419753087,62.900000000000006,19.29753086419753,27.93086419753087,31.1,0,1912.75,1912.75,0.7969791666666667,0.4304369993429894,0.5149117754064177,0.6740753985820728,0.0088669988601338,0.2766478071752392,0.3282079418416165,0.0055733839803366,1.175583709808854,1.2901579800633636,0.0207954389251619,62.900000000000006,1912.75,0.0088669988601338,,,,,,,,,
GUJ_TAPI_2020_2021,wheat,Rabi,flowering,flowering,2021-02-08,2021-02-23,80,95,5,6,80,125,Tapi,,,,2020,2021,3098.87,1,available,63.2,19.19270833333333,28.260416666666668,63.2,19.19270833333333,28.260416666666668,31.6,0,2277.75,2277.75,0.7992105263157895,0.3473460763615654,0.492336874221666,0.6740753985820728,0.0071416693545787,0.2073926333206319,0.3125337801479184,0.00445789220317,0.7499823163185871,1.3144663245375672,0.019478339838161,63.2,2277.75,0.0071416693545787,0.667205568343874,0.207148998863766,0.5370890299479166,153.39161512586804,83.38302031017486,45.36198009006561,63.0,1.0,auxiliary_external_image_dataset
GUJ_TAPI_2020_2021,wheat,Rabi,grain_filling_initial,grain_filling_initial,2021-02-23,2021-03-05,95,105,6,7,95,125,Tapi,,,,2020,2021,3098.87,1,available,63.2,19.29811320754717,28.786792452830195,63.2,19.29811320754717,28.786792452830195,35.5,10,2548.5,2548.5,0.809047619047619,0.3071738492095777,0.4743422027810229,0.6740753985820728,0.00601355902243,0.1942701223392258,0.3007557496245305,0.0037539972775314,0.5957228315884068,1.244418556279821,0.0157172248065033,63.2,2548.5,0.00601355902243,0.64207763671875,0.2100675723866411,0.538883518528294,155.23204857078758,96.45987870499894,40.98217857979439,185.0,1.0,auxiliary_external_image_dataset
GUJ_TAPI_2020_2021,wheat,Rabi,grain_filling,grain_filling,2021-03-05,2021-03-15,105,115,7,8,105,125,Tapi,,,,2020,2021,3098.87,1,available,63.2,19.40689655172414,29.27931034482759,63.2,19.40689655172414,29.27931034482759,35.5,20,2823.8,2823.8,0.8184927536231883,0.2577686121491403,0.4557003255440555,0.6740753985820728,0.0051135512329727,0.1582805563551708,0.288802910296757,0.0031951884491723,0.5192146318636938,1.177138175650852,0.0129026906826409,63.2,2823.8,0.0051135512329727,0.0612841694294905,0.0121212011134459,0.035730185628939,174.61391897762522,91.87537351976924,38.60734619813807,238.0,1.0,auxiliary_external_image_dataset
GUJ_TAPI_2020_2021,wheat,Rabi,maturity_preharvest,maturity_preharvest,2021-03-15,2021-03-25,115,130,8,9,115,125,Tapi,,,,2020,2021,3098.87,1,available,63.2,19.59365079365079,29.76825396825397,63.2,19.59365079365079,29.76825396825397,36.0,30,3109.8,3109.8,0.8292799999999999,0.2736936308228784,0.4376374467253559,0.6740753985820728,0.0043974006343808,0.1611655074118874,0.2767879144703004,0.002738695381203,0.4158979191783745,1.118798039133328,0.0108462929194497,63.2,3109.8,0.0043974006343808,0.0008408979936079,2.9083789590208285e-07,8.322975852272727e-07,168.71288785067472,58.12083906693892,40.56065226468173,55.0,1.0,auxiliary_external_image_dataset
GUJ_TAPI_2021_2022,wheat,Rabi,sowing,sowing,2021-11-20,2021-11-30,0,10,0,1,0,125,Tapi,,,,2021,2022,3025.99,1,available,1.6,22.6,30.818181818181813,1.6,22.6,30.818181818181813,32.0,1,293.8,293.8,0.9793333333333334,0.6071251593959872,0.5628082216880058,0.6071251593959872,0.1214250318791974,0.3938097587929114,0.3577206586331675,0.0787619517585822,1.935344589502244,3.0584933520134183,0.3870689179004488,1.6,293.8,0.1214250318791974,,,,,,,,,
GUJ_TAPI_2021_2022,wheat,Rabi,early_vegetative,early_vegetative,2021-11-30,2021-12-10,10,20,1,2,10,125,Tapi,,,,2021,2022,3025.99,1,available,69.89999999999999,21.504761904761903,28.54285714285714,69.89999999999999,21.504761904761903,28.54285714285714,32.0,1,525.5,525.5,0.8758333333333334,0.3409984906827049,0.5088220685357064,0.6071251593959872,0.0395352473087474,0.2255675400680203,0.323804844484296,0.0254133345743232,-0.617401540079956,2.2453160073039964,0.1006642528542941,69.89999999999999,525.5,0.0395352473087474,0.880794324372944,0.3849419227053033,0.837755705180921,137.38434640984786,174.4864686664782,48.70969892802992,19.0,1.0,auxiliary_external_image_dataset
GUJ_TAPI_2021_2022,wheat,Rabi,tillering,tillering,2021-12-10,2021-12-30,20,40,2,3,20,125,Tapi,,,,2021,2022,3025.99,1,available,69.9,19.86829268292683,27.48536585365854,69.9,19.86829268292683,27.48536585365854,32.0,1,970.75,970.75,0.8089583333333332,0.1304508170498946,0.4582634347655717,0.6071251593959872,0.0162762066808128,0.0624515180292045,0.2902912825221561,0.0102398976262802,-0.4367808301855122,1.3244216043828918,0.025933762775559,69.9,970.75,0.0162762066808128,,,,,,,,,
GUJ_TAPI_2021_2022,wheat,Rabi,stem_elongation,stem_elongation,2021-12-30,2022-01-19,40,60,3,4,40,125,Tapi,,,,2021,2022,3025.99,1,available,70.6,19.101639344262296,26.9688524590164,70.6,19.101639344262296,26.9688524590164,32.0,1,1405.1500000000003,1405.1500000000003,0.7806388888888891,0.5164854616833915,0.4543296718497281,0.6071251593959872,0.0112730173953016,0.3061137877948003,0.2850786309494749,0.0069930435318376,1.2417699611882047,1.4718606974706705,0.0330119153975695,70.6,1405.1500000000003,0.0112730173953016,,,,,,,,,
GUJ_TAPI_2021_2022,wheat,Rabi,booting_heading,booting_heading,2022-01-19,2022-02-08,60,80,4,5,60,125,Tapi,,,,2021,2022,3025.99,1,available,77.4,18.211111111111112,26.746913580246908,77.4,18.211111111111112,26.746913580246908,32.0,1,1820.8,1820.8,0.7586666666666666,0.3891592753368221,0.4448552448002374,0.6071251593959872,0.0082330972934043,0.2437788634475768,0.2780130059955333,0.0050955222835873,0.9429163574526008,1.1318441226672245,0.0153483237365081,77.4,1820.8,0.0082330972934043,,,,,,,,,
GUJ_TAPI_2021_2022,wheat,Rabi,flowering,flowering,2022-02-08,2022-02-23,80,95,5,6,80,125,Tapi,,,,2021,2022,3025.99,1,available,77.4,18.12291666666667,27.262500000000003,77.4,18.12291666666667,27.262500000000003,33.5,4,2178.5,2178.5,0.7643859649122807,0.3445187700213643,0.4321526629804324,0.6071251593959872,0.0065976028096994,0.2187340481863784,0.2696629347779684,0.0040813192555836,0.8115764379847064,1.0922243396864408,0.0132688277277152,77.4,2178.5,0.0065976028096994,0.667205568343874,0.207148998863766,0.5370890299479166,153.39161512586804,83.38302031017486,45.36198009006561,63.0,1.0,auxiliary_external_image_dataset
GUJ_TAPI_2021_2022,wheat,Rabi,grain_filling_initial,grain_filling_initial,2022-02-23,2022-03-05,95,105,6,7,95,125,Tapi,,,,2021,2022,3025.99,1,available,77.4,18.2245283018868,27.773584905660385,77.4,18.2245283018868,27.773584905660385,34.0,12,2437.9,2437.9,0.7739365079365079,0.2813282824724178,0.4183525384607355,0.6071251593959872,0.0056284739665958,0.1778157864711182,0.2610225472619888,0.0034853661490793,0.7573985415930491,1.0573955130443533,0.0117271783977868,77.4,2437.9,0.0056284739665958,0.64207763671875,0.2100675723866411,0.538883518528294,155.23204857078758,96.45987870499894,40.98217857979439,185.0,1.0,auxiliary_external_image_dataset
GUJ_TAPI_2021_2022,wheat,Rabi,grain_filling,grain_filling,2022-03-05,2022-03-15,105,115,7,8,105,125,Tapi,,,,2021,2022,3025.99,1,available,77.4,18.56379310344828,28.350862068965515,77.4,18.56379310344828,28.350862068965515,37.4,22,2721.05,2721.05,0.7887101449275361,0.2801138478395967,0.4120689616143201,0.6071251593959872,0.0051837272554038,0.1820755077273753,0.2574340454649609,0.0032212680625694,0.5472073131981993,1.0342051403240735,0.010752747221145,77.4,2721.05,0.0051837272554038,0.0612841694294905,0.0121212011134459,0.035730185628939,174.61391897762522,91.87537351976924,38.60734619813807,238.0,1.0,auxiliary_external_image_dataset
GUJ_TAPI_2021_2022,wheat,Rabi,maturity_preharvest,maturity_preharvest,2022-03-15,2022-03-25,115,130,8,9,115,125,Tapi,,,,2021,2022,3025.99,1,available,77.4,18.942063492063493,29.11031746031746,77.4,18.942063492063493,29.11031746031746,39.3,32,3027.3,3027.3,0.80728,0.2438929034308375,0.4047569590846035,0.6071251593959872,0.0047664508293603,0.148230315069629,0.252686057186903,0.002958020224357,0.4820567744330041,1.0101986896331576,0.0098589171625321,77.4,3027.3,0.0047664508293603,0.0008408979936079,2.9083789590208285e-07,8.322975852272727e-07,168.71288785067472,58.12083906693892,40.56065226468173,55.0,1.0,auxiliary_external_image_dataset
GUJ_TAPI_2022_2023,wheat,Rabi,sowing,sowing,2022-11-20,2022-11-30,0,10,0,1,0,125,Tapi,,,,2022,2023,3007.86,1,available,0.0,19.018181818181816,28.94545454545454,0.0,19.018181818181816,28.94545454545454,30.2,0,263.80000000000007,263.80000000000007,0.8793333333333335,0.5811651915277377,0.5892812815540036,0.5973973715802694,0.1162330383055475,0.3712653571552127,0.3785184129585655,0.0742530714310425,2.205637411636357,1.9712065655108464,0.4411274823272713,0.0,263.80000000000007,0.1162330383055475,,,,,,,,,
GUJ_TAPI_2022_2023,wheat,Rabi,early_vegetative,early_vegetative,2022-11-30,2022-12-10,10,20,1,2,10,125,Tapi,,,,2022,2023,3007.86,1,available,0.0,19.59523809523809,29.100000000000005,0.0,19.59523809523809,29.100000000000005,31.0,0,511.3,511.3,0.8521666666666667,0.5533839585312369,0.576523894450006,0.5973973715802694,0.0484230739920429,0.3504234741674883,0.367214670920283,0.0306476078121529,1.5634677037930282,1.7637772106460825,0.1427785219793522,0.0,511.3,0.0484230739920429,0.880794324372944,0.3849419227053033,0.837755705180921,137.38434640984786,174.4864686664782,48.70969892802992,19.0,1.0,auxiliary_external_image_dataset
GUJ_TAPI_2022_2023,wheat,Rabi,tillering,tillering,2022-12-10,2022-12-30,20,40,2,3,20,125,Tapi,,,,2022,2023,3007.86,1,available,10.5,19.80243902439025,29.192682926829264,10.5,19.80243902439025,29.192682926829264,31.0,0,1004.4,1004.4,0.8370000000000001,0.5015568927975319,0.5444172324208315,0.5973973715802694,0.0209656149306752,0.3252101494486984,0.3395842720617227,0.0129810521636611,1.3584444294637017,1.5601992670980682,0.056594289542985,10.5,1004.4,0.0209656149306752,,,,,,,,,
GUJ_TAPI_2022_2023,wheat,Rabi,stem_elongation,stem_elongation,2022-12-30,2023-01-19,40,60,3,4,40,125,Tapi,,,,2022,2023,3007.86,1,available,10.5,18.86393442622951,28.27377049180328,10.5,18.86393442622951,28.27377049180328,31.0,0,1437.7,1437.7,0.7987222222222222,0.4331526339570261,0.5045127106065599,0.5973973715802694,0.0121672324801871,0.2739663227909946,0.3127360003721244,0.0074762518515355,0.9822127877537876,1.5007511805768807,0.0360182862087766,10.5,1437.7,0.0121672324801871,,,,,,,,,
GUJ_TAPI_2022_2023,wheat,Rabi,booting_heading,booting_heading,2023-01-19,2023-02-08,60,80,4,5,60,125,Tapi,,,,2022,2023,3007.86,1,available,17.0,18.540740740740745,28.230864197530863,17.0,18.540740740740745,28.230864197530863,31.0,0,1894.25,1894.25,0.7892708333333334,0.3429687738401348,0.4681375340444919,0.5973973715802694,0.0080785740351202,0.2123961969960215,0.2882863749192014,0.004916827891587,0.8701477363734968,1.3371877837623534,0.0220731442411116,17.0,1894.25,0.0080785740351202,,,,,,,,,
GUJ_TAPI_2022_2023,wheat,Rabi,flowering,flowering,2023-02-08,2023-02-23,80,95,5,6,80,125,Tapi,,,,2022,2023,3007.86,1,available,17.0,18.605208333333334,28.88854166666667,17.0,18.605208333333334,28.88854166666667,34.5,10,2279.7,2279.7,0.7998947368421052,0.2409338689384099,0.4427177372019494,0.5973973715802694,0.0062254729361535,0.1537609068632264,0.2734453581024731,0.0038250733573774,0.8173242167496934,1.236382214781957,0.016374175670122,17.0,2279.7,0.0062254729361535,0.667205568343874,0.207148998863766,0.5370890299479166,153.39161512586804,83.38302031017486,45.36198009006561,63.0,1.0,auxiliary_external_image_dataset
GUJ_TAPI_2022_2023,wheat,Rabi,grain_filling_initial,grain_filling_initial,2023-02-23,2023-03-05,95,105,6,7,95,125,Tapi,,,,2022,2023,3007.86,1,available,17.5,18.749056603773585,29.42169811320755,17.5,18.749056603773585,29.42169811320755,35.8,20,2553.05,2553.05,0.8104920634920634,0.2939808384186544,0.4284863129544282,0.5973973715802694,0.0053718835323394,0.1671578240581462,0.2643192184985206,0.0032928327723707,0.4246849720410335,1.166684451921601,0.0133981522086348,17.5,2553.05,0.0053718835323394,0.64207763671875,0.2100675723866411,0.538883518528294,155.23204857078758,96.45987870499894,40.98217857979439,185.0,1.0,auxiliary_external_image_dataset
GUJ_TAPI_2022_2023,wheat,Rabi,grain_filling,grain_filling,2023-03-05,2023-03-15,105,115,7,8,105,125,Tapi,,,,2022,2023,3007.86,1,available,17.9,19.034482758620687,29.80689655172414,17.9,19.034482758620687,29.80689655172414,35.8,30,2832.8,2832.8,0.8211014492753622,0.2885212521771651,0.4221242647372799,0.5973973715802694,0.0050223784345993,0.1772907616949786,0.260363379552905,0.0030791456526194,0.5744693338274854,1.1397655829173232,0.0123423340503949,17.9,2832.8,0.0050223784345993,0.0612841694294905,0.0121212011134459,0.035730185628939,174.61391897762522,91.87537351976924,38.60734619813807,238.0,1.0,auxiliary_external_image_dataset
GUJ_TAPI_2022_2023,wheat,Rabi,maturity_preharvest,maturity_preharvest,2023-03-15,2023-03-25,115,130,8,9,115,125,Tapi,,,,2022,2023,3007.86,1,available,29.9,19.1968253968254,29.9031746031746,29.9,19.1968253968254,29.9031746031746,35.8,32,3093.3,3093.3,0.8248800000000001,0.2692515333387121,0.4104049806533417,0.5973973715802694,0.0043642843243528,0.1480376698146139,0.2519521565906626,0.0026475097071198,0.4751652130112261,1.08502841061323,0.0102815581123023,29.9,3093.3,0.0043642843243528,0.0008408979936079,2.9083789590208285e-07,8.322975852272727e-07,168.71288785067472,58.12083906693892,40.56065226468173,55.0,1.0,auxiliary_external_image_dataset
GUJ_TAPI_2023_2024,wheat,Rabi,sowing,sowing,2023-11-20,2023-11-30,0,10,0,1,0,126,Tapi,,,,2023,2024,3108.66,1,available,42.4,21.727272727272727,30.09090909090909,42.4,21.727272727272727,30.09090909090909,33.0,3,285.0,285.0,0.95,0.6203311631147143,0.6045230594700457,0.6203311631147143,0.1240662326229428,0.372732640233782,0.3737578628763185,0.0745465280467564,1.6490455570459843,1.8872518909961171,0.3298091114091969,42.4,285.0,0.1240662326229428,,,,,,,,,
GUJ_TAPI_2023_2024,wheat,Rabi,early_vegetative,early_vegetative,2023-11-30,2023-12-10,10,20,1,2,10,126,Tapi,,,,2023,2024,3108.66,1,available,47.1,21.766666666666666,29.338095238095235,47.1,21.766666666666666,29.338095238095235,33.0,3,536.6,536.6,0.8943333333333334,0.510071524387885,0.5712540090725154,0.6203311631147143,0.0468906074600362,0.3145394616740012,0.3503612429874103,0.0285018656328827,2.137731075933276,2.05979841547806,0.1816593770402753,47.1,536.6,0.0468906074600362,0.880794324372944,0.3849419227053033,0.837755705180921,137.38434640984786,174.4864686664782,48.70969892802992,19.0,1.0,auxiliary_external_image_dataset
GUJ_TAPI_2023_2024,wheat,Rabi,tillering,tillering,2023-12-10,2023-12-30,20,40,2,3,20,126,Tapi,,,,2023,2024,3108.66,1,available,47.4,20.885365853658534,29.04390243902439,47.4,20.885365853658534,29.04390243902439,33.0,3,1023.55,1023.55,0.8529583333333334,0.5364097176958822,0.5511426128620266,0.6203311631147143,0.0213822424359934,0.3419201109438868,0.3446411521596088,0.0135136151270683,1.914485689303344,2.554439415514348,0.1106441348080546,47.4,1023.55,0.0213822424359934,,,,,,,,,
GUJ_TAPI_2023_2024,wheat,Rabi,stem_elongation,stem_elongation,2023-12-30,2024-01-19,40,60,3,4,40,126,Tapi,,,,2023,2024,3108.66,1,available,47.4,20.267213114754096,28.955737704918032,47.4,20.267213114754096,28.955737704918032,33.0,3,1501.3,1501.3,0.8340555555555556,0.5167395384519876,0.529746282790016,0.6203311631147143,0.0132428464278391,0.3191414103158039,0.3301459269120503,0.0082676621459845,1.3351740549754445,2.573724426430339,0.0687886467356516,47.4,1501.3,0.0132428464278391,,,,,,,,,
GUJ_TAPI_2023_2024,wheat,Rabi,booting_heading,booting_heading,2024-01-19,2024-02-08,60,80,4,5,60,126,Tapi,,,,2023,2024,3108.66,1,available,47.4,19.696296296296296,28.846913580246916,47.4,19.696296296296296,28.846913580246916,33.0,3,1966.0,1966.0,0.8191666666666667,0.4098255429258668,0.5079256511092243,0.6203311631147143,0.0092368527156994,0.2409513893584207,0.3151769762665791,0.0057089511507799,1.0125256739285802,2.2558034813127708,0.0392927908726049,47.4,1966.0,0.0092368527156994,,,,,,,,,
GUJ_TAPI_2023_2024,wheat,Rabi,flowering,flowering,2024-02-08,2024-02-23,80,95,5,6,80,126,Tapi,,,,2023,2024,3108.66,1,available,47.4,19.59583333333333,29.066666666666663,47.4,19.59583333333333,29.066666666666663,33.5,6,2335.8,2335.8,0.8195789473684211,0.0874986066944093,0.4727868606727476,0.6203311631147143,0.0067801091123757,0.0313275694866701,0.2917587248843865,0.0041420423574458,0.6594254232698552,2.036670352273908,0.0272653673501928,47.4,2335.8,0.0067801091123757,0.667205568343874,0.207148998863766,0.5370890299479166,153.39161512586804,83.38302031017486,45.36198009006561,63.0,1.0,auxiliary_external_image_dataset
GUJ_TAPI_2023_2024,wheat,Rabi,grain_filling_initial,grain_filling_initial,2024-02-23,2024-03-04,95,105,6,7,95,126,Tapi,,,,2023,2024,3108.66,1,available,49.1,19.55,29.267924528301887,49.1,19.55,29.267924528301887,34.8,11,2587.35,2587.35,0.8213809523809523,0.2868176520414544,0.4634884002411829,0.6203311631147143,0.0061564450881491,0.171392969997364,0.2857404371400354,0.0037549379082673,0.9123987918292448,1.9804567742516743,0.024373158592616,49.1,2587.35,0.0061564450881491,0.64207763671875,0.2100675723866411,0.538883518528294,155.23204857078758,96.45987870499894,40.98217857979439,185.0,1.0,auxiliary_external_image_dataset
GUJ_TAPI_2023_2024,wheat,Rabi,grain_filling,grain_filling,2024-03-04,2024-03-14,105,115,7,8,105,126,Tapi,,,,2023,2024,3108.66,1,available,49.1,19.468965517241383,29.51724137931034,49.1,19.468965517241383,29.51724137931034,34.8,16,2841.2,2841.2,0.8235362318840579,0.2972346889045844,0.4484432901328204,0.6203311631147143,0.0052443512090741,0.179788134400834,0.2760699779564977,0.0031927099831509,0.5862297783536609,1.8551798325933588,0.0193155935815463,49.1,2841.2,0.0052443512090741,0.0612841694294905,0.0121212011134459,0.035730185628939,174.61391897762522,91.87537351976924,38.60734619813807,238.0,1.0,auxiliary_external_image_dataset
GUJ_TAPI_2023_2024,wheat,Rabi,maturity_preharvest,maturity_preharvest,2024-03-14,2024-03-25,115,130,8,9,115,126,Tapi,,,,2023,2024,3108.66,1,available,49.1,19.51732283464567,29.95590551181103,49.1,19.51732283464567,29.95590551181103,37.1,26,3141.55,3141.55,0.8310978835978835,0.277366461406657,0.4342489004008194,0.6203311631147143,0.0045435543042632,0.174062774140399,0.2674495875816235,0.0027730185804763,0.5104572343973306,1.7441776653728784,0.0156961566434517,49.1,3141.55,0.0045435543042632,0.0008408979936079,2.9083789590208285e-07,8.322975852272727e-07,168.71288785067472,58.12083906693892,40.56065226468173,55.0,1.0,auxiliary_external_image_dataset
GUJ_VADODARA_2020_2021,wheat,Rabi,sowing,sowing,2020-11-20,2020-11-30,0,10,0,1,0,125,Vadodara,22.3072,73.1812,,2020,2021,2472.27,1,available,0.1,18.354545454545452,30.654545454545453,0.1,18.354545454545452,30.654545454545453,32.5,1,269.55,269.55,0.8985000000000001,0.2728068061385976,0.2669137560118924,0.2728068061385976,0.0545613612277195,0.176865829658525,0.1704571011561433,0.035373165931705,1.0745921598641777,0.9736502590578806,0.2149184319728355,0.1,269.55,0.0545613612277195,,,,,,,,,
GUJ_VADODARA_2020_2021,wheat,Rabi,early_vegetative,early_vegetative,2020-11-30,2020-12-10,10,20,1,2,10,125,Vadodara,22.3072,73.1812,,2020,2021,2472.27,1,available,3.5,17.94761904761905,31.428571428571427,3.5,17.94761904761905,31.428571428571427,32.8,9,518.45,518.45,0.8640833333333334,0.2573270137038331,0.2666836733885516,0.2755801678265888,0.022799259755761,0.1656164649765439,0.1691611563805021,0.0144849020150644,1.102241048012336,0.9683417693960152,0.0861280903830444,3.5,518.45,0.022799259755761,0.880794324372944,0.3849419227053033,0.837755705180921,137.38434640984786,174.4864686664782,48.70969892802992,19.0,1.0,auxiliary_external_image_dataset
GUJ_VADODARA_2020_2021,wheat,Rabi,tillering,tillering,2020-12-10,2020-12-30,20,40,2,3,20,125,Vadodara,22.3072,73.1812,,2020,2021,2472.27,1,available,59.900000000000006,16.656097560975613,29.14146341463414,59.900000000000006,16.656097560975613,29.14146341463414,32.8,9,938.85,938.85,0.7823749999999999,0.267179661329269,0.2658842370326273,0.2755801678265888,0.0102573415639387,0.1933198068917015,0.1730335866061506,0.0068321167152051,0.9982715142649522,1.0260661155987312,0.0413084351046693,59.900000000000006,938.85,0.0102573415639387,,,,,,,,,
GUJ_VADODARA_2020_2021,wheat,Rabi,stem_elongation,stem_elongation,2020-12-30,2021-01-19,40,60,3,4,40,125,Vadodara,22.3072,73.1812,,2020,2021,2472.27,1,available,62.60000000000001,16.59344262295082,28.91475409836066,62.60000000000001,16.59344262295082,28.91475409836066,32.8,9,1388.0,1388.0,0.7711111111111111,0.2073087099983309,0.2381849890202322,0.2755801678265888,0.0054711019501406,0.1209232844050987,0.151477022039476,0.0034390392441333,0.9811936189278194,0.8766583634274425,0.0200454012269949,62.60000000000001,1388.0,0.0054711019501406,,,,,,,,,
GUJ_VADODARA_2020_2021,wheat,Rabi,booting_heading,booting_heading,2021-01-19,2021-02-08,60,80,4,5,60,125,Vadodara,22.3072,73.1812,,2020,2021,2472.27,1,available,62.60000000000001,15.911111111111111,28.77530864197531,62.60000000000001,15.911111111111111,28.77530864197531,32.8,9,1809.8,1809.8,0.7540833333333333,0.2226792380230074,0.2347689474913454,0.2755801678265888,0.0041125410565355,0.1484854510432588,0.1502243212018146,0.0026309258794197,0.809769019474081,0.8613909484225805,0.0149607810419129,62.60000000000001,1809.8,0.0041125410565355,,,,,,,,,
GUJ_VADODARA_2020_2021,wheat,Rabi,flowering,flowering,2021-02-08,2021-02-23,80,95,5,6,80,125,Vadodara,22.3072,73.1812,,2020,2021,2472.27,1,available,62.60000000000001,15.991666666666667,29.344791666666666,62.60000000000001,15.991666666666667,29.344791666666666,34.5,17,2176.15,2176.15,0.763561403508772,0.2041292666444447,0.2291530812682837,0.2755801678265888,0.0034417931186219,0.1139168271324766,0.1451143498568642,0.002153525284016,0.5717239317200402,0.8099561674894811,0.0115782612303868,62.60000000000001,2176.15,0.0034417931186219,0.667205568343874,0.207148998863766,0.5370890299479166,153.39161512586804,83.38302031017486,45.36198009006561,63.0,1.0,auxiliary_external_image_dataset
GUJ_VADODARA_2020_2021,wheat,Rabi,grain_filling_initial,grain_filling_initial,2021-02-23,2021-03-05,95,105,6,7,95,125,Vadodara,22.3072,73.1812,,2020,2021,2472.27,1,available,62.60000000000001,16.25754716981132,29.95943396226415,62.60000000000001,16.25754716981132,29.95943396226415,37.5,27,2449.5,2449.5,0.7776190476190477,0.2162117332030594,0.2262365912940623,0.2755801678265888,0.0030337873122966,0.1379544682681185,0.1427052158422072,0.0018878751043897,0.5586550381418148,0.7884531624258551,0.0099940211111571,62.60000000000001,2449.5,0.0030337873122966,0.64207763671875,0.2100675723866411,0.538883518528294,155.23204857078758,96.45987870499894,40.98217857979439,185.0,1.0,auxiliary_external_image_dataset
GUJ_VADODARA_2020_2021,wheat,Rabi,grain_filling,grain_filling,2021-03-05,2021-03-15,105,115,7,8,105,125,Vadodara,22.3072,73.1812,,2020,2021,2472.27,1,available,62.60000000000001,16.629310344827587,30.549137931034487,62.60000000000001,16.629310344827587,30.549137931034487,37.7,37,2736.3500000000004,2736.3500000000004,0.793144927536232,0.2179539753074212,0.2246111023737997,0.2755801678265888,0.0027450286620379,0.1308305504382693,0.1411255644677089,0.0016987784684093,0.8657744724884386,0.7886377408901755,0.0092906954453744,62.60000000000001,2736.3500000000004,0.0027450286620379,0.0612841694294905,0.0121212011134459,0.035730185628939,174.61391897762522,91.87537351976924,38.60734619813807,238.0,1.0,auxiliary_external_image_dataset
GUJ_VADODARA_2020_2021,wheat,Rabi,maturity_preharvest,maturity_preharvest,2021-03-15,2021-03-25,115,130,8,9,115,125,Vadodara,22.3072,73.1812,,2020,2021,2472.27,1,available,62.60000000000001,17.04365079365079,31.11666666666666,62.60000000000001,17.04365079365079,31.11666666666666,38.4,47,3034.1000000000004,3034.1000000000004,0.8090933333333334,0.1785099699867434,0.2206164126978595,0.2755801678265888,0.0024524355132822,0.0966784469438528,0.1378272206622289,0.0015030616151632,0.549441208144968,0.775428970683611,0.0083622137288484,62.60000000000001,3034.1000000000004,0.0024524355132822,0.0008408979936079,2.9083789590208285e-07,8.322975852272727e-07,168.71288785067472,58.12083906693892,40.56065226468173,55.0,1.0,auxiliary_external_image_dataset
GUJ_VADODARA_2021_2022,wheat,Rabi,sowing,sowing,2021-11-20,2021-11-30,0,10,0,1,0,125,Vadodara,22.3072,73.1812,,2021,2022,2393.11,1,available,0.4,20.018181818181816,32.71818181818182,0.4,20.018181818181816,32.71818181818182,33.7,9,290.05,290.05,0.9668333333333332,0.2797881757108749,0.2655195087993911,0.2797881757108749,0.0559576351421749,0.1764133906882848,0.164153653186351,0.0352826781376569,1.0556310532239277,1.252394778230777,0.2111262106447855,0.4,290.05,0.0559576351421749,,,,,,,,,
GUJ_VADODARA_2021_2022,wheat,Rabi,early_vegetative,early_vegetative,2021-11-30,2021-12-10,10,20,1,2,10,125,Vadodara,22.3072,73.1812,,2021,2022,2393.11,1,available,24.4,19.27142857142857,30.23809523809524,24.4,19.27142857142857,30.23809523809524,33.7,9,519.85,519.85,0.8664166666666667,0.1585498103510548,0.2148888174028906,0.2797881757108749,0.0156481498583927,0.1010388965346216,0.1331794192878268,0.0098039004111445,-0.7597663381686458,0.4199585764844755,-0.0193435112284574,24.4,519.85,0.0156481498583927,0.880794324372944,0.3849419227053033,0.837755705180921,137.38434640984786,174.4864686664782,48.70969892802992,19.0,1.0,auxiliary_external_image_dataset
GUJ_VADODARA_2021_2022,wheat,Rabi,tillering,tillering,2021-12-10,2021-12-30,20,40,2,3,20,125,Vadodara,22.3072,73.1812,,2021,2022,2393.11,1,available,24.4,17.341463414634145,29.20487804878049,24.4,17.341463414634145,29.20487804878049,33.7,9,954.2,954.2,0.7951666666666667,0.2347563082738623,0.2008045641142238,0.2797881757108749,0.0087743677438546,0.1552316455762337,0.1237836294695996,0.0054349695964634,1.15797569333736,0.4385682625789714,0.0155138091241234,24.4,954.2,0.0087743677438546,,,,,,,,,
GUJ_VADODARA_2021_2022,wheat,Rabi,stem_elongation,stem_elongation,2021-12-30,2022-01-19,40,60,3,4,40,125,Vadodara,22.3072,73.1812,,2021,2022,2393.11,1,available,24.6,16.55409836065574,28.59344262295081,24.6,16.55409836065574,28.59344262295081,33.7,9,1377.0,1377.0,0.765,0.1967913353308258,0.2048872105499852,0.2797881757108749,0.005284334624369,0.1071591769349425,0.1242993938298536,0.0031720813845752,0.9590242592042773,0.7273646929387954,0.0229476137802034,24.6,1377.0,0.005284334624369,,,,,,,,,
GUJ_VADODARA_2021_2022,wheat,Rabi,booting_heading,booting_heading,2022-01-19,2022-02-08,60,80,4,5,60,125,Vadodara,22.3072,73.1812,,2021,2022,2393.11,1,available,28.7,15.712345679012344,28.330864197530868,28.7,15.712345679012344,28.330864197530868,33.7,9,1783.75,1783.75,0.7432291666666667,0.2263741456615187,0.1948550330627275,0.2797881757108749,0.0036001746375484,0.1376355101979341,0.1160971506226605,0.0021081063157226,0.4703473333255893,0.6858563402133442,0.0140866302492729,28.7,1783.75,0.0036001746375484,,,,,,,,,
GUJ_VADODARA_2021_2022,wheat,Rabi,flowering,flowering,2022-02-08,2022-02-23,80,95,5,6,80,125,Vadodara,22.3072,73.1812,,2021,2022,2393.11,1,available,28.7,15.842708333333334,28.8625,28.7,15.842708333333334,28.8625,34.1,15,2145.8500000000004,2145.8500000000004,0.7529298245614037,0.1849075711808236,0.1957350313386729,0.2797881757108749,0.0030688576547158,0.114623729896566,0.1168414610833658,0.0018130369828939,0.9156614875002568,0.7048267718237653,0.0121089043140653,28.7,2145.8500000000004,0.0030688576547158,0.667205568343874,0.207148998863766,0.5370890299479166,153.39161512586804,83.38302031017486,45.36198009006561,63.0,1.0,auxiliary_external_image_dataset
GUJ_VADODARA_2021_2022,wheat,Rabi,grain_filling_initial,grain_filling_initial,2022-02-23,2022-03-05,95,105,6,7,95,125,Vadodara,22.3072,73.1812,,2021,2022,2393.11,1,available,28.7,16.09245283018868,29.40377358490566,28.7,16.09245283018868,29.40377358490566,35.5,25,2411.3,2411.3,0.7654920634920634,0.2207662214327697,0.1968881349539784,0.2797881757108749,0.0028150379744552,0.1311882076205934,0.1172576285798216,0.001659240574353,0.4999390462983551,0.6860006432200775,0.0102694889713628,28.7,2411.3,0.0028150379744552,0.64207763671875,0.2100675723866411,0.538883518528294,155.23204857078758,96.45987870499894,40.98217857979439,185.0,1.0,auxiliary_external_image_dataset
GUJ_VADODARA_2021_2022,wheat,Rabi,grain_filling,grain_filling,2022-03-05,2022-03-15,105,115,7,8,105,125,Vadodara,22.3072,73.1812,,2021,2022,2393.11,1,available,28.7,16.532758620689656,30.11206896551725,28.7,16.532758620689656,30.11206896551725,40.8,35,2705.4,2705.4,0.7841739130434783,0.211188125592812,0.1929713890052779,0.2797881757108749,0.0024760845592659,0.1314585626636518,0.1139503256829384,0.0014379014055475,0.5546050005522655,0.671842076463241,0.0089522966425632,28.7,2705.4,0.0024760845592659,0.0612841694294905,0.0121212011134459,0.035730185628939,174.61391897762522,91.87537351976924,38.60734619813807,238.0,1.0,auxiliary_external_image_dataset
GUJ_VADODARA_2021_2022,wheat,Rabi,maturity_preharvest,maturity_preharvest,2022-03-15,2022-03-25,115,130,8,9,115,125,Vadodara,22.3072,73.1812,,2021,2022,2393.11,1,available,28.7,17.12936507936508,30.887301587301582,28.7,17.12936507936508,30.887301587301582,41.4,45,3025.05,3025.05,0.80668,0.2059674823002877,0.1935364365398436,0.2797881757108749,0.002391313023998,0.1172909033747014,0.1140955681912759,0.0013861793732642,0.49316808819385,0.6640736421906588,0.0083751757728032,28.7,3025.05,0.002391313023998,0.0008408979936079,2.9083789590208285e-07,8.322975852272727e-07,168.71288785067472,58.12083906693892,40.56065226468173,55.0,1.0,auxiliary_external_image_dataset
GUJ_VADODARA_2022_2023,wheat,Rabi,sowing,sowing,2022-11-20,2022-11-30,0,10,0,1,0,125,Vadodara,22.3072,73.1812,,2022,2023,2828.84,1,available,0.0,15.945454545454544,30.79090909090909,0.0,15.945454545454544,30.79090909090909,31.5,0,257.05,257.05,0.8568333333333333,0.2382424070497452,0.246054593954777,0.2538667808598088,0.047648481409949,0.1507105931550869,0.1553781568254056,0.0301421186310173,0.90775986746991,0.9160654797572604,0.181551973493982,0.0,257.05,0.047648481409949,,,,,,,,,
GUJ_VADODARA_2022_2023,wheat,Rabi,early_vegetative,early_vegetative,2022-11-30,2022-12-10,10,20,1,2,10,125,Vadodara,22.3072,73.1812,,2022,2023,2828.84,1,available,0.0,16.65714285714285,30.81428571428572,0.0,16.65714285714285,30.81428571428572,31.9,0,498.45,498.45,0.83075,0.2732880828271408,0.2499535576358502,0.2732880828271408,0.0218134367877797,0.1763851009556837,0.1554836151879355,0.0135635998330376,0.8448932442980611,0.8741744481878195,0.0725969539748783,0.0,498.45,0.0218134367877797,0.880794324372944,0.3849419227053033,0.837755705180921,137.38434640984786,174.4864686664782,48.70969892802992,19.0,1.0,auxiliary_external_image_dataset
GUJ_VADODARA_2022_2023,wheat,Rabi,tillering,tillering,2022-12-10,2022-12-30,20,40,2,3,20,125,Vadodara,22.3072,73.1812,,2022,2023,2828.84,1,available,1.2000000000000002,17.129268292682926,30.534146341463416,1.2000000000000002,17.129268292682926,30.534146341463416,33.2,6,977.1,977.1,0.8142499999999999,0.2072247050898358,0.2352092362855466,0.2732880828271408,0.0091230558034592,0.1263823391369586,0.140158160732913,0.0053628732153598,1.008600312910633,0.8446217875023394,0.0334946992375308,1.2000000000000002,977.1,0.0091230558034592,,,,,,,,,
GUJ_VADODARA_2022_2023,wheat,Rabi,stem_elongation,stem_elongation,2022-12-30,2023-01-19,40,60,3,4,40,125,Vadodara,22.3072,73.1812,,2022,2023,2828.84,1,available,1.2000000000000002,16.04590163934426,29.49344262295082,1.2000000000000002,16.04590163934426,29.49344262295082,33.2,6,1388.9499999999998,1388.9499999999998,0.7716388888888888,0.2177347606842414,0.2133787146744862,0.2732880828271408,0.0050463651188037,0.13989851793587,0.1261559677828551,0.0029458970684803,0.8635172935028829,0.7458854265105682,0.0173109446671365,1.2000000000000002,1388.9499999999998,0.0050463651188037,,,,,,,,,
GUJ_VADODARA_2022_2023,wheat,Rabi,booting_heading,booting_heading,2023-01-19,2023-02-08,60,80,4,5,60,125,Vadodara,22.3072,73.1812,,2022,2023,2828.84,1,available,1.8000000000000005,15.737037037037036,29.46666666666667,1.8000000000000005,15.737037037037036,29.46666666666667,33.2,8,1830.75,1830.75,0.7628125,0.2036192990930163,0.206277348281521,0.2732880828271408,0.0036801734937489,0.1268118261927799,0.1215872808565635,0.0021490628450914,0.7750363128569615,0.7876336624273469,0.0149368844482837,1.8000000000000005,1830.75,0.0036801734937489,,,,,,,,,
GUJ_VADODARA_2022_2023,wheat,Rabi,flowering,flowering,2023-02-08,2023-02-23,80,95,5,6,80,125,Vadodara,22.3072,73.1812,,2022,2023,2828.84,1,available,1.8000000000000005,15.876041666666666,30.29375,1.8000000000000005,15.876041666666666,30.29375,37.0,23,2216.15,2216.15,0.7775964912280701,0.1704374115907293,0.2038287459992976,0.2732880828271408,0.0030846330250525,0.1123259278933774,0.121167782888696,0.0018390802982524,0.9612885563578012,0.7810548371122422,0.0124197744565532,1.8000000000000005,2216.15,0.0030846330250525,0.667205568343874,0.207148998863766,0.5370890299479166,153.39161512586804,83.38302031017486,45.36198009006561,63.0,1.0,auxiliary_external_image_dataset
GUJ_VADODARA_2022_2023,wheat,Rabi,grain_filling_initial,grain_filling_initial,2023-02-23,2023-03-05,95,105,6,7,95,125,Vadodara,22.3072,73.1812,,2022,2023,2828.84,1,available,1.8000000000000005,16.158490566037734,30.881132075471697,1.8000000000000005,16.158490566037734,30.881132075471697,38.3,33,2493.1,2493.1,0.7914603174603174,0.1814124356976572,0.2029426583945277,0.2732880828271408,0.0027944816082611,0.0981207507616071,0.1205188796129466,0.0016610930897965,0.6611595637779812,0.7678816127077642,0.0108746793366557,1.8000000000000005,2493.1,0.0027944816082611,0.64207763671875,0.2100675723866411,0.538883518528294,155.23204857078758,96.45987870499894,40.98217857979439,185.0,1.0,auxiliary_external_image_dataset
GUJ_VADODARA_2022_2023,wheat,Rabi,grain_filling,grain_filling,2023-03-05,2023-03-15,105,115,7,8,105,125,Vadodara,22.3072,73.1812,,2022,2023,2828.84,1,available,2.0000000000000004,16.59568965517241,31.359482758620693,2.0000000000000004,16.59568965517241,31.359482758620693,38.3,43,2781.4,2781.4,0.8062028985507247,0.2227820286258848,0.2038576012627344,0.2732880828271408,0.00259758114177,0.124898846665023,0.1205285321017072,0.00152980446804,0.4553670796904212,0.7499230092361553,0.0094905948783999,2.0000000000000004,2781.4,0.00259758114177,0.0612841694294905,0.0121212011134459,0.035730185628939,174.61391897762522,91.87537351976924,38.60734619813807,238.0,1.0,auxiliary_external_image_dataset
GUJ_VADODARA_2022_2023,wheat,Rabi,maturity_preharvest,maturity_preharvest,2023-03-15,2023-03-25,115,130,8,9,115,125,Vadodara,22.3072,73.1812,,2022,2023,2828.84,1,available,9.4,16.971428571428568,31.50873015873016,9.4,16.971428571428568,31.50873015873016,38.3,53,3054.2499999999995,3054.2499999999995,0.8144666666666666,0.2176765544110454,0.205025301367462,0.2732880828271408,0.0024308430995021,0.117126877853831,0.1205227132681494,0.0014157605431141,0.5295150946771201,0.737177245802208,0.0084808651984759,9.4,3054.2499999999995,0.0024308430995021,0.0008408979936079,2.9083789590208285e-07,8.322975852272727e-07,168.71288785067472,58.12083906693892,40.56065226468173,55.0,1.0,auxiliary_external_image_dataset
GUJ_VADODARA_2023_2024,wheat,Rabi,sowing,sowing,2023-11-20,2023-11-30,0,10,0,1,0,126,Vadodara,22.3072,73.1812,,2023,2024,2649.15,1,available,40.50000000000001,19.70909090909091,30.227272727272727,40.50000000000001,19.70909090909091,30.227272727272727,33.7,4,274.65000000000003,274.65000000000003,0.9155,0.1629978409291402,0.2193365717083777,0.2756753024876154,0.032599568185828,0.0893634485049736,0.1293236646573082,0.0178726897009947,0.0879686801065656,0.418126466263044,0.0175937360213131,40.50000000000001,274.65000000000003,0.032599568185828,,,,,,,,,
GUJ_VADODARA_2023_2024,wheat,Rabi,early_vegetative,early_vegetative,2023-11-30,2023-12-10,10,20,1,2,10,126,Vadodara,22.3072,73.1812,,2023,2024,2649.15,1,available,56.3,19.490476190476198,29.12380952380953,56.3,19.490476190476198,29.12380952380953,33.7,4,510.44999999999993,510.44999999999993,0.8507499999999999,0.2488972450947826,0.2158977042910966,0.2756753024876154,0.0180247204788454,0.1443241136339282,0.1265841219678616,0.0104152268464651,1.140879077941473,0.6088293502378965,0.0632425242128433,56.3,510.44999999999993,0.0180247204788454,0.880794324372944,0.3849419227053033,0.837755705180921,137.38434640984786,174.4864686664782,48.70969892802992,19.0,1.0,auxiliary_external_image_dataset
GUJ_VADODARA_2023_2024,wheat,Rabi,tillering,tillering,2023-12-10,2023-12-30,20,40,2,3,20,126,Vadodara,22.3072,73.1812,,2023,2024,2649.15,1,available,56.3,18.30975609756097,29.0609756097561,56.3,18.30975609756097,29.0609756097561,33.7,4,971.1,971.1,0.8092500000000001,0.1038034101219824,0.2093687461043723,0.2756753024876154,0.0079884211837117,0.0632083854598705,0.1284914521127033,0.0050069162281432,-1.3223042267809937,0.2599243373033506,0.0029943688329321,56.3,971.1,0.0079884211837117,,,,,,,,,
GUJ_VADODARA_2023_2024,wheat,Rabi,stem_elongation,stem_elongation,2023-12-30,2024-01-19,40,60,3,4,40,126,Vadodara,22.3072,73.1812,,2023,2024,2649.15,1,available,57.1,17.563934426229505,28.663934426229517,57.1,17.563934426229505,28.663934426229517,33.7,4,1409.9499999999998,1409.9499999999998,0.7833055555555555,0.2243015510969289,0.1852318149426028,0.2756753024876154,0.0043718553859742,0.1374956335809202,0.1107677696295202,0.00258895594334,0.7714695502629095,0.5608716832333406,0.017205102393168,57.1,1409.9499999999998,0.0043718553859742,,,,,,,,,
GUJ_VADODARA_2023_2024,wheat,Rabi,booting_heading,booting_heading,2024-01-19,2024-02-08,60,80,4,5,60,126,Vadodara,22.3072,73.1812,,2023,2024,2649.15,1,available,57.1,17.01975308641975,28.79629629629629,57.1,17.01975308641975,28.79629629629629,33.7,6,1855.55,1855.55,0.7731458333333333,0.1901463827337534,0.1866960127795354,0.2756753024876154,0.0034335353980226,0.095950883633619,0.1115272858464609,0.002029254896252,0.5620346726985391,0.645390086952913,0.0148493288344517,57.1,1855.55,0.0034335353980226,,,,,,,,,
GUJ_VADODARA_2023_2024,wheat,Rabi,flowering,flowering,2024-02-08,2024-02-23,80,95,5,6,80,126,Vadodara,22.3072,73.1812,,2023,2024,2649.15,1,available,57.2,17.228125000000002,29.271875000000005,57.2,17.228125000000002,29.271875000000005,35.0,12,2232.0,2232.0,0.783157894736842,0.0360247603924848,0.1802919434818204,0.2756753024876154,0.0027091274181114,0.0007424424931784,0.1058841707142199,0.0015474160210718,-0.0932732967709548,0.6142172297245297,0.0108065213995637,57.2,2232.0,0.0027091274181114,0.667205568343874,0.207148998863766,0.5370890299479166,153.39161512586804,83.38302031017486,45.36198009006561,63.0,1.0,auxiliary_external_image_dataset
GUJ_VADODARA_2023_2024,wheat,Rabi,grain_filling_initial,grain_filling_initial,2024-02-23,2024-03-04,95,105,6,7,95,126,Vadodara,22.3072,73.1812,,2023,2024,2649.15,1,available,57.5,17.35,29.616981132075477,57.5,17.35,29.616981132075477,37.7,18,2489.25,2489.25,0.7902380952380952,0.0174464594748061,0.1730235770734968,0.2756753024876154,0.0022673317588047,-0.0224324684038917,0.1001065584456718,0.0012552892450027,-0.036271931507776,0.5829969893708847,0.0086969947773742,57.5,2489.25,0.0022673317588047,0.64207763671875,0.2100675723866411,0.538883518528294,155.23204857078758,96.45987870499894,40.98217857979439,185.0,1.0,auxiliary_external_image_dataset
GUJ_VADODARA_2023_2024,wheat,Rabi,grain_filling,grain_filling,2024-03-04,2024-03-14,105,115,7,8,105,126,Vadodara,22.3072,73.1812,,2023,2024,2649.15,1,available,57.5,17.415517241379312,29.96896551724138,57.5,17.415517241379312,29.96896551724138,37.7,27,2748.3,2748.3,0.796608695652174,0.200210139782557,0.1752491058427085,0.2756753024876154,0.0021648664828061,0.1144335244009941,0.1012294043526043,0.0012055148467961,0.5511132801328,0.5820966338002255,0.007873728071062,57.5,2748.3,0.0021648664828061,0.0612841694294905,0.0121212011134459,0.035730185628939,174.61391897762522,91.87537351976924,38.60734619813807,238.0,1.0,auxiliary_external_image_dataset
GUJ_VADODARA_2023_2024,wheat,Rabi,maturity_preharvest,maturity_preharvest,2024-03-14,2024-03-25,115,130,8,9,115,126,Vadodara,22.3072,73.1812,,2023,2024,2649.15,1,available,57.5,17.67795275590552,30.592125984251968,57.5,17.67795275590552,30.592125984251968,38.7,38,3065.15,3065.15,0.8108862433862433,0.2069345904813503,0.177413703420287,0.2756753024876154,0.0020649542276571,0.1276649200829293,0.102809603383662,0.0011660194359639,0.5593790611813981,0.5791780530237471,0.0071453726701191,57.5,3065.15,0.0020649542276571,0.0008408979936079,2.9083789590208285e-07,8.322975852272727e-07,168.71288785067472,58.12083906693892,40.56065226468173,55.0,1.0,auxiliary_external_image_dataset
GUJ_VALSAD_2020_2021,wheat,Rabi,sowing,sowing,2020-11-20,2020-11-30,0,10,0,1,0,125,Valsad,,,,2020,2021,0.0,1,available,0.0,20.981818181818184,31.609090909090902,0.0,20.981818181818184,31.609090909090902,32.8,5,289.25,289.25,0.9641666666666666,0.4016153348041988,0.4086245384004495,0.4156337419967001,0.0803230669608397,0.2635228421608694,0.2701268167611686,0.0527045684321738,1.87454922652136,1.844710363369916,0.3749098453042719,0.0,289.25,0.0803230669608397,,,,,,,,,
GUJ_VALSAD_2020_2021,wheat,Rabi,early_vegetative,early_vegetative,2020-11-30,2020-12-10,10,20,1,2,10,125,Valsad,,,,2020,2021,0.0,1,available,0.0,20.652380952380955,32.095238095238095,0.0,20.652380952380955,32.095238095238095,33.5,14,553.85,553.85,0.9230833333333334,0.437232944119595,0.4181606736401647,0.437232944119595,0.0510432489217355,0.2884512067849787,0.2762349467691053,0.033617010229233,1.2564745950088296,1.6486317739162202,0.1754999366615607,0.0,553.85,0.0510432489217355,0.880794324372944,0.3849419227053033,0.837755705180921,137.38434640984786,174.4864686664782,48.70969892802992,19.0,1.0,auxiliary_external_image_dataset
GUJ_VALSAD_2020_2021,wheat,Rabi,tillering,tillering,2020-12-10,2020-12-30,20,40,2,3,20,125,Valsad,,,,2020,2021,0.0,1,available,36.4,19.31951219512195,30.12439024390244,36.4,19.31951219512195,30.12439024390244,33.5,14,1013.6,1013.6,0.8446666666666668,0.4465715699713263,0.4289400843183398,0.4465715699713263,0.0160141290884143,0.3145611350101586,0.2886385470847761,0.0109384480097703,1.6656948681428068,1.6397195976893062,0.0585345765796244,36.4,1013.6,0.0160141290884143,,,,,,,,,
GUJ_VALSAD_2020_2021,wheat,Rabi,stem_elongation,stem_elongation,2020-12-30,2021-01-19,40,60,3,4,40,125,Valsad,,,,2020,2021,0.0,1,available,43.7,19.14754098360656,29.52295081967213,43.7,19.14754098360656,29.52295081967213,33.5,14,1484.4500000000005,1484.4500000000005,0.8246944444444446,0.3919412605107263,0.3781942315095772,0.4465715699713263,0.0085648178751723,0.2553336236813061,0.2476457839108009,0.0055256924588493,2.3652192405567574,1.5280057020568607,0.0361050532723874,43.7,1484.4500000000005,0.0085648178751723,,,,,,,,,
GUJ_VALSAD_2020_2021,wheat,Rabi,booting_heading,booting_heading,2021-01-19,2021-02-08,60,80,4,5,60,125,Valsad,,,,2020,2021,0.0,1,available,43.7,18.45679012345679,29.50493827160493,43.7,18.45679012345679,29.50493827160493,33.5,17,1942.45,1942.45,0.8093541666666667,0.3671507571806433,0.3835868832427893,0.4465715699713263,0.0068150982114499,0.2387521172359829,0.2473488391933727,0.0043106059672213,1.3429850442391822,1.4426882287143925,0.024740286936968,43.7,1942.45,0.0068150982114499,,,,,,,,,
GUJ_VALSAD_2020_2021,wheat,Rabi,flowering,flowering,2021-02-08,2021-02-23,80,95,5,6,80,125,Valsad,,,,2020,2021,0.0,1,available,43.8,18.4875,29.81770833333333,43.8,18.4875,29.81770833333333,34.4,22,2318.65,2318.65,0.8135614035087719,0.4188299449832607,0.3771175481539843,0.4465715699713263,0.0056601017465624,0.2446421662308222,0.2407695121786588,0.0035339609213487,0.9278904929194868,1.400697651023191,0.020186892843067,43.8,2318.65,0.0056601017465624,0.667205568343874,0.207148998863766,0.5370890299479166,153.39161512586804,83.38302031017486,45.36198009006561,63.0,1.0,auxiliary_external_image_dataset
GUJ_VALSAD_2020_2021,wheat,Rabi,grain_filling_initial,grain_filling_initial,2021-02-23,2021-03-05,95,105,6,7,95,125,Valsad,,,,2020,2021,0.0,1,available,43.8,18.64622641509434,30.23301886792452,43.8,18.64622641509434,30.23301886792452,36.7,32,2590.6,2590.6,0.8224126984126984,0.3645682832648268,0.3759415855735187,0.4465715699713263,0.0051391502014295,0.2321644196743068,0.239407614018703,0.0032081008282906,0.8512315329252558,1.34256199955178,0.0171221119873111,43.8,2590.6,0.0051391502014295,0.64207763671875,0.2100675723866411,0.538883518528294,155.23204857078758,96.45987870499894,40.98217857979439,185.0,1.0,auxiliary_external_image_dataset
GUJ_VALSAD_2020_2021,wheat,Rabi,grain_filling,grain_filling,2021-03-05,2021-03-15,105,115,7,8,105,125,Valsad,,,,2020,2021,0.0,1,available,43.8,18.830172413793104,30.545689655172417,43.8,18.830172413793104,30.545689655172417,36.7,42,2863.8,2863.8,0.8300869565217391,0.3313490437132402,0.3730348320414303,0.4465715699713263,0.0046605473667135,0.2048939750202366,0.2371495718202324,0.0029098908827754,0.856478834360977,1.2982228734177508,0.0149327909888183,43.8,2863.8,0.0046605473667135,0.0612841694294905,0.0121212011134459,0.035730185628939,174.61391897762522,91.87537351976924,38.60734619813807,238.0,1.0,auxiliary_external_image_dataset
GUJ_VALSAD_2020_2021,wheat,Rabi,maturity_preharvest,maturity_preharvest,2021-03-15,2021-03-25,115,130,8,9,115,125,Valsad,,,,2020,2021,0.0,1,available,43.8,19.044444444444444,30.887301587301582,43.8,19.044444444444444,30.887301587301582,38.2,52,3145.7000000000003,3145.7000000000003,0.8388533333333335,0.3347520107143031,0.366590867083661,0.4465715699713263,0.0041818187786818,0.2060400881062004,0.2328386188975545,0.0026129227300266,0.8668642158973737,1.2802744627737648,0.0136440589328647,43.8,3145.7000000000003,0.0041818187786818,0.0008408979936079,2.9083789590208285e-07,8.322975852272727e-07,168.71288785067472,58.12083906693892,40.56065226468173,55.0,1.0,auxiliary_external_image_dataset
GUJ_VALSAD_2021_2022,wheat,Rabi,sowing,sowing,2021-11-20,2021-11-30,0,10,0,1,0,125,Valsad,,,,2021,2022,0.0,1,available,2.5,22.29090909090909,32.7,2.5,22.29090909090909,32.7,34.0,9,302.45,302.45,1.0081666666666669,0.4812841952512773,0.4068628654391376,0.4812841952512773,0.0962568390502554,0.3288870885924623,0.2683113037137836,0.0657774177184924,1.7335997183581238,1.6942808714581152,0.3467199436716248,2.5,302.45,0.0962568390502554,,,,,,,,,
GUJ_VALSAD_2021_2022,wheat,Rabi,early_vegetative,early_vegetative,2021-11-30,2021-12-10,10,20,1,2,10,125,Valsad,,,,2021,2022,0.0,1,available,76.9,21.23333333333333,30.44285714285714,76.9,21.23333333333333,30.44285714285714,34.0,9,542.6,542.6,0.9043333333333332,0.3056552194654826,0.4017800612838781,0.4877392947917545,0.0339104063318747,0.2136675226426846,0.2673999613189382,0.0229787012418788,-4.869963912588979,0.2185536158132137,-0.1166436964793943,76.9,542.6,0.0339104063318747,0.880794324372944,0.3849419227053033,0.837755705180921,137.38434640984786,174.4864686664782,48.70969892802992,19.0,1.0,auxiliary_external_image_dataset
GUJ_VALSAD_2021_2022,wheat,Rabi,tillering,tillering,2021-12-10,2021-12-30,20,40,2,3,20,125,Valsad,,,,2021,2022,0.0,1,available,76.9,19.397560975609757,29.42439024390244,76.9,19.397560975609757,29.42439024390244,34.0,9,1000.85,1000.85,0.8340416666666667,0.3166690483661851,0.4097178527965235,0.4877392947917545,0.0162596955980686,0.2122788955292301,0.2743048860354146,0.0109691184579145,4.432464228556178,1.4898613456365464,0.0787133270381395,76.9,1000.85,0.0162596955980686,,,,,,,,,
GUJ_VALSAD_2021_2022,wheat,Rabi,stem_elongation,stem_elongation,2021-12-30,2022-01-19,40,60,3,4,40,125,Valsad,,,,2021,2022,0.0,1,available,77.30000000000001,18.72131147540983,28.78360655737705,77.30000000000001,18.72131147540983,28.78360655737705,34.0,9,1448.9000000000003,1448.9000000000003,0.8049444444444446,0.4089052731552081,0.3843864784761783,0.4877392947917545,0.0096698519977909,0.2625950236186435,0.2547614356580756,0.006386166406417,1.4651036390660548,1.120694670051387,0.0289698501608247,77.30000000000001,1448.9000000000003,0.0096698519977909,,,,,,,,,
GUJ_VALSAD_2021_2022,wheat,Rabi,booting_heading,booting_heading,2022-01-19,2022-02-08,60,80,4,5,60,125,Valsad,,,,2021,2022,0.0,1,available,79.1,17.839506172839506,28.18888888888889,79.1,17.839506172839506,28.18888888888889,34.0,9,1864.15,1864.15,0.7767291666666667,0.3709343254396201,0.3875809454844202,0.4877392947917545,0.0073978408705259,0.2510284614260558,0.2567948874551796,0.0048949375247316,1.148392460896761,1.1570625025496954,0.0229171182218989,79.1,1864.15,0.0073978408705259,,,,,,,,,
GUJ_VALSAD_2021_2022,wheat,Rabi,flowering,flowering,2022-02-08,2022-02-23,80,95,5,6,80,125,Valsad,,,,2021,2022,0.0,1,available,79.1,17.711458333333333,28.359375,79.1,17.711458333333333,28.359375,34.0,9,2211.4,2211.4,0.7759298245614034,0.3827826499362595,0.3879702130944854,0.4877392947917545,0.0062333124464277,0.2596391875162216,0.2569136279014267,0.004122542471826,1.0864297688745808,1.1520902162178903,0.0189082095874875,79.1,2211.4,0.0062333124464277,0.667205568343874,0.207148998863766,0.5370890299479166,153.39161512586804,83.38302031017486,45.36198009006561,63.0,1.0,auxiliary_external_image_dataset
GUJ_VALSAD_2021_2022,wheat,Rabi,grain_filling_initial,grain_filling_initial,2022-02-23,2022-03-05,95,105,6,7,95,125,Valsad,,,,2021,2022,0.0,1,available,79.1,17.828301886792453,28.81509433962264,79.1,17.828301886792453,28.81509433962264,35.1,18,2472.1,2472.1,0.7847936507936507,0.3907750613921219,0.386074553835781,0.4877392947917545,0.0055824080043442,0.2464349111693817,0.2546926090167055,0.0036651691011725,0.8377713471833942,1.131090011833349,0.0164198737361733,79.1,2472.1,0.0055824080043442,0.64207763671875,0.2100675723866411,0.538883518528294,155.23204857078758,96.45987870499894,40.98217857979439,185.0,1.0,auxiliary_external_image_dataset
GUJ_VALSAD_2021_2022,wheat,Rabi,grain_filling,grain_filling,2022-03-05,2022-03-15,105,115,7,8,105,125,Valsad,,,,2021,2022,0.0,1,available,79.1,18.184482758620685,29.400862068965512,79.1,18.184482758620685,29.400862068965512,37.5,28,2759.9500000000003,2759.9500000000003,0.7999855072463768,0.3767536886778663,0.3806658448180581,0.4877392947917545,0.0049584734311758,0.2552155892731255,0.2518096323050025,0.0032756260352067,0.9657762234533432,1.0521959073951348,0.0129639468980702,79.1,2759.9500000000003,0.0049584734311758,0.0612841694294905,0.0121212011134459,0.035730185628939,174.61391897762522,91.87537351976924,38.60734619813807,238.0,1.0,auxiliary_external_image_dataset
GUJ_VALSAD_2021_2022,wheat,Rabi,maturity_preharvest,maturity_preharvest,2022-03-15,2022-03-25,115,130,8,9,115,125,Valsad,,,,2021,2022,0.0,1,available,79.1,18.55793650793651,29.932539682539684,79.1,18.55793650793651,29.932539682539684,37.9,38,3054.9,3054.9,0.8146399999999999,0.3470399308008184,0.3779512599826882,0.4877392947917545,0.0045054618721899,0.2305329135767928,0.2499236773203925,0.0029748716694491,2.078939692284389,1.0851205079483184,0.0128735709853642,79.1,3054.9,0.0045054618721899,0.0008408979936079,2.9083789590208285e-07,8.322975852272727e-07,168.71288785067472,58.12083906693892,40.56065226468173,55.0,1.0,auxiliary_external_image_dataset
GUJ_VALSAD_2022_2023,wheat,Rabi,sowing,sowing,2022-11-20,2022-11-30,0,10,0,1,0,125,Valsad,,,,2022,2023,0.0,1,available,0.0,18.63636363636364,31.94545454545454,0.0,18.63636363636364,31.94545454545454,33.0,7,278.20000000000005,278.20000000000005,0.9273333333333336,0.4132795855807135,0.4254061145766975,0.4375326435726815,0.0826559171161427,0.278472712965519,0.2893301481385256,0.0556945425931037,1.7476915454545232,1.6738608049719133,0.3495383090909046,0.0,278.20000000000005,0.0826559171161427,,,,,,,,,
GUJ_VALSAD_2022_2023,wheat,Rabi,early_vegetative,early_vegetative,2022-11-30,2022-12-10,10,20,1,2,10,125,Valsad,,,,2022,2023,0.0,1,available,0.0,19.323809523809523,31.942857142857136,0.0,19.323809523809523,31.942857142857136,33.0,14,538.3,538.3,0.8971666666666666,0.441224974948606,0.4282146021287389,0.441224974948606,0.0368370988464634,0.285562457513237,0.2857502776169168,0.0241816685551426,1.204185650492451,1.4670197527248048,0.1141798856836822,0.0,538.3,0.0368370988464634,0.880794324372944,0.3849419227053033,0.837755705180921,137.38434640984786,174.4864686664782,48.70969892802992,19.0,1.0,auxiliary_external_image_dataset
GUJ_VALSAD_2022_2023,wheat,Rabi,tillering,tillering,2022-12-10,2022-12-30,20,40,2,3,20,125,Valsad,,,,2022,2023,0.0,1,available,3.4000000000000004,19.38780487804878,31.50243902439025,3.4000000000000004,19.38780487804878,31.50243902439025,33.6,23,1043.25,1043.25,0.869375,0.3930064967103976,0.4141292219788833,0.441224974948606,0.0162018583840972,0.2671897367933208,0.2704523716818787,0.0105027838497347,1.506711670702031,1.3678260326553024,0.0521636389383982,3.4000000000000004,1043.25,0.0162018583840972,,,,,,,,,
GUJ_VALSAD_2022_2023,wheat,Rabi,stem_elongation,stem_elongation,2022-12-30,2023-01-19,40,60,3,4,40,125,Valsad,,,,2022,2023,0.0,1,available,3.4000000000000004,18.34426229508197,30.659016393442627,3.4000000000000004,18.34426229508197,30.659016393442627,33.6,23,1494.5999999999997,1494.5999999999997,0.8303333333333331,0.3609131421345876,0.3869361555371129,0.441224974948606,0.0094862614309002,0.2395827111284506,0.2507881533831194,0.006092367639169,1.180087101733724,1.3526310314175196,0.0341556108531235,3.4000000000000004,1494.5999999999997,0.0094862614309002,,,,,,,,,
GUJ_VALSAD_2022_2023,wheat,Rabi,booting_heading,booting_heading,2023-01-19,2023-02-08,60,80,4,5,60,125,Valsad,,,,2022,2023,0.0,1,available,4.1000000000000005,18.12098765432099,30.41481481481481,4.1000000000000005,18.12098765432099,30.41481481481481,33.6,30,1965.7,1965.7,0.8190416666666667,0.3285853217832938,0.3822779037918661,0.441224974948606,0.0070747071916666,0.2113570366322414,0.242315647236197,0.0043748124608982,0.9626045927684446,1.2201745689707812,0.0211147430669983,4.1000000000000005,1965.7,0.0070747071916666,,,,,,,,,
GUJ_VALSAD_2022_2023,wheat,Rabi,flowering,flowering,2023-02-08,2023-02-23,80,95,5,6,80,125,Valsad,,,,2022,2023,0.0,1,available,4.1000000000000005,18.010416666666668,30.978125,4.1000000000000005,18.010416666666668,30.978125,37.0,42,2351.45,2351.45,0.8250701754385964,0.3121850996664489,0.3740259240246977,0.441224974948606,0.0057528382830185,0.2050331313341494,0.2380875620978771,0.0036133692389682,0.8688693992967644,1.1614893567952596,0.016523729092507,4.1000000000000005,2351.45,0.0057528382830185,0.667205568343874,0.207148998863766,0.5370890299479166,153.39161512586804,83.38302031017486,45.36198009006561,63.0,1.0,auxiliary_external_image_dataset
GUJ_VALSAD_2022_2023,wheat,Rabi,grain_filling_initial,grain_filling_initial,2023-02-23,2023-03-05,95,105,6,7,95,125,Valsad,,,,2022,2023,0.0,1,available,4.6000000000000005,18.160377358490567,31.376415094339627,4.6000000000000005,18.160377358490567,31.376415094339627,37.8,52,2625.4500000000003,2625.4500000000003,0.8334761904761906,0.3270901438177818,0.3696693876183295,0.441224974948606,0.005119546824045,0.1909825843384033,0.2343942694961224,0.0031963529491901,0.6539915323243071,1.1223162039368078,0.0141744405840075,4.6000000000000005,2625.4500000000003,0.005119546824045,0.64207763671875,0.2100675723866411,0.538883518528294,155.23204857078758,96.45987870499894,40.98217857979439,185.0,1.0,auxiliary_external_image_dataset
GUJ_VALSAD_2022_2023,wheat,Rabi,grain_filling,grain_filling,2023-03-05,2023-03-15,105,115,7,8,105,125,Valsad,,,,2022,2023,0.0,1,available,5.1000000000000005,18.56551724137931,31.768965517241377,5.1000000000000005,18.56551724137931,31.768965517241377,38.0,62,2919.4,2919.4,0.8462028985507246,0.0482015052429652,0.3551917431230702,0.441224974948606,0.0043239583883556,0.0108252883973994,0.2239871624518897,0.0026717479170354,0.0318265146433856,1.0609240613632809,0.0116426837732534,5.1000000000000005,2919.4,0.0043239583883556,0.0612841694294905,0.0121212011134459,0.035730185628939,174.61391897762522,91.87537351976924,38.60734619813807,238.0,1.0,auxiliary_external_image_dataset
GUJ_VALSAD_2022_2023,wheat,Rabi,maturity_preharvest,maturity_preharvest,2023-03-15,2023-03-25,115,130,8,9,115,125,Valsad,,,,2022,2023,0.0,1,available,9.6,18.848412698412695,31.633333333333333,9.6,18.848412698412695,31.633333333333333,38.0,63,3180.35,3180.35,0.8480933333333333,0.3123667776175661,0.3532455818206269,0.441224974948606,0.0039828267196498,0.1933103467841749,0.2220774600966323,0.0024528594975937,0.9450575546115152,1.047761065394607,0.0107387251548089,9.6,3180.35,0.0039828267196498,0.0008408979936079,2.9083789590208285e-07,8.322975852272727e-07,168.71288785067472,58.12083906693892,40.56065226468173,55.0,1.0,auxiliary_external_image_dataset
GUJ_VALSAD_2023_2024,wheat,Rabi,sowing,sowing,2023-11-20,2023-11-30,0,10,0,1,0,126,Valsad,,,,2023,2024,0.0,1,available,42.2,21.9,31.38181818181818,42.2,21.9,31.38181818181818,34.3,6,293.04999999999995,293.04999999999995,0.9768333333333332,0.4464599478982245,0.424780600671294,0.4464599478982245,0.0892919895796449,0.2945748422345309,0.2796596352703014,0.0589149684469061,1.738142858045827,1.8090023300842308,0.3476285716091653,42.2,293.04999999999995,0.0892919895796449,,,,,,,,,
GUJ_VALSAD_2023_2024,wheat,Rabi,early_vegetative,early_vegetative,2023-11-30,2023-12-10,10,20,1,2,10,126,Valsad,,,,2023,2024,0.0,1,available,43.3,21.542857142857144,30.780952380952385,43.3,21.542857142857144,30.780952380952385,34.3,6,549.4,549.4,0.9156666666666666,0.4333352900939549,0.4260842864257881,0.4464599478982245,0.0369906732387615,0.2876698376155958,0.2785556960483866,0.0241721672450859,1.5060296094359926,1.6785403996024324,0.1348069477709193,43.3,549.4,0.0369906732387615,0.880794324372944,0.3849419227053033,0.837755705180921,137.38434640984786,174.4864686664782,48.70969892802992,19.0,1.0,auxiliary_external_image_dataset
GUJ_VALSAD_2023_2024,wheat,Rabi,tillering,tillering,2023-12-10,2023-12-30,20,40,2,3,20,126,Valsad,,,,2023,2024,0.0,1,available,43.3,20.446341463414637,30.612195121951217,43.3,20.446341463414637,30.612195121951217,34.3,7,1046.7,1046.7,0.8722500000000001,0.3886239189369141,0.4345634419241579,0.532301496203977,0.0173831858911357,0.2635937440989626,0.2887159092382406,0.0116610845082238,1.4872699123391069,1.54365711376412,0.0576815306103591,43.3,1046.7,0.0173831858911357,,,,,,,,,
GUJ_VALSAD_2023_2024,wheat,Rabi,stem_elongation,stem_elongation,2023-12-30,2024-01-19,40,60,3,4,40,126,Valsad,,,,2023,2024,0.0,1,available,43.6,19.791803278688523,30.137704918032792,43.6,19.791803278688523,30.137704918032792,34.3,7,1522.85,1522.85,0.8460277777777778,0.3870700535202838,0.3992993032593925,0.532301496203977,0.0097827586554339,0.2601413936151987,0.2625227858311471,0.0064156424408934,1.1172045149914838,1.437628657980138,0.0343384987793789,43.6,1522.85,0.0097827586554339,,,,,,,,,
GUJ_VALSAD_2023_2024,wheat,Rabi,booting_heading,booting_heading,2024-01-19,2024-02-08,60,80,4,5,60,126,Valsad,,,,2023,2024,0.0,1,available,43.6,19.195061728395064,30.049382716049383,43.6,19.195061728395064,30.049382716049383,34.3,9,1994.4,1994.4,0.8310000000000001,0.3333037658456629,0.3871892934607517,0.532301496203977,0.007039045858842,0.2092668023355255,0.2531931328988649,0.0045696707935894,0.8957389360167263,1.3273507963222744,0.0226973342342564,43.6,1994.4,0.007039045858842,,,,,,,,,
GUJ_VALSAD_2023_2024,wheat,Rabi,flowering,flowering,2024-02-08,2024-02-23,80,95,5,6,80,126,Valsad,,,,2023,2024,0.0,1,available,43.6,19.18645833333333,30.09895833333333,43.6,19.18645833333333,30.09895833333333,34.8,13,2365.7,2365.7,0.8300701754385964,0.3027634476400462,0.3746124994595426,0.532301496203977,0.005624317240531,0.1851424506118353,0.2438421877613481,0.0036226537671509,1.039170466505319,1.2893172738749636,0.0185901104448081,43.6,2365.7,0.005624317240531,0.667205568343874,0.207148998863766,0.5370890299479166,153.39161512586804,83.38302031017486,45.36198009006561,63.0,1.0,auxiliary_external_image_dataset
GUJ_VALSAD_2023_2024,wheat,Rabi,grain_filling_initial,grain_filling_initial,2024-02-23,2024-03-04,95,105,6,7,95,126,Valsad,,,,2023,2024,0.0,1,available,44.2,19.24245283018868,30.220754716981133,44.2,19.24245283018868,30.220754716981133,35.2,19,2621.55,2621.55,0.8322380952380953,0.1046702558744639,0.3450375267294956,0.532301496203977,0.0043099621196827,0.0444137022336042,0.2220620455366737,0.0027052978441899,-0.4696470396333158,1.1386975921170372,0.0128543464102233,44.2,2621.55,0.0043099621196827,0.64207763671875,0.2100675723866411,0.538883518528294,155.23204857078758,96.45987870499894,40.98217857979439,185.0,1.0,auxiliary_external_image_dataset
GUJ_VALSAD_2023_2024,wheat,Rabi,grain_filling,grain_filling,2024-03-04,2024-03-14,105,115,7,8,105,126,Valsad,,,,2023,2024,0.0,1,available,44.2,19.2,30.35862068965517,44.2,19.2,30.35862068965517,35.2,25,2874.4,2874.4,0.8331594202898551,0.2944020153594835,0.3407904294084057,0.532301496203977,0.0039305710961454,0.1837289106618881,0.2187983404593438,0.0024640310584968,0.913256419894474,1.115030956253763,0.0116873486773941,44.2,2874.4,0.0039305710961454,0.0612841694294905,0.0121212011134459,0.035730185628939,174.61391897762522,91.87537351976924,38.60734619813807,238.0,1.0,auxiliary_external_image_dataset
GUJ_VALSAD_2023_2024,wheat,Rabi,maturity_preharvest,maturity_preharvest,2024-03-14,2024-03-25,115,130,8,9,115,126,Valsad,,,,2023,2024,0.0,1,available,44.2,19.285826771653543,30.59448818897637,44.2,19.285826771653543,30.59448818897637,37.1,32,3167.399999999999,3167.399999999999,0.8379365079365078,0.2168588773269118,0.3338066845568969,0.532301496203977,0.0035289857914226,0.1442796771004049,0.2143721749625497,0.0022211815311245,2.14333460158478,1.1435206759430914,0.0119013791250683,44.2,3167.399999999999,0.0035289857914226,0.0008408979936079,2.9083789590208285e-07,8.322975852272727e-07,168.71288785067472,58.12083906693892,40.56065226468173,55.0,1.0,auxiliary_external_image_dataset
GUJ_AHMEDABAD_2024_2025,wheat,Rabi,sowing,sowing,2024-11-20,2024-11-30,0,10,0,1,0,125,Ahmedabad,23.0225,72.5714,,2024,2025,,0,pending_actual_apy,0.0,16.12121212121212,28.94545454545454,0.0,16.12121212121212,28.94545454545454,29.7,0,247.86666666666665,247.86666666666665,0.8262222222222222,,,,,,,,,,,0.0,247.86666666666665,,,,,,,,,,
GUJ_AHMEDABAD_2024_2025,wheat,Rabi,early_vegetative,early_vegetative,2024-11-30,2024-12-10,10,20,1,2,10,125,Ahmedabad,23.0225,72.5714,,2024,2025,,0,pending_actual_apy,0.0,16.104761904761904,28.685714285714283,0.0,16.104761904761904,28.685714285714283,30.53333333333333,0,470.30000000000007,470.30000000000007,0.7838333333333335,,,,,,,,,,,0.0,470.30000000000007,,0.880794324372944,0.3849419227053033,0.837755705180921,137.38434640984786,174.4864686664782,48.70969892802992,19.0,1.0,auxiliary_external_image_dataset
GUJ_AHMEDABAD_2024_2025,wheat,Rabi,tillering,tillering,2024-12-10,2024-12-30,20,40,2,3,20,125,Ahmedabad,23.0225,72.5714,,2024,2025,,0,pending_actual_apy,0.1333333333333332,15.256097560975608,27.883739837398373,0.1333333333333332,15.256097560975608,27.883739837398373,30.53333333333333,0,884.3666666666667,884.3666666666667,0.7369722222222223,,,,,,,,,,,0.1333333333333332,884.3666666666667,,,,,,,,,,
GUJ_AHMEDABAD_2024_2025,wheat,Rabi,stem_elongation,stem_elongation,2024-12-30,2025-01-19,40,60,3,4,40,125,Ahmedabad,23.0225,72.5714,,2024,2025,,0,pending_actual_apy,0.3999999999999998,14.867213114754096,27.640983606557374,0.3999999999999998,14.867213114754096,27.640983606557374,30.53333333333333,0,1296.4999999999998,1296.4999999999998,0.7202777777777777,,,,,,,,,,,0.3999999999999998,1296.4999999999998,,,,,,,,,,
GUJ_AHMEDABAD_2024_2025,wheat,Rabi,booting_heading,booting_heading,2025-01-19,2025-02-08,60,80,4,5,60,125,Ahmedabad,23.0225,72.5714,,2024,2025,,0,pending_actual_apy,0.3999999999999998,14.910288065843622,27.89341563786008,0.3999999999999998,14.910288065843622,27.89341563786008,30.53333333333333,0,1733.5500000000002,1733.5500000000002,0.7223125,,,,,,,,,,,0.3999999999999998,1733.5500000000002,,,,,,,,,,
GUJ_AHMEDABAD_2024_2025,wheat,Rabi,flowering,flowering,2025-02-08,2025-02-23,80,95,5,6,80,125,Ahmedabad,23.0225,72.5714,,2024,2025,,0,pending_actual_apy,0.3999999999999998,15.272569444444445,28.509374999999995,0.3999999999999998,15.272569444444445,28.509374999999995,33.36666666666667,8,2101.5333333333333,2101.5333333333333,0.7373801169590644,,,,,,,,,,,0.3999999999999998,2101.5333333333333,,0.667205568343874,0.207148998863766,0.5370890299479166,153.39161512586804,83.38302031017486,45.36198009006561,63.0,1.0,auxiliary_external_image_dataset
GUJ_AHMEDABAD_2024_2025,wheat,Rabi,grain_filling_initial,grain_filling_initial,2025-02-23,2025-03-05,95,105,6,7,95,125,Ahmedabad,23.0225,72.5714,,2024,2025,,0,pending_actual_apy,0.3999999999999998,15.730188679245284,28.99496855345912,0.3999999999999998,15.730188679245284,28.99496855345912,35.166666666666664,18,2370.433333333333,2370.433333333333,0.7525185185185184,,,,,,,,,,,0.3999999999999998,2370.433333333333,,0.64207763671875,0.2100675723866411,0.538883518528294,155.23204857078758,96.45987870499894,40.98217857979439,185.0,1.0,auxiliary_external_image_dataset
GUJ_AHMEDABAD_2024_2025,wheat,Rabi,grain_filling,grain_filling,2025-03-05,2025-03-15,105,115,7,8,105,125,Ahmedabad,23.0225,72.5714,,2024,2025,,0,pending_actual_apy,0.3999999999999998,16.160632183908046,29.70545977011494,0.3999999999999998,16.160632183908046,29.70545977011494,39.23333333333333,28,2660.233333333333,2660.233333333333,0.7710821256038647,,,,,,,,,,,0.3999999999999998,2660.233333333333,,0.0612841694294905,0.0121212011134459,0.035730185628939,174.61391897762522,91.87537351976924,38.60734619813807,238.0,1.0,auxiliary_external_image_dataset
GUJ_AHMEDABAD_2024_2025,wheat,Rabi,maturity_preharvest,maturity_preharvest,2025-03-15,2025-03-25,115,130,8,9,115,125,Ahmedabad,23.0225,72.5714,,2024,2025,,0,pending_actual_apy,0.3999999999999998,16.577777777777776,30.266666666666666,0.3999999999999998,16.577777777777776,30.266666666666666,39.23333333333333,38,2951.2000000000007,2951.2000000000007,0.7869866666666668,,,,,,,,,,,0.3999999999999998,2951.2000000000007,,0.0008408979936079,2.9083789590208285e-07,8.322975852272727e-07,168.71288785067472,58.12083906693892,40.56065226468173,55.0,1.0,auxiliary_external_image_dataset
GUJ_AMRELI_2024_2025,wheat,Rabi,sowing,sowing,2024-11-20,2024-11-30,0,10,0,1,0,125,Amreli,,,,2024,2025,,0,pending_actual_apy,0.0,18.38181818181818,29.65454545454546,0.0,18.38181818181818,29.65454545454546,30.5,0,264.2,264.2,0.8806666666666666,,,,,,,,,,,0.0,264.2,,,,,,,,,,
GUJ_AMRELI_2024_2025,wheat,Rabi,early_vegetative,early_vegetative,2024-11-30,2024-12-10,10,20,1,2,10,125,Amreli,,,,2024,2025,,0,pending_actual_apy,0.0,18.17619047619048,29.60952380952381,0.0,18.17619047619048,29.60952380952381,32.2,1,501.75,501.75,0.83625,,,,,,,,,,,0.0,501.75,,0.880794324372944,0.3849419227053033,0.837755705180921,137.38434640984786,174.4864686664782,48.70969892802992,19.0,1.0,auxiliary_external_image_dataset
GUJ_AMRELI_2024_2025,wheat,Rabi,tillering,tillering,2024-12-10,2024-12-30,20,40,2,3,20,125,Amreli,,,,2024,2025,,0,pending_actual_apy,0.0,16.37560975609756,28.67560975609756,0.0,16.37560975609756,28.67560975609756,32.2,1,923.55,923.55,0.769625,,,,,,,,,,,0.0,923.55,,,,,,,,,,
GUJ_AMRELI_2024_2025,wheat,Rabi,stem_elongation,stem_elongation,2024-12-30,2025-01-19,40,60,3,4,40,125,Amreli,,,,2024,2025,,0,pending_actual_apy,0.0,15.927868852459014,28.45737704918033,0.0,15.927868852459014,28.45737704918033,32.2,1,1353.7499999999998,1353.7499999999998,0.7520833333333332,,,,,,,,,,,0.0,1353.7499999999998,,,,,,,,,,
GUJ_AMRELI_2024_2025,wheat,Rabi,booting_heading,booting_heading,2025-01-19,2025-02-08,60,80,4,5,60,125,Amreli,,,,2024,2025,,0,pending_actual_apy,0.0,15.930864197530862,28.666666666666668,0.0,15.930864197530862,28.666666666666668,32.2,1,1806.2,1806.2,0.7525833333333334,,,,,,,,,,,0.0,1806.2,,,,,,,,,,
GUJ_AMRELI_2024_2025,wheat,Rabi,flowering,flowering,2025-02-08,2025-02-23,80,95,5,6,80,125,Amreli,,,,2024,2025,,0,pending_actual_apy,0.0,16.316666666666666,29.37291666666667,0.0,16.316666666666666,29.37291666666667,35.0,15,2193.1,2193.1,0.7695087719298245,,,,,,,,,,,0.0,2193.1,,0.667205568343874,0.207148998863766,0.5370890299479166,153.39161512586804,83.38302031017486,45.36198009006561,63.0,1.0,auxiliary_external_image_dataset
GUJ_AMRELI_2024_2025,wheat,Rabi,grain_filling_initial,grain_filling_initial,2025-02-23,2025-03-05,95,105,6,7,95,125,Amreli,,,,2024,2025,,0,pending_actual_apy,0.0,16.698113207547173,29.861320754716974,0.0,16.698113207547173,29.861320754716974,36.7,25,2467.65,2467.65,0.7833809523809524,,,,,,,,,,,0.0,2467.65,,0.64207763671875,0.2100675723866411,0.538883518528294,155.23204857078758,96.45987870499894,40.98217857979439,185.0,1.0,auxiliary_external_image_dataset
GUJ_AMRELI_2024_2025,wheat,Rabi,grain_filling,grain_filling,2025-03-05,2025-03-15,105,115,7,8,105,125,Amreli,,,,2024,2025,,0,pending_actual_apy,0.0,17.161206896551725,30.580172413793104,0.0,17.161206896551725,30.580172413793104,39.8,35,2769.0,2769.0,0.802608695652174,,,,,,,,,,,0.0,2769.0,,0.0612841694294905,0.0121212011134459,0.035730185628939,174.61391897762522,91.87537351976924,38.60734619813807,238.0,1.0,auxiliary_external_image_dataset
GUJ_AMRELI_2024_2025,wheat,Rabi,maturity_preharvest,maturity_preharvest,2025-03-15,2025-03-25,115,130,8,9,115,125,Amreli,,,,2024,2025,,0,pending_actual_apy,0.0,17.54682539682539,31.10158730158731,0.0,17.54682539682539,31.10158730158731,39.8,45,3064.85,3064.85,0.8172933333333333,,,,,,,,,,,0.0,3064.85,,0.0008408979936079,2.9083789590208285e-07,8.322975852272727e-07,168.71288785067472,58.12083906693892,40.56065226468173,55.0,1.0,auxiliary_external_image_dataset
GUJ_ANAND_2024_2025,wheat,Rabi,sowing,sowing,2024-11-20,2024-11-30,0,10,0,1,0,125,Anand,22.5645,72.9289,,2024,2025,,0,pending_actual_apy,0.0,16.12727272727273,29.05454545454545,0.0,16.12727272727273,29.05454545454545,30.0,0,248.5,248.5,0.8283333333333334,,,,,,,,,,,0.0,248.5,,,,,,,,,,
GUJ_ANAND_2024_2025,wheat,Rabi,early_vegetative,early_vegetative,2024-11-30,2024-12-10,10,20,1,2,10,125,Anand,22.5645,72.9289,,2024,2025,,0,pending_actual_apy,0.0,16.3,28.81904761904762,0.0,16.3,28.81904761904762,30.9,0,473.75,473.75,0.7895833333333332,,,,,,,,,,,0.0,473.75,,0.880794324372944,0.3849419227053033,0.837755705180921,137.38434640984786,174.4864686664782,48.70969892802992,19.0,1.0,auxiliary_external_image_dataset
GUJ_ANAND_2024_2025,wheat,Rabi,tillering,tillering,2024-12-10,2024-12-30,20,40,2,3,20,125,Anand,22.5645,72.9289,,2024,2025,,0,pending_actual_apy,0.7,15.548780487804876,28.2,0.7,15.548780487804876,28.2,30.9,0,896.8499999999999,896.8499999999999,0.7473749999999999,,,,,,,,,,,0.7,896.8499999999999,,,,,,,,,,
GUJ_ANAND_2024_2025,wheat,Rabi,stem_elongation,stem_elongation,2024-12-30,2025-01-19,40,60,3,4,40,125,Anand,22.5645,72.9289,,2024,2025,,0,pending_actual_apy,0.7999999999999999,15.196721311475407,27.881967213114752,0.7999999999999999,15.196721311475407,27.881967213114752,30.9,0,1313.9,1313.9,0.7299444444444445,,,,,,,,,,,0.7999999999999999,1313.9,,,,,,,,,,
GUJ_ANAND_2024_2025,wheat,Rabi,booting_heading,booting_heading,2025-01-19,2025-02-08,60,80,4,5,60,125,Anand,22.5645,72.9289,,2024,2025,,0,pending_actual_apy,0.7999999999999999,15.134567901234568,27.912345679012347,0.7999999999999999,15.134567901234568,27.912345679012347,30.9,0,1743.4,1743.4,0.7264166666666666,,,,,,,,,,,0.7999999999999999,1743.4,,,,,,,,,,
GUJ_ANAND_2024_2025,wheat,Rabi,flowering,flowering,2025-02-08,2025-02-23,80,95,5,6,80,125,Anand,22.5645,72.9289,,2024,2025,,0,pending_actual_apy,0.7999999999999999,15.351041666666667,28.335416666666664,0.7999999999999999,15.351041666666667,28.335416666666664,32.7,2,2096.95,2096.95,0.7357719298245613,,,,,,,,,,,0.7999999999999999,2096.95,,0.667205568343874,0.207148998863766,0.5370890299479166,153.39161512586804,83.38302031017486,45.36198009006561,63.0,1.0,auxiliary_external_image_dataset
GUJ_ANAND_2024_2025,wheat,Rabi,grain_filling_initial,grain_filling_initial,2025-02-23,2025-03-05,95,105,6,7,95,125,Anand,22.5645,72.9289,,2024,2025,,0,pending_actual_apy,0.7999999999999999,15.782075471698114,28.808490566037733,0.7999999999999999,15.782075471698114,28.808490566037733,35.7,11,2363.3,2363.3,0.7502539682539683,,,,,,,,,,,0.7999999999999999,2363.3,,0.64207763671875,0.2100675723866411,0.538883518528294,155.23204857078758,96.45987870499894,40.98217857979439,185.0,1.0,auxiliary_external_image_dataset
GUJ_ANAND_2024_2025,wheat,Rabi,grain_filling,grain_filling,2025-03-05,2025-03-15,105,115,7,8,105,125,Anand,22.5645,72.9289,,2024,2025,,0,pending_actual_apy,0.7999999999999999,16.162068965517243,29.478448275862068,0.7999999999999999,16.162068965517243,29.478448275862068,39.0,21,2647.15,2647.15,0.7672898550724636,,,,,,,,,,,0.7999999999999999,2647.15,,0.0612841694294905,0.0121212011134459,0.035730185628939,174.61391897762522,91.87537351976924,38.60734619813807,238.0,1.0,auxiliary_external_image_dataset
GUJ_ANAND_2024_2025,wheat,Rabi,maturity_preharvest,maturity_preharvest,2025-03-15,2025-03-25,115,130,8,9,115,125,Anand,22.5645,72.9289,,2024,2025,,0,pending_actual_apy,0.7999999999999999,16.569841269841266,30.031746031746035,0.7999999999999999,16.569841269841266,30.031746031746035,39.0,31,2935.9,2935.9,0.7829066666666665,,,,,,,,,,,0.7999999999999999,2935.9,,0.0008408979936079,2.9083789590208285e-07,8.322975852272727e-07,168.71288785067472,58.12083906693892,40.56065226468173,55.0,1.0,auxiliary_external_image_dataset
GUJ_ARVALLI_2024_2025,wheat,Rabi,sowing,sowing,2024-11-20,2024-11-30,0,10,0,1,0,125,Arvalli,,,,2024,2025,,0,pending_actual_apy,0.0,16.2,28.700000000000003,0.0,16.2,28.700000000000003,29.7,0,246.95,246.95,0.8231666666666666,,,,,,,,,,,0.0,246.95,,,,,,,,,,
GUJ_ARVALLI_2024_2025,wheat,Rabi,early_vegetative,early_vegetative,2024-11-30,2024-12-10,10,20,1,2,10,125,Arvalli,,,,2024,2025,,0,pending_actual_apy,0.0,15.952380952380954,28.52380952380952,0.0,15.952380952380954,28.52380952380952,30.5,0,467.0,467.0,0.7783333333333333,,,,,,,,,,,0.0,467.0,,0.880794324372944,0.3849419227053033,0.837755705180921,137.38434640984786,174.4864686664782,48.70969892802992,19.0,1.0,auxiliary_external_image_dataset
GUJ_ARVALLI_2024_2025,wheat,Rabi,tillering,tillering,2024-12-10,2024-12-30,20,40,2,3,20,125,Arvalli,,,,2024,2025,,0,pending_actual_apy,0.6000000000000001,15.239024390243904,27.800000000000004,0.6000000000000001,15.239024390243904,27.800000000000004,30.5,0,882.3000000000001,882.3000000000001,0.7352500000000001,,,,,,,,,,,0.6000000000000001,882.3000000000001,,,,,,,,,,
GUJ_ARVALLI_2024_2025,wheat,Rabi,stem_elongation,stem_elongation,2024-12-30,2025-01-19,40,60,3,4,40,125,Arvalli,,,,2024,2025,,0,pending_actual_apy,1.1,14.788524590163934,27.4688524590164,1.1,14.788524590163934,27.4688524590164,30.5,0,1288.85,1288.85,0.7160277777777777,,,,,,,,,,,1.1,1288.85,,,,,,,,,,
GUJ_ARVALLI_2024_2025,wheat,Rabi,booting_heading,booting_heading,2025-01-19,2025-02-08,60,80,4,5,60,125,Arvalli,,,,2024,2025,,0,pending_actual_apy,1.1,14.676543209876543,27.70246913580247,1.1,14.676543209876543,27.70246913580247,30.5,0,1716.35,1716.35,0.7151458333333333,,,,,,,,,,,1.1,1716.35,,,,,,,,,,
GUJ_ARVALLI_2024_2025,wheat,Rabi,flowering,flowering,2025-02-08,2025-02-23,80,95,5,6,80,125,Arvalli,,,,2024,2025,,0,pending_actual_apy,1.1,14.971875000000002,28.35729166666667,1.1,14.971875000000002,28.35729166666667,33.5,8,2079.8,2079.8,0.7297543859649124,,,,,,,,,,,1.1,2079.8,,0.667205568343874,0.207148998863766,0.5370890299479166,153.39161512586804,83.38302031017486,45.36198009006561,63.0,1.0,auxiliary_external_image_dataset
GUJ_ARVALLI_2024_2025,wheat,Rabi,grain_filling_initial,grain_filling_initial,2025-02-23,2025-03-05,95,105,6,7,95,125,Arvalli,,,,2024,2025,,0,pending_actual_apy,1.1,15.43301886792453,28.868867924528303,1.1,15.43301886792453,28.868867924528303,35.5,18,2348.0,2348.0,0.7453968253968254,,,,,,,,,,,1.1,2348.0,,0.64207763671875,0.2100675723866411,0.538883518528294,155.23204857078758,96.45987870499894,40.98217857979439,185.0,1.0,auxiliary_external_image_dataset
GUJ_ARVALLI_2024_2025,wheat,Rabi,grain_filling,grain_filling,2025-03-05,2025-03-15,105,115,7,8,105,125,Arvalli,,,,2024,2025,,0,pending_actual_apy,1.1,15.83103448275862,29.575,1.1,15.83103448275862,29.575,39.2,28,2633.5500000000006,2633.5500000000006,0.7633478260869567,,,,,,,,,,,1.1,2633.5500000000006,,0.0612841694294905,0.0121212011134459,0.035730185628939,174.61391897762522,91.87537351976924,38.60734619813807,238.0,1.0,auxiliary_external_image_dataset
GUJ_ARVALLI_2024_2025,wheat,Rabi,maturity_preharvest,maturity_preharvest,2025-03-15,2025-03-25,115,130,8,9,115,125,Arvalli,,,,2024,2025,,0,pending_actual_apy,1.1,16.226190476190478,30.126190476190477,1.1,16.226190476190478,30.126190476190477,39.2,38,2920.2,2920.2,0.77872,,,,,,,,,,,1.1,2920.2,,0.0008408979936079,2.9083789590208285e-07,8.322975852272727e-07,168.71288785067472,58.12083906693892,40.56065226468173,55.0,1.0,auxiliary_external_image_dataset
GUJ_BANASKANTHA_2024_2025,wheat,Rabi,sowing,sowing,2024-11-20,2024-11-30,0,10,0,1,0,125,Banaskantha,24.1747,72.4331,,2024,2025,,0,pending_actual_apy,0.0,17.081818181818182,29.263636363636365,0.0,17.081818181818182,29.263636363636365,30.5,0,254.9,254.9,0.8496666666666667,,,,,,,,,,,0.0,254.9,,,,,,,,,,
GUJ_BANASKANTHA_2024_2025,wheat,Rabi,early_vegetative,early_vegetative,2024-11-30,2024-12-10,10,20,1,2,10,125,Banaskantha,24.1747,72.4331,,2024,2025,,0,pending_actual_apy,0.0,16.142857142857142,28.623809523809523,0.0,16.142857142857142,28.623809523809523,30.5,0,470.05,470.05,0.7834166666666667,,,,,,,,,,,0.0,470.05,,0.880794324372944,0.3849419227053033,0.837755705180921,137.38434640984786,174.4864686664782,48.70969892802992,19.0,1.0,auxiliary_external_image_dataset
GUJ_BANASKANTHA_2024_2025,wheat,Rabi,tillering,tillering,2024-12-10,2024-12-30,20,40,2,3,20,125,Banaskantha,24.1747,72.4331,,2024,2025,,0,pending_actual_apy,0.2,14.878048780487806,27.465853658536584,0.2,14.878048780487806,27.465853658536584,30.5,0,868.05,868.05,0.723375,,,,,,,,,,,0.2,868.05,,,,,,,,,,
GUJ_BANASKANTHA_2024_2025,wheat,Rabi,stem_elongation,stem_elongation,2024-12-30,2025-01-19,40,60,3,4,40,125,Banaskantha,24.1747,72.4331,,2024,2025,,0,pending_actual_apy,0.2,14.304918032786883,26.99180327868853,0.2,14.304918032786883,26.99180327868853,30.5,0,1259.5500000000002,1259.5500000000002,0.6997500000000001,,,,,,,,,,,0.2,1259.5500000000002,,,,,,,,,,
GUJ_BANASKANTHA_2024_2025,wheat,Rabi,booting_heading,booting_heading,2025-01-19,2025-02-08,60,80,4,5,60,125,Banaskantha,24.1747,72.4331,,2024,2025,,0,pending_actual_apy,0.5,14.290123456790123,27.13086419753086,0.5,14.290123456790123,27.13086419753086,30.5,0,1677.5500000000002,1677.5500000000002,0.6989791666666667,,,,,,,,,,,0.5,1677.5500000000002,,,,,,,,,,
GUJ_BANASKANTHA_2024_2025,wheat,Rabi,flowering,flowering,2025-02-08,2025-02-23,80,95,5,6,80,125,Banaskantha,24.1747,72.4331,,2024,2025,,0,pending_actual_apy,0.5,14.651041666666666,27.65833333333333,0.5,14.651041666666666,27.65833333333333,32.0,1,2030.85,2030.85,0.7125789473684211,,,,,,,,,,,0.5,2030.85,,0.667205568343874,0.207148998863766,0.5370890299479166,153.39161512586804,83.38302031017486,45.36198009006561,63.0,1.0,auxiliary_external_image_dataset
GUJ_BANASKANTHA_2024_2025,wheat,Rabi,grain_filling_initial,grain_filling_initial,2025-02-23,2025-03-05,95,105,6,7,95,125,Banaskantha,24.1747,72.4331,,2024,2025,,0,pending_actual_apy,0.5,14.989622641509436,28.0811320754717,0.5,14.989622641509436,28.0811320754717,34.3,6,2282.7499999999995,2282.7499999999995,0.7246825396825395,,,,,,,,,,,0.5,2282.7499999999995,,0.64207763671875,0.2100675723866411,0.538883518528294,155.23204857078758,96.45987870499894,40.98217857979439,185.0,1.0,auxiliary_external_image_dataset
GUJ_BANASKANTHA_2024_2025,wheat,Rabi,grain_filling,grain_filling,2025-03-05,2025-03-15,105,115,7,8,105,125,Banaskantha,24.1747,72.4331,,2024,2025,,0,pending_actual_apy,0.5,15.394827586206898,28.731896551724137,0.5,15.394827586206898,28.731896551724137,37.8,16,2559.35,2559.35,0.7418405797101449,,,,,,,,,,,0.5,2559.35,,0.0612841694294905,0.0121212011134459,0.035730185628939,174.61391897762522,91.87537351976924,38.60734619813807,238.0,1.0,auxiliary_external_image_dataset
GUJ_BANASKANTHA_2024_2025,wheat,Rabi,maturity_preharvest,maturity_preharvest,2025-03-15,2025-03-25,115,130,8,9,115,125,Banaskantha,24.1747,72.4331,,2024,2025,,0,pending_actual_apy,0.5,15.807142857142855,29.24206349206349,0.5,15.807142857142855,29.24206349206349,37.8,26,2838.1,2838.1,0.7568266666666666,,,,,,,,,,,0.5,2838.1,,0.0008408979936079,2.9083789590208285e-07,8.322975852272727e-07,168.71288785067472,58.12083906693892,40.56065226468173,55.0,1.0,auxiliary_external_image_dataset
GUJ_BHARUCH_2024_2025,wheat,Rabi,sowing,sowing,2024-11-20,2024-11-30,0,10,0,1,0,125,Bharuch,,,,2024,2025,,0,pending_actual_apy,0.0,16.290909090909093,29.05454545454545,0.0,16.290909090909093,29.05454545454545,30.0,0,249.4,249.4,0.8313333333333334,,,,,,,,,,,0.0,249.4,,,,,,,,,,
GUJ_BHARUCH_2024_2025,wheat,Rabi,early_vegetative,early_vegetative,2024-11-30,2024-12-10,10,20,1,2,10,125,Bharuch,,,,2024,2025,,0,pending_actual_apy,0.0,16.85238095238095,29.06190476190476,0.0,16.85238095238095,29.06190476190476,31.7,0,482.1000000000001,482.1000000000001,0.8035000000000001,,,,,,,,,,,0.0,482.1000000000001,,0.880794324372944,0.3849419227053033,0.837755705180921,137.38434640984786,174.4864686664782,48.70969892802992,19.0,1.0,auxiliary_external_image_dataset
GUJ_BHARUCH_2024_2025,wheat,Rabi,tillering,tillering,2024-12-10,2024-12-30,20,40,2,3,20,125,Bharuch,,,,2024,2025,,0,pending_actual_apy,3.0,16.329268292682926,28.592682926829266,3.0,16.329268292682926,28.592682926829266,31.7,0,920.9,920.9,0.7674166666666666,,,,,,,,,,,3.0,920.9,,,,,,,,,,
GUJ_BHARUCH_2024_2025,wheat,Rabi,stem_elongation,stem_elongation,2024-12-30,2025-01-19,40,60,3,4,40,125,Bharuch,,,,2024,2025,,0,pending_actual_apy,3.0,16.31967213114754,28.67868852459016,3.0,16.31967213114754,28.67868852459016,32.3,2,1372.4499999999998,1372.4499999999998,0.7624722222222221,,,,,,,,,,,3.0,1372.4499999999998,,,,,,,,,,
GUJ_BHARUCH_2024_2025,wheat,Rabi,booting_heading,booting_heading,2025-01-19,2025-02-08,60,80,4,5,60,125,Bharuch,,,,2024,2025,,0,pending_actual_apy,3.0,16.43827160493827,29.100000000000005,3.0,16.43827160493827,29.100000000000005,33.8,6,1844.3,1844.3,0.7684583333333334,,,,,,,,,,,3.0,1844.3,,,,,,,,,,
GUJ_BHARUCH_2024_2025,wheat,Rabi,flowering,flowering,2025-02-08,2025-02-23,80,95,5,6,80,125,Bharuch,,,,2024,2025,,0,pending_actual_apy,3.0,16.75833333333333,29.753125,3.0,16.75833333333333,29.753125,35.3,19,2232.55,2232.55,0.7833508771929826,,,,,,,,,,,3.0,2232.55,,0.667205568343874,0.207148998863766,0.5370890299479166,153.39161512586804,83.38302031017486,45.36198009006561,63.0,1.0,auxiliary_external_image_dataset
GUJ_BHARUCH_2024_2025,wheat,Rabi,grain_filling_initial,grain_filling_initial,2025-02-23,2025-03-05,95,105,6,7,95,125,Bharuch,,,,2024,2025,,0,pending_actual_apy,3.0,17.16320754716981,30.29339622641509,3.0,17.16320754716981,30.29339622641509,37.8,29,2515.2000000000003,2515.2000000000003,0.7984761904761906,,,,,,,,,,,3.0,2515.2000000000003,,0.64207763671875,0.2100675723866411,0.538883518528294,155.23204857078758,96.45987870499894,40.98217857979439,185.0,1.0,auxiliary_external_image_dataset
GUJ_BHARUCH_2024_2025,wheat,Rabi,grain_filling,grain_filling,2025-03-05,2025-03-15,105,115,7,8,105,125,Bharuch,,,,2024,2025,,0,pending_actual_apy,3.0,17.510344827586206,30.98275862068965,3.0,17.510344827586206,30.98275862068965,40.8,39,2812.6000000000004,2812.6000000000004,0.8152463768115943,,,,,,,,,,,3.0,2812.6000000000004,,0.0612841694294905,0.0121212011134459,0.035730185628939,174.61391897762522,91.87537351976924,38.60734619813807,238.0,1.0,auxiliary_external_image_dataset
GUJ_BHARUCH_2024_2025,wheat,Rabi,maturity_preharvest,maturity_preharvest,2025-03-15,2025-03-25,115,130,8,9,115,125,Bharuch,,,,2024,2025,,0,pending_actual_apy,3.0,17.875396825396823,31.5015873015873,3.0,17.875396825396823,31.5015873015873,40.8,49,3110.75,3110.75,0.8295333333333333,,,,,,,,,,,3.0,3110.75,,0.0008408979936079,2.9083789590208285e-07,8.322975852272727e-07,168.71288785067472,58.12083906693892,40.56065226468173,55.0,1.0,auxiliary_external_image_dataset
GUJ_BHAVNAGAR_2024_2025,wheat,Rabi,sowing,sowing,2024-11-20,2024-11-30,0,10,0,1,0,125,Bhavnagar,21.7645,72.1519,,2024,2025,,0,pending_actual_apy,0.0,20.181818181818183,29.1,0.0,20.181818181818183,29.1,30.1,0,271.05,271.05,0.9035,,,,,,,,,,,0.0,271.05,,,,,,,,,,
GUJ_BHAVNAGAR_2024_2025,wheat,Rabi,early_vegetative,early_vegetative,2024-11-30,2024-12-10,10,20,1,2,10,125,Bhavnagar,21.7645,72.1519,,2024,2025,,0,pending_actual_apy,0.0,19.88571428571429,28.928571428571427,0.0,19.88571428571429,28.928571428571427,31.0,0,512.5500000000001,512.5500000000001,0.8542500000000001,,,,,,,,,,,0.0,512.5500000000001,,0.880794324372944,0.3849419227053033,0.837755705180921,137.38434640984786,174.4864686664782,48.70969892802992,19.0,1.0,auxiliary_external_image_dataset
GUJ_BHAVNAGAR_2024_2025,wheat,Rabi,tillering,tillering,2024-12-10,2024-12-30,20,40,2,3,20,125,Bhavnagar,21.7645,72.1519,,2024,2025,,0,pending_actual_apy,0.0,18.160975609756097,27.98048780487805,0.0,18.160975609756097,27.98048780487805,31.0,0,945.9,945.9,0.78825,,,,,,,,,,,0.0,945.9,,,,,,,,,,
GUJ_BHAVNAGAR_2024_2025,wheat,Rabi,stem_elongation,stem_elongation,2024-12-30,2025-01-19,40,60,3,4,40,125,Bhavnagar,21.7645,72.1519,,2024,2025,,0,pending_actual_apy,0.0,17.67377049180328,27.82786885245902,0.0,17.67377049180328,27.82786885245902,31.0,0,1387.8,1387.8,0.771,,,,,,,,,,,0.0,1387.8,,,,,,,,,,
GUJ_BHAVNAGAR_2024_2025,wheat,Rabi,booting_heading,booting_heading,2025-01-19,2025-02-08,60,80,4,5,60,125,Bhavnagar,21.7645,72.1519,,2024,2025,,0,pending_actual_apy,0.0,17.482716049382717,28.09135802469136,0.0,17.482716049382717,28.09135802469136,31.0,0,1845.75,1845.75,0.7690625,,,,,,,,,,,0.0,1845.75,,,,,,,,,,
GUJ_BHAVNAGAR_2024_2025,wheat,Rabi,flowering,flowering,2025-02-08,2025-02-23,80,95,5,6,80,125,Bhavnagar,21.7645,72.1519,,2024,2025,,0,pending_actual_apy,0.0,17.708333333333332,28.671875,0.0,17.708333333333332,28.671875,34.5,6,2226.25,2226.25,0.781140350877193,,,,,,,,,,,0.0,2226.25,,0.667205568343874,0.207148998863766,0.5370890299479166,153.39161512586804,83.38302031017486,45.36198009006561,63.0,1.0,auxiliary_external_image_dataset
GUJ_BHAVNAGAR_2024_2025,wheat,Rabi,grain_filling_initial,grain_filling_initial,2025-02-23,2025-03-05,95,105,6,7,95,125,Bhavnagar,21.7645,72.1519,,2024,2025,,0,pending_actual_apy,0.0,18.046226415094345,29.13396226415094,0.0,18.046226415094345,29.13396226415094,35.0,15,2500.55,2500.55,0.7938253968253968,,,,,,,,,,,0.0,2500.55,,0.64207763671875,0.2100675723866411,0.538883518528294,155.23204857078758,96.45987870499894,40.98217857979439,185.0,1.0,auxiliary_external_image_dataset
GUJ_BHAVNAGAR_2024_2025,wheat,Rabi,grain_filling,grain_filling,2025-03-05,2025-03-15,105,115,7,8,105,125,Bhavnagar,21.7645,72.1519,,2024,2025,,0,pending_actual_apy,0.0,18.38879310344828,29.70258620689655,0.0,18.38879310344828,29.70258620689655,38.4,25,2789.3,2789.3,0.8084927536231885,,,,,,,,,,,0.0,2789.3,,0.0612841694294905,0.0121212011134459,0.035730185628939,174.61391897762522,91.87537351976924,38.60734619813807,238.0,1.0,auxiliary_external_image_dataset
GUJ_BHAVNAGAR_2024_2025,wheat,Rabi,maturity_preharvest,maturity_preharvest,2025-03-15,2025-03-25,115,130,8,9,115,125,Bhavnagar,21.7645,72.1519,,2024,2025,,0,pending_actual_apy,0.0,18.75079365079365,30.18015873015873,0.0,18.75079365079365,30.18015873015873,38.4,35,3082.65,3082.65,0.82204,,,,,,,,,,,0.0,3082.65,,0.0008408979936079,2.9083789590208285e-07,8.322975852272727e-07,168.71288785067472,58.12083906693892,40.56065226468173,55.0,1.0,auxiliary_external_image_dataset
GUJ_BOTAD_2024_2025,wheat,Rabi,sowing,sowing,2024-11-20,2024-11-30,0,10,0,1,0,125,Botad,,,,2024,2025,,0,pending_actual_apy,0.0,17.345454545454547,29.35454545454546,0.0,17.345454545454547,29.35454545454546,30.2,0,256.85,256.85,0.8561666666666667,,,,,,,,,,,0.0,256.85,,,,,,,,,,
GUJ_BOTAD_2024_2025,wheat,Rabi,early_vegetative,early_vegetative,2024-11-30,2024-12-10,10,20,1,2,10,125,Botad,,,,2024,2025,,0,pending_actual_apy,0.0,17.276190476190475,29.09523809523809,0.0,17.276190476190475,29.09523809523809,31.0,0,486.9,486.9,0.8115000000000001,,,,,,,,,,,0.0,486.9,,0.880794324372944,0.3849419227053033,0.837755705180921,137.38434640984786,174.4864686664782,48.70969892802992,19.0,1.0,auxiliary_external_image_dataset
GUJ_BOTAD_2024_2025,wheat,Rabi,tillering,tillering,2024-12-10,2024-12-30,20,40,2,3,20,125,Botad,,,,2024,2025,,0,pending_actual_apy,0.0,15.897560975609755,28.1,0.0,15.897560975609755,28.1,31.0,0,901.95,901.95,0.751625,,,,,,,,,,,0.0,901.95,,,,,,,,,,
GUJ_BOTAD_2024_2025,wheat,Rabi,stem_elongation,stem_elongation,2024-12-30,2025-01-19,40,60,3,4,40,125,Botad,,,,2024,2025,,0,pending_actual_apy,0.0,15.462295081967213,27.959016393442624,0.0,15.462295081967213,27.959016393442624,31.0,0,1324.35,1324.35,0.7357500000000001,,,,,,,,,,,0.0,1324.35,,,,,,,,,,
GUJ_BOTAD_2024_2025,wheat,Rabi,booting_heading,booting_heading,2025-01-19,2025-02-08,60,80,4,5,60,125,Botad,,,,2024,2025,,0,pending_actual_apy,0.0,15.554320987654322,28.09506172839506,0.0,15.554320987654322,28.09506172839506,31.0,0,1767.8,1767.8,0.7365833333333334,,,,,,,,,,,0.0,1767.8,,,,,,,,,,
GUJ_BOTAD_2024_2025,wheat,Rabi,flowering,flowering,2025-02-08,2025-02-23,80,95,5,6,80,125,Botad,,,,2024,2025,,0,pending_actual_apy,0.0,16.090625,28.690625,0.0,16.090625,28.690625,33.3,9,2149.5,2149.5,0.7542105263157894,,,,,,,,,,,0.0,2149.5,,0.667205568343874,0.207148998863766,0.5370890299479166,153.39161512586804,83.38302031017486,45.36198009006561,63.0,1.0,auxiliary_external_image_dataset
GUJ_BOTAD_2024_2025,wheat,Rabi,grain_filling_initial,grain_filling_initial,2025-02-23,2025-03-05,95,105,6,7,95,125,Botad,,,,2024,2025,,0,pending_actual_apy,0.0,16.500943396226415,29.13867924528302,0.0,16.500943396226415,29.13867924528302,35.5,17,2418.9,2418.9,0.767904761904762,,,,,,,,,,,0.0,2418.9,,0.64207763671875,0.2100675723866411,0.538883518528294,155.23204857078758,96.45987870499894,40.98217857979439,185.0,1.0,auxiliary_external_image_dataset
GUJ_BOTAD_2024_2025,wheat,Rabi,grain_filling,grain_filling,2025-03-05,2025-03-15,105,115,7,8,105,125,Botad,,,,2024,2025,,0,pending_actual_apy,0.0,17.030172413793103,29.83275862068966,0.0,17.030172413793103,29.83275862068966,38.8,27,2718.0500000000006,2718.0500000000006,0.7878405797101451,,,,,,,,,,,0.0,2718.0500000000006,,0.0612841694294905,0.0121212011134459,0.035730185628939,174.61391897762522,91.87537351976924,38.60734619813807,238.0,1.0,auxiliary_external_image_dataset
GUJ_BOTAD_2024_2025,wheat,Rabi,maturity_preharvest,maturity_preharvest,2025-03-15,2025-03-25,115,130,8,9,115,125,Botad,,,,2024,2025,,0,pending_actual_apy,0.0,17.50079365079365,30.3452380952381,0.0,17.50079365079365,30.3452380952381,38.8,37,3014.3,3014.3,0.8038133333333333,,,,,,,,,,,0.0,3014.3,,0.0008408979936079,2.9083789590208285e-07,8.322975852272727e-07,168.71288785067472,58.12083906693892,40.56065226468173,55.0,1.0,auxiliary_external_image_dataset
GUJ_CHHOTA_UDEPUR_2024_2025,wheat,Rabi,sowing,sowing,2024-11-20,2024-11-30,0,10,0,1,0,125,Chhota Udepur,,,,2024,2025,,0,pending_actual_apy,0.0,17.22727272727273,28.663636363636364,0.0,17.22727272727273,28.663636363636364,29.4,0,252.4,252.4,0.8413333333333334,,,,,,,,,,,0.0,252.4,,,,,,,,,,
GUJ_CHHOTA_UDEPUR_2024_2025,wheat,Rabi,early_vegetative,early_vegetative,2024-11-30,2024-12-10,10,20,1,2,10,125,Chhota Udepur,,,,2024,2025,,0,pending_actual_apy,0.0,17.23333333333333,28.85238095238096,0.0,17.23333333333333,28.85238095238096,31.6,0,483.9,483.9,0.8065000000000001,,,,,,,,,,,0.0,483.9,,0.880794324372944,0.3849419227053033,0.837755705180921,137.38434640984786,174.4864686664782,48.70969892802992,19.0,1.0,auxiliary_external_image_dataset
GUJ_CHHOTA_UDEPUR_2024_2025,wheat,Rabi,tillering,tillering,2024-12-10,2024-12-30,20,40,2,3,20,125,Chhota Udepur,,,,2024,2025,,0,pending_actual_apy,5.699999999999999,16.773170731707314,28.50243902439024,5.699999999999999,16.773170731707314,28.50243902439024,31.6,0,928.15,928.15,0.7734583333333334,,,,,,,,,,,5.699999999999999,928.15,,,,,,,,,,
GUJ_CHHOTA_UDEPUR_2024_2025,wheat,Rabi,stem_elongation,stem_elongation,2024-12-30,2025-01-19,40,60,3,4,40,125,Chhota Udepur,,,,2024,2025,,0,pending_actual_apy,5.799999999999999,16.452459016393444,28.64918032786885,5.799999999999999,16.452459016393444,28.64918032786885,31.6,0,1375.6,1375.6,0.7642222222222221,,,,,,,,,,,5.799999999999999,1375.6,,,,,,,,,,
GUJ_CHHOTA_UDEPUR_2024_2025,wheat,Rabi,booting_heading,booting_heading,2025-01-19,2025-02-08,60,80,4,5,60,125,Chhota Udepur,,,,2024,2025,,0,pending_actual_apy,5.8,16.549382716049383,29.156790123456798,5.8,16.549382716049383,29.156790123456798,32.6,3,1851.1,1851.1,0.7712916666666666,,,,,,,,,,,5.8,1851.1,,,,,,,,,,
GUJ_CHHOTA_UDEPUR_2024_2025,wheat,Rabi,flowering,flowering,2025-02-08,2025-02-23,80,95,5,6,80,125,Chhota Udepur,,,,2024,2025,,0,pending_actual_apy,5.8,16.736458333333335,29.764583333333334,5.8,16.736458333333335,29.764583333333334,34.3,16,2232.05,2232.05,0.7831754385964913,,,,,,,,,,,5.8,2232.05,,0.667205568343874,0.207148998863766,0.5370890299479166,153.39161512586804,83.38302031017486,45.36198009006561,63.0,1.0,auxiliary_external_image_dataset
GUJ_CHHOTA_UDEPUR_2024_2025,wheat,Rabi,grain_filling_initial,grain_filling_initial,2025-02-23,2025-03-05,95,105,6,7,95,125,Chhota Udepur,,,,2024,2025,,0,pending_actual_apy,5.8,17.09433962264151,30.23584905660378,5.8,17.09433962264151,30.23584905660378,36.7,26,2508.5,2508.5,0.7963492063492064,,,,,,,,,,,5.8,2508.5,,0.64207763671875,0.2100675723866411,0.538883518528294,155.23204857078758,96.45987870499894,40.98217857979439,185.0,1.0,auxiliary_external_image_dataset
GUJ_CHHOTA_UDEPUR_2024_2025,wheat,Rabi,grain_filling,grain_filling,2025-03-05,2025-03-15,105,115,7,8,105,125,Chhota Udepur,,,,2024,2025,,0,pending_actual_apy,5.8,17.395689655172415,30.867241379310347,5.8,17.395689655172415,30.867241379310347,39.8,36,2799.2499999999995,2799.2499999999995,0.8113768115942027,,,,,,,,,,,5.8,2799.2499999999995,,0.0612841694294905,0.0121212011134459,0.035730185628939,174.61391897762522,91.87537351976924,38.60734619813807,238.0,1.0,auxiliary_external_image_dataset
GUJ_CHHOTA_UDEPUR_2024_2025,wheat,Rabi,maturity_preharvest,maturity_preharvest,2025-03-15,2025-03-25,115,130,8,9,115,125,Chhota Udepur,,,,2024,2025,,0,pending_actual_apy,5.8,17.661904761904758,31.351587301587312,5.8,17.661904761904758,31.351587301587312,39.8,46,3087.85,3087.85,0.8234266666666666,,,,,,,,,,,5.8,3087.85,,0.0008408979936079,2.9083789590208285e-07,8.322975852272727e-07,168.71288785067472,58.12083906693892,40.56065226468173,55.0,1.0,auxiliary_external_image_dataset
GUJ_DAHOD_2024_2025,wheat,Rabi,sowing,sowing,2024-11-20,2024-11-30,0,10,0,1,0,125,Dahod,,,,2024,2025,,0,pending_actual_apy,0.0,14.636363636363637,27.963636363636365,0.0,14.636363636363637,27.963636363636365,28.9,0,234.3,234.3,0.7809999999999999,,,,,,,,,,,0.0,234.3,,,,,,,,,,
GUJ_DAHOD_2024_2025,wheat,Rabi,early_vegetative,early_vegetative,2024-11-30,2024-12-10,10,20,1,2,10,125,Dahod,,,,2024,2025,,0,pending_actual_apy,0.0,14.94761904761905,28.038095238095234,0.0,14.94761904761905,28.038095238095234,30.5,0,451.35,451.35,0.75225,,,,,,,,,,,0.0,451.35,,0.880794324372944,0.3849419227053033,0.837755705180921,137.38434640984786,174.4864686664782,48.70969892802992,19.0,1.0,auxiliary_external_image_dataset
GUJ_DAHOD_2024_2025,wheat,Rabi,tillering,tillering,2024-12-10,2024-12-30,20,40,2,3,20,125,Dahod,,,,2024,2025,,0,pending_actual_apy,6.199999999999999,14.646341463414636,27.541463414634148,6.199999999999999,14.646341463414636,27.541463414634148,30.5,0,864.85,864.85,0.7207083333333334,,,,,,,,,,,6.199999999999999,864.85,,,,,,,,,,
GUJ_DAHOD_2024_2025,wheat,Rabi,stem_elongation,stem_elongation,2024-12-30,2025-01-19,40,60,3,4,40,125,Dahod,,,,2024,2025,,0,pending_actual_apy,6.9,14.439344262295084,27.41147540983607,6.9,14.439344262295084,27.41147540983607,30.5,0,1276.45,1276.45,0.7091388888888889,,,,,,,,,,,6.9,1276.45,,,,,,,,,,
GUJ_DAHOD_2024_2025,wheat,Rabi,booting_heading,booting_heading,2025-01-19,2025-02-08,60,80,4,5,60,125,Dahod,,,,2024,2025,,0,pending_actual_apy,6.899999999999999,14.614814814814816,27.8,6.899999999999999,14.614814814814816,27.8,31.2,0,1717.8,1717.8,0.71575,,,,,,,,,,,6.899999999999999,1717.8,,,,,,,,,,
GUJ_DAHOD_2024_2025,wheat,Rabi,flowering,flowering,2025-02-08,2025-02-23,80,95,5,6,80,125,Dahod,,,,2024,2025,,0,pending_actual_apy,6.899999999999999,15.135416666666666,28.40625,6.899999999999999,15.135416666666666,28.40625,32.7,7,2090.0,2090.0,0.7333333333333333,,,,,,,,,,,6.899999999999999,2090.0,,0.667205568343874,0.207148998863766,0.5370890299479166,153.39161512586804,83.38302031017486,45.36198009006561,63.0,1.0,auxiliary_external_image_dataset
GUJ_DAHOD_2024_2025,wheat,Rabi,grain_filling_initial,grain_filling_initial,2025-02-23,2025-03-05,95,105,6,7,95,125,Dahod,,,,2024,2025,,0,pending_actual_apy,6.899999999999999,15.568867924528302,28.878301886792453,6.899999999999999,15.568867924528302,28.878301886792453,35.7,16,2355.7,2355.7,0.7478412698412696,,,,,,,,,,,6.899999999999999,2355.7,,0.64207763671875,0.2100675723866411,0.538883518528294,155.23204857078758,96.45987870499894,40.98217857979439,185.0,1.0,auxiliary_external_image_dataset
GUJ_DAHOD_2024_2025,wheat,Rabi,grain_filling,grain_filling,2025-03-05,2025-03-15,105,115,7,8,105,125,Dahod,,,,2024,2025,,0,pending_actual_apy,6.899999999999999,16.04655172413793,29.52586206896552,6.899999999999999,16.04655172413793,29.52586206896552,38.7,26,2643.2,2643.2,0.7661449275362319,,,,,,,,,,,6.899999999999999,2643.2,,0.0612841694294905,0.0121212011134459,0.035730185628939,174.61391897762522,91.87537351976924,38.60734619813807,238.0,1.0,auxiliary_external_image_dataset
GUJ_DAHOD_2024_2025,wheat,Rabi,maturity_preharvest,maturity_preharvest,2025-03-15,2025-03-25,115,130,8,9,115,125,Dahod,,,,2024,2025,,0,pending_actual_apy,6.899999999999999,16.462698412698415,30.0388888888889,6.899999999999999,16.462698412698415,30.0388888888889,39.0,36,2929.6,2929.6,0.7812266666666666,,,,,,,,,,,6.899999999999999,2929.6,,0.0008408979936079,2.9083789590208285e-07,8.322975852272727e-07,168.71288785067472,58.12083906693892,40.56065226468173,55.0,1.0,auxiliary_external_image_dataset
GUJ_DANGS_2024_2025,wheat,Rabi,sowing,sowing,2024-11-20,2024-11-30,0,10,0,1,0,125,Dangs,,,,2024,2025,,0,pending_actual_apy,0.0,17.718181818181815,29.10909090909091,0.0,17.718181818181815,29.10909090909091,29.9,0,257.54999999999995,257.54999999999995,0.8584999999999998,,,,,,,,,,,0.0,257.54999999999995,,,,,,,,,,
GUJ_DANGS_2024_2025,wheat,Rabi,early_vegetative,early_vegetative,2024-11-30,2024-12-10,10,20,1,2,10,125,Dangs,,,,2024,2025,,0,pending_actual_apy,1.5,17.97142857142857,29.31428571428572,1.5,17.97142857142857,29.31428571428572,31.4,0,496.5,496.5,0.8275,,,,,,,,,,,1.5,496.5,,0.880794324372944,0.3849419227053033,0.837755705180921,137.38434640984786,174.4864686664782,48.70969892802992,19.0,1.0,auxiliary_external_image_dataset
GUJ_DANGS_2024_2025,wheat,Rabi,tillering,tillering,2024-12-10,2024-12-30,20,40,2,3,20,125,Dangs,,,,2024,2025,,0,pending_actual_apy,3.8,17.180487804878048,28.982926829268298,3.8,17.180487804878048,28.982926829268298,31.4,0,946.35,946.35,0.7886249999999999,,,,,,,,,,,3.8,946.35,,,,,,,,,,
GUJ_DANGS_2024_2025,wheat,Rabi,stem_elongation,stem_elongation,2024-12-30,2025-01-19,40,60,3,4,40,125,Dangs,,,,2024,2025,,0,pending_actual_apy,4.0,17.118032786885248,29.09344262295082,4.0,17.118032786885248,29.09344262295082,32.0,1,1409.45,1409.45,0.7830277777777778,,,,,,,,,,,4.0,1409.45,,,,,,,,,,
GUJ_DANGS_2024_2025,wheat,Rabi,booting_heading,booting_heading,2025-01-19,2025-02-08,60,80,4,5,60,125,Dangs,,,,2024,2025,,0,pending_actual_apy,4.0,17.209876543209873,29.88271604938271,4.0,17.209876543209873,29.88271604938271,34.6,14,1907.25,1907.25,0.7946875,,,,,,,,,,,4.0,1907.25,,,,,,,,,,
GUJ_DANGS_2024_2025,wheat,Rabi,flowering,flowering,2025-02-08,2025-02-23,80,95,5,6,80,125,Dangs,,,,2024,2025,,0,pending_actual_apy,4.0,17.323958333333334,30.446875,4.0,17.323958333333334,30.446875,34.8,28,2293.0,2293.0,0.8045614035087719,,,,,,,,,,,4.0,2293.0,,0.667205568343874,0.207148998863766,0.5370890299479166,153.39161512586804,83.38302031017486,45.36198009006561,63.0,1.0,auxiliary_external_image_dataset
GUJ_DANGS_2024_2025,wheat,Rabi,grain_filling_initial,grain_filling_initial,2025-02-23,2025-03-05,95,105,6,7,95,125,Dangs,,,,2024,2025,,0,pending_actual_apy,4.0,17.685849056603775,30.910377358490567,4.0,17.685849056603775,30.910377358490567,37.9,38,2575.6,2575.6,0.8176507936507936,,,,,,,,,,,4.0,2575.6,,0.64207763671875,0.2100675723866411,0.538883518528294,155.23204857078758,96.45987870499894,40.98217857979439,185.0,1.0,auxiliary_external_image_dataset
GUJ_DANGS_2024_2025,wheat,Rabi,grain_filling,grain_filling,2025-03-05,2025-03-15,105,115,7,8,105,125,Dangs,,,,2024,2025,,0,pending_actual_apy,4.0,17.92758620689655,31.49051724137931,4.0,17.92758620689655,31.49051724137931,40.3,48,2866.2499999999995,2866.2499999999995,0.8307971014492752,,,,,,,,,,,4.0,2866.2499999999995,,0.0612841694294905,0.0121212011134459,0.035730185628939,174.61391897762522,91.87537351976924,38.60734619813807,238.0,1.0,auxiliary_external_image_dataset
GUJ_DANGS_2024_2025,wheat,Rabi,maturity_preharvest,maturity_preharvest,2025-03-15,2025-03-25,115,130,8,9,115,125,Dangs,,,,2024,2025,,0,pending_actual_apy,4.0,18.1531746031746,31.897619047619045,4.0,18.1531746031746,31.897619047619045,40.3,58,3153.2000000000003,3153.2000000000003,0.8408533333333335,,,,,,,,,,,4.0,3153.2000000000003,,0.0008408979936079,2.9083789590208285e-07,8.322975852272727e-07,168.71288785067472,58.12083906693892,40.56065226468173,55.0,1.0,auxiliary_external_image_dataset
GUJ_DEVBHOOMI_DWARKA_2024_2025,wheat,Rabi,sowing,sowing,2024-11-20,2024-11-30,0,10,0,1,0,125,Devbhoomi Dwarka,,,,2024,2025,,0,pending_actual_apy,0.0,18.700000000000003,28.70909090909091,0.0,18.700000000000003,28.70909090909091,29.6,0,260.75,260.75,0.8691666666666666,,,,,,,,,,,0.0,260.75,,,,,,,,,,
GUJ_DEVBHOOMI_DWARKA_2024_2025,wheat,Rabi,early_vegetative,early_vegetative,2024-11-30,2024-12-10,10,20,1,2,10,125,Devbhoomi Dwarka,,,,2024,2025,,0,pending_actual_apy,0.0,19.442857142857143,27.82857142857143,0.0,19.442857142857143,27.82857142857143,29.6,0,496.35,496.35,0.82725,,,,,,,,,,,0.0,496.35,,0.880794324372944,0.3849419227053033,0.837755705180921,137.38434640984786,174.4864686664782,48.70969892802992,19.0,1.0,auxiliary_external_image_dataset
GUJ_DEVBHOOMI_DWARKA_2024_2025,wheat,Rabi,tillering,tillering,2024-12-10,2024-12-30,20,40,2,3,20,125,Devbhoomi Dwarka,,,,2024,2025,,0,pending_actual_apy,0.0,18.26585365853659,25.79268292682927,0.0,18.26585365853659,25.79268292682927,29.6,0,903.2,903.2,0.7526666666666666,,,,,,,,,,,0.0,903.2,,,,,,,,,,
GUJ_DEVBHOOMI_DWARKA_2024_2025,wheat,Rabi,stem_elongation,stem_elongation,2024-12-30,2025-01-19,40,60,3,4,40,125,Devbhoomi Dwarka,,,,2024,2025,,0,pending_actual_apy,0.0,17.5672131147541,25.296721311475416,0.0,17.5672131147541,25.296721311475416,29.6,0,1307.3499999999997,1307.3499999999997,0.7263055555555554,,,,,,,,,,,0.0,1307.3499999999997,,,,,,,,,,
GUJ_DEVBHOOMI_DWARKA_2024_2025,wheat,Rabi,booting_heading,booting_heading,2025-01-19,2025-02-08,60,80,4,5,60,125,Devbhoomi Dwarka,,,,2024,2025,,0,pending_actual_apy,0.0,17.590123456790124,25.404938271604934,0.0,17.590123456790124,25.404938271604934,29.6,0,1741.3,1741.3,0.7255416666666666,,,,,,,,,,,0.0,1741.3,,,,,,,,,,
GUJ_DEVBHOOMI_DWARKA_2024_2025,wheat,Rabi,flowering,flowering,2025-02-08,2025-02-23,80,95,5,6,80,125,Devbhoomi Dwarka,,,,2024,2025,,0,pending_actual_apy,0.0,17.936458333333334,26.06145833333333,0.0,17.936458333333334,26.06145833333333,30.9,0,2111.9,2111.9,0.741017543859649,,,,,,,,,,,0.0,2111.9,,0.667205568343874,0.207148998863766,0.5370890299479166,153.39161512586804,83.38302031017486,45.36198009006561,63.0,1.0,auxiliary_external_image_dataset
GUJ_DEVBHOOMI_DWARKA_2024_2025,wheat,Rabi,grain_filling_initial,grain_filling_initial,2025-02-23,2025-03-05,95,105,6,7,95,125,Devbhoomi Dwarka,,,,2024,2025,,0,pending_actual_apy,0.0,18.245283018867926,26.451886792452825,0.0,18.245283018867926,26.451886792452825,31.6,0,2368.95,2368.95,0.752047619047619,,,,,,,,,,,0.0,2368.95,,0.64207763671875,0.2100675723866411,0.538883518528294,155.23204857078758,96.45987870499894,40.98217857979439,185.0,1.0,auxiliary_external_image_dataset
GUJ_DEVBHOOMI_DWARKA_2024_2025,wheat,Rabi,grain_filling,grain_filling,2025-03-05,2025-03-15,105,115,7,8,105,125,Devbhoomi Dwarka,,,,2024,2025,,0,pending_actual_apy,0.0,18.54655172413793,27.031896551724135,0.0,18.54655172413793,27.031896551724135,35.5,8,2643.55,2643.55,0.7662463768115941,,,,,,,,,,,0.0,2643.55,,0.0612841694294905,0.0121212011134459,0.035730185628939,174.61391897762522,91.87537351976924,38.60734619813807,238.0,1.0,auxiliary_external_image_dataset
GUJ_DEVBHOOMI_DWARKA_2024_2025,wheat,Rabi,maturity_preharvest,maturity_preharvest,2025-03-15,2025-03-25,115,130,8,9,115,125,Devbhoomi Dwarka,,,,2024,2025,,0,pending_actual_apy,0.0,18.9,27.427777777777777,0.0,18.9,27.427777777777777,35.5,13,2918.649999999999,2918.649999999999,0.7783066666666665,,,,,,,,,,,0.0,2918.649999999999,,0.0008408979936079,2.9083789590208285e-07,8.322975852272727e-07,168.71288785067472,58.12083906693892,40.56065226468173,55.0,1.0,auxiliary_external_image_dataset
GUJ_GANDHINAGAR_2024_2025,wheat,Rabi,sowing,sowing,2024-11-20,2024-11-30,0,10,0,1,0,125,Gandhinagar,23.2156,72.6369,,2024,2025,,0,pending_actual_apy,0.0,15.681818181818182,28.45454545454545,0.0,15.681818181818182,28.45454545454545,29.4,0,242.75,242.75,0.8091666666666667,,,,,,,,,,,0.0,242.75,,,,,,,,,,
GUJ_GANDHINAGAR_2024_2025,wheat,Rabi,early_vegetative,early_vegetative,2024-11-30,2024-12-10,10,20,1,2,10,125,Gandhinagar,23.2156,72.6369,,2024,2025,,0,pending_actual_apy,0.0,15.671428571428573,28.285714285714285,0.0,15.671428571428573,28.285714285714285,30.1,0,461.55,461.55,0.76925,,,,,,,,,,,0.0,461.55,,0.880794324372944,0.3849419227053033,0.837755705180921,137.38434640984786,174.4864686664782,48.70969892802992,19.0,1.0,auxiliary_external_image_dataset
GUJ_GANDHINAGAR_2024_2025,wheat,Rabi,tillering,tillering,2024-12-10,2024-12-30,20,40,2,3,20,125,Gandhinagar,23.2156,72.6369,,2024,2025,,0,pending_actual_apy,0.7999999999999999,15.048780487804876,27.629268292682926,0.7999999999999999,15.048780487804876,27.629268292682926,30.1,0,874.8999999999999,874.8999999999999,0.7290833333333332,,,,,,,,,,,0.7999999999999999,874.8999999999999,,,,,,,,,,
GUJ_GANDHINAGAR_2024_2025,wheat,Rabi,stem_elongation,stem_elongation,2024-12-30,2025-01-19,40,60,3,4,40,125,Gandhinagar,23.2156,72.6369,,2024,2025,,0,pending_actual_apy,0.8999999999999999,14.647540983606556,27.42131147540984,0.8999999999999999,14.647540983606556,27.42131147540984,30.1,0,1283.0999999999997,1283.0999999999997,0.7128333333333332,,,,,,,,,,,0.8999999999999999,1283.0999999999997,,,,,,,,,,
GUJ_GANDHINAGAR_2024_2025,wheat,Rabi,booting_heading,booting_heading,2025-01-19,2025-02-08,60,80,4,5,60,125,Gandhinagar,23.2156,72.6369,,2024,2025,,0,pending_actual_apy,0.8999999999999999,14.648148148148143,27.75185185185185,0.8999999999999999,14.648148148148143,27.75185185185185,30.3,0,1717.1999999999998,1717.1999999999998,0.7154999999999999,,,,,,,,,,,0.8999999999999999,1717.1999999999998,,,,,,,,,,
GUJ_GANDHINAGAR_2024_2025,wheat,Rabi,flowering,flowering,2025-02-08,2025-02-23,80,95,5,6,80,125,Gandhinagar,23.2156,72.6369,,2024,2025,,0,pending_actual_apy,0.8999999999999999,14.986458333333331,28.33333333333333,0.8999999999999999,14.986458333333331,28.33333333333333,32.7,6,2079.35,2079.35,0.7295964912280701,,,,,,,,,,,0.8999999999999999,2079.35,,0.667205568343874,0.207148998863766,0.5370890299479166,153.39161512586804,83.38302031017486,45.36198009006561,63.0,1.0,auxiliary_external_image_dataset
GUJ_GANDHINAGAR_2024_2025,wheat,Rabi,grain_filling_initial,grain_filling_initial,2025-02-23,2025-03-05,95,105,6,7,95,125,Gandhinagar,23.2156,72.6369,,2024,2025,,0,pending_actual_apy,0.8999999999999999,15.449999999999998,28.81132075471698,0.8999999999999999,15.449999999999998,28.81132075471698,35.2,15,2345.85,2345.85,0.7447142857142857,,,,,,,,,,,0.8999999999999999,2345.85,,0.64207763671875,0.2100675723866411,0.538883518528294,155.23204857078758,96.45987870499894,40.98217857979439,185.0,1.0,auxiliary_external_image_dataset
GUJ_GANDHINAGAR_2024_2025,wheat,Rabi,grain_filling,grain_filling,2025-03-05,2025-03-15,105,115,7,8,105,125,Gandhinagar,23.2156,72.6369,,2024,2025,,0,pending_actual_apy,0.8999999999999999,15.844827586206897,29.483620689655176,0.8999999999999999,15.844827586206897,29.483620689655176,38.4,25,2629.05,2629.05,0.7620434782608696,,,,,,,,,,,0.8999999999999999,2629.05,,0.0612841694294905,0.0121212011134459,0.035730185628939,174.61391897762522,91.87537351976924,38.60734619813807,238.0,1.0,auxiliary_external_image_dataset
GUJ_GANDHINAGAR_2024_2025,wheat,Rabi,maturity_preharvest,maturity_preharvest,2025-03-15,2025-03-25,115,130,8,9,115,125,Gandhinagar,23.2156,72.6369,,2024,2025,,0,pending_actual_apy,0.8999999999999999,16.219841269841268,30.00555555555555,0.8999999999999999,16.219841269841268,30.00555555555555,38.4,35,2912.2,2912.2,0.7765866666666665,,,,,,,,,,,0.8999999999999999,2912.2,,0.0008408979936079,2.9083789590208285e-07,8.322975852272727e-07,168.71288785067472,58.12083906693892,40.56065226468173,55.0,1.0,auxiliary_external_image_dataset
GUJ_GIR_SOMNATH_2024_2025,wheat,Rabi,sowing,sowing,2024-11-20,2024-11-30,0,10,0,1,0,125,Gir Somnath,,,,2024,2025,,0,pending_actual_apy,0.0,20.01818181818182,30.363636363636363,0.0,20.01818181818182,30.363636363636363,31.5,0,277.1,277.1,0.9236666666666667,,,,,,,,,,,0.0,277.1,,,,,,,,,,
GUJ_GIR_SOMNATH_2024_2025,wheat,Rabi,early_vegetative,early_vegetative,2024-11-30,2024-12-10,10,20,1,2,10,125,Gir Somnath,,,,2024,2025,,0,pending_actual_apy,0.1,19.81904761904762,30.20952380952381,0.1,19.81904761904762,30.20952380952381,32.7,2,525.3,525.3,0.8755,,,,,,,,,,,0.1,525.3,,0.880794324372944,0.3849419227053033,0.837755705180921,137.38434640984786,174.4864686664782,48.70969892802992,19.0,1.0,auxiliary_external_image_dataset
GUJ_GIR_SOMNATH_2024_2025,wheat,Rabi,tillering,tillering,2024-12-10,2024-12-30,20,40,2,3,20,125,Gir Somnath,,,,2024,2025,,0,pending_actual_apy,0.1,18.058536585365854,28.77560975609756,0.1,18.058536585365854,28.77560975609756,32.7,2,960.1,960.1,0.8000833333333333,,,,,,,,,,,0.1,960.1,,,,,,,,,,
GUJ_GIR_SOMNATH_2024_2025,wheat,Rabi,stem_elongation,stem_elongation,2024-12-30,2025-01-19,40,60,3,4,40,125,Gir Somnath,,,,2024,2025,,0,pending_actual_apy,0.1,17.52459016393443,28.31803278688525,0.1,17.52459016393443,28.31803278688525,32.7,2,1398.1999999999998,1398.1999999999998,0.7767777777777777,,,,,,,,,,,0.1,1398.1999999999998,,,,,,,,,,
GUJ_GIR_SOMNATH_2024_2025,wheat,Rabi,booting_heading,booting_heading,2025-01-19,2025-02-08,60,80,4,5,60,125,Gir Somnath,,,,2024,2025,,0,pending_actual_apy,0.1,17.446913580246914,28.25925925925926,0.1,17.446913580246914,28.25925925925926,32.7,2,1851.1,1851.1,0.7712916666666666,,,,,,,,,,,0.1,1851.1,,,,,,,,,,
GUJ_GIR_SOMNATH_2024_2025,wheat,Rabi,flowering,flowering,2025-02-08,2025-02-23,80,95,5,6,80,125,Gir Somnath,,,,2024,2025,,0,pending_actual_apy,0.1,17.758333333333336,28.792708333333337,0.1,17.758333333333336,28.792708333333337,34.3,10,2234.45,2234.45,0.7840175438596491,,,,,,,,,,,0.1,2234.45,,0.667205568343874,0.207148998863766,0.5370890299479166,153.39161512586804,83.38302031017486,45.36198009006561,63.0,1.0,auxiliary_external_image_dataset
GUJ_GIR_SOMNATH_2024_2025,wheat,Rabi,grain_filling_initial,grain_filling_initial,2025-02-23,2025-03-05,95,105,6,7,95,125,Gir Somnath,,,,2024,2025,,0,pending_actual_apy,0.1,18.05,29.19716981132076,0.1,18.05,29.19716981132076,34.5,18,2504.1,2504.1,0.794952380952381,,,,,,,,,,,0.1,2504.1,,0.64207763671875,0.2100675723866411,0.538883518528294,155.23204857078758,96.45987870499894,40.98217857979439,185.0,1.0,auxiliary_external_image_dataset
GUJ_GIR_SOMNATH_2024_2025,wheat,Rabi,grain_filling,grain_filling,2025-03-05,2025-03-15,105,115,7,8,105,125,Gir Somnath,,,,2024,2025,,0,pending_actual_apy,0.1,18.41379310344828,29.672413793103456,0.1,18.41379310344828,29.672413793103456,37.8,27,2789.0000000000005,2789.0000000000005,0.8084057971014494,,,,,,,,,,,0.1,2789.0000000000005,,0.0612841694294905,0.0121212011134459,0.035730185628939,174.61391897762522,91.87537351976924,38.60734619813807,238.0,1.0,auxiliary_external_image_dataset
GUJ_GIR_SOMNATH_2024_2025,wheat,Rabi,maturity_preharvest,maturity_preharvest,2025-03-15,2025-03-25,115,130,8,9,115,125,Gir Somnath,,,,2024,2025,,0,pending_actual_apy,0.1,18.69761904761905,30.022222222222226,0.1,18.69761904761905,30.022222222222226,37.8,37,3069.350000000001,3069.350000000001,0.8184933333333335,,,,,,,,,,,0.1,3069.350000000001,,0.0008408979936079,2.9083789590208285e-07,8.322975852272727e-07,168.71288785067472,58.12083906693892,40.56065226468173,55.0,1.0,auxiliary_external_image_dataset
GUJ_JAMNAGAR_2024_2025,wheat,Rabi,sowing,sowing,2024-11-20,2024-11-30,0,10,0,1,0,125,Jamnagar,22.4707,70.0577,,2024,2025,,0,pending_actual_apy,0.0,16.209090909090907,29.663636363636364,0.0,16.209090909090907,29.663636363636364,30.8,0,252.3,252.3,0.841,,,,,,,,,,,0.0,252.3,,,,,,,,,,
GUJ_JAMNAGAR_2024_2025,wheat,Rabi,early_vegetative,early_vegetative,2024-11-30,2024-12-10,10,20,1,2,10,125,Jamnagar,22.4707,70.0577,,2024,2025,,0,pending_actual_apy,0.0,16.642857142857146,28.842857142857145,0.0,16.642857142857146,28.842857142857145,30.8,0,477.6,477.6,0.796,,,,,,,,,,,0.0,477.6,,0.880794324372944,0.3849419227053033,0.837755705180921,137.38434640984786,174.4864686664782,48.70969892802992,19.0,1.0,auxiliary_external_image_dataset
GUJ_JAMNAGAR_2024_2025,wheat,Rabi,tillering,tillering,2024-12-10,2024-12-30,20,40,2,3,20,125,Jamnagar,22.4707,70.0577,,2024,2025,,0,pending_actual_apy,0.0,15.39512195121951,26.865853658536587,0.0,15.39512195121951,26.865853658536587,30.8,0,866.35,866.35,0.7219583333333334,,,,,,,,,,,0.0,866.35,,,,,,,,,,
GUJ_JAMNAGAR_2024_2025,wheat,Rabi,stem_elongation,stem_elongation,2024-12-30,2025-01-19,40,60,3,4,40,125,Jamnagar,22.4707,70.0577,,2024,2025,,0,pending_actual_apy,0.0,14.924590163934424,26.596721311475413,0.0,14.924590163934424,26.596721311475413,30.8,0,1266.4,1266.4,0.7035555555555556,,,,,,,,,,,0.0,1266.4,,,,,,,,,,
GUJ_JAMNAGAR_2024_2025,wheat,Rabi,booting_heading,booting_heading,2025-01-19,2025-02-08,60,80,4,5,60,125,Jamnagar,22.4707,70.0577,,2024,2025,,0,pending_actual_apy,0.0,15.041975308641977,26.9283950617284,0.0,15.041975308641977,26.9283950617284,31.4,0,1699.8,1699.8,0.7082499999999999,,,,,,,,,,,0.0,1699.8,,,,,,,,,,
GUJ_JAMNAGAR_2024_2025,wheat,Rabi,flowering,flowering,2025-02-08,2025-02-23,80,95,5,6,80,125,Jamnagar,22.4707,70.0577,,2024,2025,,0,pending_actual_apy,0.0,15.563541666666666,27.734375,0.0,15.563541666666666,27.734375,34.1,10,2078.3,2078.3,0.7292280701754387,,,,,,,,,,,0.0,2078.3,,0.667205568343874,0.207148998863766,0.5370890299479166,153.39161512586804,83.38302031017486,45.36198009006561,63.0,1.0,auxiliary_external_image_dataset
GUJ_JAMNAGAR_2024_2025,wheat,Rabi,grain_filling_initial,grain_filling_initial,2025-02-23,2025-03-05,95,105,6,7,95,125,Jamnagar,22.4707,70.0577,,2024,2025,,0,pending_actual_apy,0.0,15.947169811320755,28.2122641509434,0.0,15.947169811320755,28.2122641509434,36.0,15,2340.45,2340.45,0.743,,,,,,,,,,,0.0,2340.45,,0.64207763671875,0.2100675723866411,0.538883518528294,155.23204857078758,96.45987870499894,40.98217857979439,185.0,1.0,auxiliary_external_image_dataset
GUJ_JAMNAGAR_2024_2025,wheat,Rabi,grain_filling,grain_filling,2025-03-05,2025-03-15,105,115,7,8,105,125,Jamnagar,22.4707,70.0577,,2024,2025,,0,pending_actual_apy,0.0,16.306034482758623,28.89913793103448,0.0,16.306034482758623,28.89913793103448,39.3,25,2621.9,2621.9,0.7599710144927536,,,,,,,,,,,0.0,2621.9,,0.0612841694294905,0.0121212011134459,0.035730185628939,174.61391897762522,91.87537351976924,38.60734619813807,238.0,1.0,auxiliary_external_image_dataset
GUJ_JAMNAGAR_2024_2025,wheat,Rabi,maturity_preharvest,maturity_preharvest,2025-03-15,2025-03-25,115,130,8,9,115,125,Jamnagar,22.4707,70.0577,,2024,2025,,0,pending_actual_apy,0.0,16.712698412698415,29.384126984126983,0.0,16.712698412698415,29.384126984126983,39.3,35,2904.0999999999995,2904.0999999999995,0.7744266666666665,,,,,,,,,,,0.0,2904.0999999999995,,0.0008408979936079,2.9083789590208285e-07,8.322975852272727e-07,168.71288785067472,58.12083906693892,40.56065226468173,55.0,1.0,auxiliary_external_image_dataset
GUJ_JUNAGADH_2024_2025,wheat,Rabi,sowing,sowing,2024-11-20,2024-11-30,0,10,0,1,0,125,Junagadh,21.5222,70.4579,,2024,2025,,0,pending_actual_apy,0.0,18.827272727272728,29.281818181818178,0.0,18.827272727272728,29.281818181818178,30.2,0,264.6,264.6,0.8819999999999999,,,,,,,,,,,0.0,264.6,,,,,,,,,,
GUJ_JUNAGADH_2024_2025,wheat,Rabi,early_vegetative,early_vegetative,2024-11-30,2024-12-10,10,20,1,2,10,125,Junagadh,21.5222,70.4579,,2024,2025,,0,pending_actual_apy,0.0,18.35714285714285,29.142857142857142,0.0,18.35714285714285,29.142857142857142,31.6,0,498.75000000000006,498.75000000000006,0.83125,,,,,,,,,,,0.0,498.75000000000006,,0.880794324372944,0.3849419227053033,0.837755705180921,137.38434640984786,174.4864686664782,48.70969892802992,19.0,1.0,auxiliary_external_image_dataset
GUJ_JUNAGADH_2024_2025,wheat,Rabi,tillering,tillering,2024-12-10,2024-12-30,20,40,2,3,20,125,Junagadh,21.5222,70.4579,,2024,2025,,0,pending_actual_apy,0.0,16.265853658536585,27.77317073170732,0.0,16.265853658536585,27.77317073170732,31.6,0,902.8,902.8,0.7523333333333333,,,,,,,,,,,0.0,902.8,,,,,,,,,,
GUJ_JUNAGADH_2024_2025,wheat,Rabi,stem_elongation,stem_elongation,2024-12-30,2025-01-19,40,60,3,4,40,125,Junagadh,21.5222,70.4579,,2024,2025,,0,pending_actual_apy,0.0,15.808196721311475,27.62295081967213,0.0,15.808196721311475,27.62295081967213,31.6,0,1324.65,1324.65,0.7359166666666666,,,,,,,,,,,0.0,1324.65,,,,,,,,,,
GUJ_JUNAGADH_2024_2025,wheat,Rabi,booting_heading,booting_heading,2025-01-19,2025-02-08,60,80,4,5,60,125,Junagadh,21.5222,70.4579,,2024,2025,,0,pending_actual_apy,0.1,15.84567901234568,27.634567901234565,0.1,15.84567901234568,27.634567901234565,31.6,0,1760.9499999999998,1760.9499999999998,0.7337291666666665,,,,,,,,,,,0.1,1760.9499999999998,,,,,,,,,,
GUJ_JUNAGADH_2024_2025,wheat,Rabi,flowering,flowering,2025-02-08,2025-02-23,80,95,5,6,80,125,Junagadh,21.5222,70.4579,,2024,2025,,0,pending_actual_apy,0.1,16.296875,28.26458333333333,0.1,16.296875,28.26458333333333,33.2,8,2138.95,2138.95,0.7505087719298245,,,,,,,,,,,0.1,2138.95,,0.667205568343874,0.207148998863766,0.5370890299479166,153.39161512586804,83.38302031017486,45.36198009006561,63.0,1.0,auxiliary_external_image_dataset
GUJ_JUNAGADH_2024_2025,wheat,Rabi,grain_filling_initial,grain_filling_initial,2025-02-23,2025-03-05,95,105,6,7,95,125,Junagadh,21.5222,70.4579,,2024,2025,,0,pending_actual_apy,0.1,16.67924528301887,28.76698113207547,0.1,16.67924528301887,28.76698113207547,36.0,17,2408.6500000000005,2408.6500000000005,0.7646507936507938,,,,,,,,,,,0.1,2408.6500000000005,,0.64207763671875,0.2100675723866411,0.538883518528294,155.23204857078758,96.45987870499894,40.98217857979439,185.0,1.0,auxiliary_external_image_dataset
GUJ_JUNAGADH_2024_2025,wheat,Rabi,grain_filling,grain_filling,2025-03-05,2025-03-15,105,115,7,8,105,125,Junagadh,21.5222,70.4579,,2024,2025,,0,pending_actual_apy,0.1,17.151724137931033,29.48706896551724,0.1,17.151724137931033,29.48706896551724,40.0,27,2705.05,2705.05,0.7840724637681159,,,,,,,,,,,0.1,2705.05,,0.0612841694294905,0.0121212011134459,0.035730185628939,174.61391897762522,91.87537351976924,38.60734619813807,238.0,1.0,auxiliary_external_image_dataset
GUJ_JUNAGADH_2024_2025,wheat,Rabi,maturity_preharvest,maturity_preharvest,2025-03-15,2025-03-25,115,130,8,9,115,125,Junagadh,21.5222,70.4579,,2024,2025,,0,pending_actual_apy,0.1,17.456349206349206,29.987301587301587,0.1,17.456349206349206,29.987301587301587,40.0,37,2988.9500000000003,2988.9500000000003,0.7970533333333334,,,,,,,,,,,0.1,2988.9500000000003,,0.0008408979936079,2.9083789590208285e-07,8.322975852272727e-07,168.71288785067472,58.12083906693892,40.56065226468173,55.0,1.0,auxiliary_external_image_dataset
GUJ_KACHCHH_2024_2025,wheat,Rabi,sowing,sowing,2024-11-20,2024-11-30,0,10,0,1,0,125,Kachchh,,,,2024,2025,,0,pending_actual_apy,0.0,16.736363636363635,29.0,0.0,16.736363636363635,29.0,30.7,0,251.55,251.55,0.8384999999999999,,,,,,,,,,,0.0,251.55,,,,,,,,,,
GUJ_KACHCHH_2024_2025,wheat,Rabi,early_vegetative,early_vegetative,2024-11-30,2024-12-10,10,20,1,2,10,125,Kachchh,,,,2024,2025,,0,pending_actual_apy,0.0,15.78571428571428,27.93333333333333,0.0,15.78571428571428,27.93333333333333,30.7,0,459.05,459.05,0.7650833333333333,,,,,,,,,,,0.0,459.05,,0.880794324372944,0.3849419227053033,0.837755705180921,137.38434640984786,174.4864686664782,48.70969892802992,19.0,1.0,auxiliary_external_image_dataset
GUJ_KACHCHH_2024_2025,wheat,Rabi,tillering,tillering,2024-12-10,2024-12-30,20,40,2,3,20,125,Kachchh,,,,2024,2025,,0,pending_actual_apy,0.0,13.709756097560971,25.95609756097561,0.0,13.709756097560971,25.95609756097561,30.7,0,813.1500000000001,813.1500000000001,0.677625,,,,,,,,,,,0.0,813.1500000000001,,,,,,,,,,
GUJ_KACHCHH_2024_2025,wheat,Rabi,stem_elongation,stem_elongation,2024-12-30,2025-01-19,40,60,3,4,40,125,Kachchh,,,,2024,2025,,0,pending_actual_apy,0.0,13.047540983606558,25.55901639344262,0.0,13.047540983606558,25.55901639344262,30.7,0,1177.5,1177.5,0.6541666666666667,,,,,,,,,,,0.0,1177.5,,,,,,,,,,
GUJ_KACHCHH_2024_2025,wheat,Rabi,booting_heading,booting_heading,2025-01-19,2025-02-08,60,80,4,5,60,125,Kachchh,,,,2024,2025,,0,pending_actual_apy,0.0,13.139506172839509,25.90987654320988,0.0,13.139506172839509,25.90987654320988,30.7,0,1581.5,1581.5,0.6589583333333333,,,,,,,,,,,0.0,1581.5,,,,,,,,,,
GUJ_KACHCHH_2024_2025,wheat,Rabi,flowering,flowering,2025-02-08,2025-02-23,80,95,5,6,80,125,Kachchh,,,,2024,2025,,0,pending_actual_apy,0.0,13.852083333333333,26.87395833333333,0.0,13.852083333333333,26.87395833333333,33.8,10,1954.85,1954.85,0.6859122807017544,,,,,,,,,,,0.0,1954.85,,0.667205568343874,0.207148998863766,0.5370890299479166,153.39161512586804,83.38302031017486,45.36198009006561,63.0,1.0,auxiliary_external_image_dataset
GUJ_KACHCHH_2024_2025,wheat,Rabi,grain_filling_initial,grain_filling_initial,2025-02-23,2025-03-05,95,105,6,7,95,125,Kachchh,,,,2024,2025,,0,pending_actual_apy,0.0,14.342452830188678,27.423584905660377,0.0,14.342452830188678,27.423584905660377,34.4,17,2213.5999999999995,2213.5999999999995,0.7027301587301585,,,,,,,,,,,0.0,2213.5999999999995,,0.64207763671875,0.2100675723866411,0.538883518528294,155.23204857078758,96.45987870499894,40.98217857979439,185.0,1.0,auxiliary_external_image_dataset
GUJ_KACHCHH_2024_2025,wheat,Rabi,grain_filling,grain_filling,2025-03-05,2025-03-15,105,115,7,8,105,125,Kachchh,,,,2024,2025,,0,pending_actual_apy,0.0,14.86379310344828,28.257758620689653,0.0,14.86379310344828,28.257758620689653,39.1,27,2501.05,2501.05,0.7249420289855073,,,,,,,,,,,0.0,2501.05,,0.0612841694294905,0.0121212011134459,0.035730185628939,174.61391897762522,91.87537351976924,38.60734619813807,238.0,1.0,auxiliary_external_image_dataset
GUJ_KACHCHH_2024_2025,wheat,Rabi,maturity_preharvest,maturity_preharvest,2025-03-15,2025-03-25,115,130,8,9,115,125,Kachchh,,,,2024,2025,,0,pending_actual_apy,0.0,15.35952380952381,28.83095238095237,0.0,15.35952380952381,28.83095238095237,39.1,37,2784.0,2784.0,0.7424,,,,,,,,,,,0.0,2784.0,,0.0008408979936079,2.9083789590208285e-07,8.322975852272727e-07,168.71288785067472,58.12083906693892,40.56065226468173,55.0,1.0,auxiliary_external_image_dataset
GUJ_KHEDA_2024_2025,wheat,Rabi,sowing,sowing,2024-11-20,2024-11-30,0,10,0,1,0,125,Kheda,22.75,72.7,,2024,2025,,0,pending_actual_apy,0.0,15.509090909090911,28.43636363636364,0.0,15.509090909090911,28.43636363636364,29.3,0,241.7,241.7,0.8056666666666668,,,,,,,,,,,0.0,241.7,,,,,,,,,,
GUJ_KHEDA_2024_2025,wheat,Rabi,early_vegetative,early_vegetative,2024-11-30,2024-12-10,10,20,1,2,10,125,Kheda,22.75,72.7,,2024,2025,,0,pending_actual_apy,0.0,15.7,28.185714285714283,0.0,15.7,28.185714285714283,30.0,0,460.8,460.8,0.7679999999999999,,,,,,,,,,,0.0,460.8,,0.880794324372944,0.3849419227053033,0.837755705180921,137.38434640984786,174.4864686664782,48.70969892802992,19.0,1.0,auxiliary_external_image_dataset
GUJ_KHEDA_2024_2025,wheat,Rabi,tillering,tillering,2024-12-10,2024-12-30,20,40,2,3,20,125,Kheda,22.75,72.7,,2024,2025,,0,pending_actual_apy,0.1,14.960975609756098,27.51463414634146,0.1,14.960975609756098,27.51463414634146,30.0,0,870.7500000000001,870.7500000000001,0.7256250000000001,,,,,,,,,,,0.1,870.7500000000001,,,,,,,,,,
GUJ_KHEDA_2024_2025,wheat,Rabi,stem_elongation,stem_elongation,2024-12-30,2025-01-19,40,60,3,4,40,125,Kheda,22.75,72.7,,2024,2025,,0,pending_actual_apy,0.1,14.62622950819672,27.28688524590164,0.1,14.62622950819672,27.28688524590164,30.0,0,1278.35,1278.35,0.7101944444444444,,,,,,,,,,,0.1,1278.35,,,,,,,,,,
GUJ_KHEDA_2024_2025,wheat,Rabi,booting_heading,booting_heading,2025-01-19,2025-02-08,60,80,4,5,60,125,Kheda,22.75,72.7,,2024,2025,,0,pending_actual_apy,0.1,14.593827160493824,27.396296296296292,0.1,14.593827160493824,27.396296296296292,30.0,0,1700.6,1700.6,0.7085833333333333,,,,,,,,,,,0.1,1700.6,,,,,,,,,,
GUJ_KHEDA_2024_2025,wheat,Rabi,flowering,flowering,2025-02-08,2025-02-23,80,95,5,6,80,125,Kheda,22.75,72.7,,2024,2025,,0,pending_actual_apy,0.1,14.870833333333332,27.875,0.1,14.870833333333332,27.875,32.3,2,2051.8,2051.8,0.7199298245614035,,,,,,,,,,,0.1,2051.8,,0.667205568343874,0.207148998863766,0.5370890299479166,153.39161512586804,83.38302031017486,45.36198009006561,63.0,1.0,auxiliary_external_image_dataset
GUJ_KHEDA_2024_2025,wheat,Rabi,grain_filling_initial,grain_filling_initial,2025-02-23,2025-03-05,95,105,6,7,95,125,Kheda,22.75,72.7,,2024,2025,,0,pending_actual_apy,0.1,15.318867924528304,28.353773584905657,0.1,15.318867924528304,28.353773584905657,34.4,11,2314.6500000000005,2314.6500000000005,0.734809523809524,,,,,,,,,,,0.1,2314.6500000000005,,0.64207763671875,0.2100675723866411,0.538883518528294,155.23204857078758,96.45987870499894,40.98217857979439,185.0,1.0,auxiliary_external_image_dataset
GUJ_KHEDA_2024_2025,wheat,Rabi,grain_filling,grain_filling,2025-03-05,2025-03-15,105,115,7,8,105,125,Kheda,22.75,72.7,,2024,2025,,0,pending_actual_apy,0.1,15.697413793103449,29.055172413793105,0.1,15.697413793103449,29.055172413793105,38.8,21,2595.65,2595.65,0.7523623188405797,,,,,,,,,,,0.1,2595.65,,0.0612841694294905,0.0121212011134459,0.035730185628939,174.61391897762522,91.87537351976924,38.60734619813807,238.0,1.0,auxiliary_external_image_dataset
GUJ_KHEDA_2024_2025,wheat,Rabi,maturity_preharvest,maturity_preharvest,2025-03-15,2025-03-25,115,130,8,9,115,125,Kheda,22.75,72.7,,2024,2025,,0,pending_actual_apy,0.1,16.10079365079365,29.64206349206349,0.1,16.10079365079365,29.64206349206349,38.8,31,2881.8000000000006,2881.8000000000006,0.7684800000000002,,,,,,,,,,,0.1,2881.8000000000006,,0.0008408979936079,2.9083789590208285e-07,8.322975852272727e-07,168.71288785067472,58.12083906693892,40.56065226468173,55.0,1.0,auxiliary_external_image_dataset
GUJ_MAHISAGAR_2024_2025,wheat,Rabi,sowing,sowing,2024-11-20,2024-11-30,0,10,0,1,0,125,Mahisagar,,,,2024,2025,,0,pending_actual_apy,0.0,17.12727272727273,29.963636363636365,0.0,17.12727272727273,29.963636363636365,31.0,0,259.0,259.0,0.8633333333333333,,,,,,,,,,,0.0,259.0,,,,,,,,,,
GUJ_MAHISAGAR_2024_2025,wheat,Rabi,early_vegetative,early_vegetative,2024-11-30,2024-12-10,10,20,1,2,10,125,Mahisagar,,,,2024,2025,,0,pending_actual_apy,0.0,16.985714285714288,29.75238095238096,0.0,16.985714285714288,29.75238095238096,32.1,2,490.75000000000006,490.75000000000006,0.8179166666666667,,,,,,,,,,,0.0,490.75000000000006,,0.880794324372944,0.3849419227053033,0.837755705180921,137.38434640984786,174.4864686664782,48.70969892802992,19.0,1.0,auxiliary_external_image_dataset
GUJ_MAHISAGAR_2024_2025,wheat,Rabi,tillering,tillering,2024-12-10,2024-12-30,20,40,2,3,20,125,Mahisagar,,,,2024,2025,,0,pending_actual_apy,4.4,16.302439024390246,29.10975609756097,4.4,16.302439024390246,29.10975609756097,32.1,2,930.95,930.95,0.7757916666666667,,,,,,,,,,,4.4,930.95,,,,,,,,,,
GUJ_MAHISAGAR_2024_2025,wheat,Rabi,stem_elongation,stem_elongation,2024-12-30,2025-01-19,40,60,3,4,40,125,Mahisagar,,,,2024,2025,,0,pending_actual_apy,4.7,15.855737704918033,28.75245901639345,4.7,15.855737704918033,28.75245901639345,32.1,2,1360.55,1360.55,0.7558611111111111,,,,,,,,,,,4.7,1360.55,,,,,,,,,,
GUJ_MAHISAGAR_2024_2025,wheat,Rabi,booting_heading,booting_heading,2025-01-19,2025-02-08,60,80,4,5,60,125,Mahisagar,,,,2024,2025,,0,pending_actual_apy,4.7,15.84567901234568,28.922222222222224,4.7,15.84567901234568,28.922222222222224,32.1,2,1813.1,1813.1,0.7554583333333333,,,,,,,,,,,4.7,1813.1,,,,,,,,,,
GUJ_MAHISAGAR_2024_2025,wheat,Rabi,flowering,flowering,2025-02-08,2025-02-23,80,95,5,6,80,125,Mahisagar,,,,2024,2025,,0,pending_actual_apy,4.7,16.114583333333332,29.42708333333333,4.7,16.114583333333332,29.42708333333333,33.8,13,2186.0,2186.0,0.7670175438596492,,,,,,,,,,,4.7,2186.0,,0.667205568343874,0.207148998863766,0.5370890299479166,153.39161512586804,83.38302031017486,45.36198009006561,63.0,1.0,auxiliary_external_image_dataset
GUJ_MAHISAGAR_2024_2025,wheat,Rabi,grain_filling_initial,grain_filling_initial,2025-02-23,2025-03-05,95,105,6,7,95,125,Mahisagar,,,,2024,2025,,0,pending_actual_apy,4.7,16.531132075471696,29.88679245283019,4.7,16.531132075471696,29.88679245283019,36.7,22,2460.15,2460.15,0.781,,,,,,,,,,,4.7,2460.15,,0.64207763671875,0.2100675723866411,0.538883518528294,155.23204857078758,96.45987870499894,40.98217857979439,185.0,1.0,auxiliary_external_image_dataset
GUJ_MAHISAGAR_2024_2025,wheat,Rabi,grain_filling,grain_filling,2025-03-05,2025-03-15,105,115,7,8,105,125,Mahisagar,,,,2024,2025,,0,pending_actual_apy,4.7,16.912931034482757,30.518965517241373,4.7,16.912931034482757,30.518965517241373,39.8,32,2751.05,2751.05,0.7974057971014492,,,,,,,,,,,4.7,2751.05,,0.0612841694294905,0.0121212011134459,0.035730185628939,174.61391897762522,91.87537351976924,38.60734619813807,238.0,1.0,auxiliary_external_image_dataset
GUJ_MAHISAGAR_2024_2025,wheat,Rabi,maturity_preharvest,maturity_preharvest,2025-03-15,2025-03-25,115,130,8,9,115,125,Mahisagar,,,,2024,2025,,0,pending_actual_apy,4.7,17.257936507936503,31.023015873015872,4.7,17.257936507936503,31.023015873015872,39.8,42,3041.7,3041.7,0.8111199999999998,,,,,,,,,,,4.7,3041.7,,0.0008408979936079,2.9083789590208285e-07,8.322975852272727e-07,168.71288785067472,58.12083906693892,40.56065226468173,55.0,1.0,auxiliary_external_image_dataset
GUJ_MEHSANA_2024_2025,wheat,Rabi,sowing,sowing,2024-11-20,2024-11-30,0,10,0,1,0,125,Mehsana,23.588,72.3693,,2024,2025,,0,pending_actual_apy,0.0,15.654545454545454,28.45909090909091,0.0,15.654545454545454,28.45909090909091,29.35,0,242.625,242.625,0.80875,0.2170501756973948,0.2259144496526757,0.2347787236079567,0.0434100351394789,0.1619313901743592,0.1568204464381003,0.0323862780348718,0.4696682690627715,0.5301457998194314,0.0939336538125543,0.0,242.625,0.0434100351394789,,,,,,,,,
GUJ_MEHSANA_2024_2025,wheat,Rabi,early_vegetative,early_vegetative,2024-11-30,2024-12-10,10,20,1,2,10,125,Mehsana,23.588,72.3693,,2024,2025,,0,pending_actual_apy,0.0,15.633333333333336,28.28809523809524,0.0,15.633333333333336,28.28809523809524,30.15,0,461.175,461.175,0.768625,0.1925111269452791,0.2110502275481932,0.2347787236079567,0.0170615046345359,0.1578663590556657,0.1604445750872972,0.0139438937739428,0.3971308514215437,0.45710491563691,0.0343293606614552,0.0,461.175,0.0170615046345359,0.880794324372944,0.3849419227053033,0.837755705180921,137.38434640984786,174.4864686664782,48.70969892802992,19.0,1.0,auxiliary_external_image_dataset
GUJ_MEHSANA_2024_2025,wheat,Rabi,tillering,tillering,2024-12-10,2024-12-30,20,40,2,3,20,125,Mehsana,23.588,72.3693,,2024,2025,,0,pending_actual_apy,0.6,15.008536585365857,27.617073170731707,0.6,15.008536585365857,27.617073170731707,30.15,0,873.8249999999999,873.8249999999999,0.7281875,0.0947924116319965,0.1842148996096737,0.2347787236079567,0.0072941867934787,0.0449030757817652,0.1325492127292589,0.0050907807636993,1.0519869121486454,0.5194270520073213,0.0264978552333268,0.6,873.8249999999999,0.0072941867934787,,,,,,,,,
GUJ_MEHSANA_2024_2025,wheat,Rabi,stem_elongation,stem_elongation,2024-12-30,2025-01-19,40,60,3,4,40,125,Mehsana,23.588,72.3693,,2024,2025,,0,pending_actual_apy,0.75,14.609836065573772,27.398360655737708,0.75,14.609836065573772,27.398360655737708,30.15,0,1281.25,1281.25,0.7118055555555556,0.1624908351183887,0.1741469461397903,0.2347787236079567,0.0040524665018137,0.1355477607944259,0.1238499431212719,0.0028361471267581,0.3768863955067151,0.4546879048459404,0.0109614195628013,0.75,1281.25,0.0040524665018137,,,,,,,,,
GUJ_MEHSANA_2024_2025,wheat,Rabi,booting_heading,booting_heading,2025-01-19,2025-02-08,60,80,4,5,60,125,Mehsana,23.588,72.3693,,2024,2025,,0,pending_actual_apy,0.75,14.591358024691356,27.71481481481481,0.75,14.591358024691356,27.71481481481481,30.450000000000003,0,1713.4,1713.4,0.7139166666666668,0.1405546050468479,0.1676677935599388,0.2347787236079567,0.0029098315472502,0.1314874839355373,0.1211690641553123,0.0021230826012194,0.3079419071215934,0.4192016238081634,0.0071194891576849,0.75,1713.4,0.0029098315472502,,,,,,,,,
GUJ_MEHSANA_2024_2025,wheat,Rabi,flowering,flowering,2025-02-08,2025-02-23,80,95,5,6,80,125,Mehsana,23.588,72.3693,,2024,2025,,0,pending_actual_apy,0.75,14.934895833333334,28.315104166666668,0.75,14.934895833333334,28.315104166666668,32.75,7,2076.0,2076.0,0.728421052631579,0.0985151351688491,0.15999848971206,0.2347787236079567,0.0022828878157575,0.0698200018478302,0.1146648006096077,0.0016329484091628,0.2639279710258382,0.3980505838475145,0.0055599191744683,0.75,2076.0,0.0022828878157575,0.667205568343874,0.207148998863766,0.5370890299479166,153.39161512586804,83.38302031017486,45.36198009006561,63.0,1.0,auxiliary_external_image_dataset
GUJ_MEHSANA_2024_2025,wheat,Rabi,grain_filling_initial,grain_filling_initial,2025-02-23,2025-03-05,95,105,6,7,95,125,Mehsana,23.588,72.3693,,2024,2025,,0,pending_actual_apy,0.75,15.40047169811321,28.80188679245283,0.75,15.40047169811321,28.80188679245283,35.2,16,2342.7250000000004,2342.7250000000004,0.7437222222222223,0.1478084801133607,0.1552407297574366,0.2347787236079567,0.0019804003409228,0.0885246065063257,0.1096999892534604,0.0013738764501037,0.2894805838022333,0.3867294554359025,0.0048479646558397,0.75,2342.7250000000004,0.0019804003409228,0.64207763671875,0.2100675723866411,0.538883518528294,155.23204857078758,96.45987870499894,40.98217857979439,185.0,1.0,auxiliary_external_image_dataset
GUJ_MEHSANA_2024_2025,wheat,Rabi,grain_filling,grain_filling,2025-03-05,2025-03-15,105,115,7,8,105,125,Mehsana,23.588,72.3693,,2024,2025,,0,pending_actual_apy,0.75,15.810344827586206,29.48793103448276,0.75,15.810344827586206,29.48793103448276,38.6,26,2627.3,2627.3,0.7615362318840581,0.1152921695358507,0.1521474001621136,0.2347787236079567,0.0017195962266902,0.0653874557864916,0.1058743298627009,0.0011589387450949,0.2338428662320693,0.3706390818532513,0.0040289692287796,0.75,2627.3,0.0017195962266902,0.0612841694294905,0.0121212011134459,0.035730185628939,174.61391897762522,91.87537351976924,38.60734619813807,238.0,1.0,auxiliary_external_image_dataset
GUJ_MEHSANA_2024_2025,wheat,Rabi,maturity_preharvest,maturity_preharvest,2025-03-15,2025-03-25,115,130,8,9,115,125,Mehsana,23.588,72.3693,,2024,2025,,0,pending_actual_apy,0.75,16.195238095238096,30.01825396825397,0.75,16.195238095238096,30.01825396825397,38.6,36,2911.4500000000003,2911.4500000000003,0.7763866666666668,0.1198247859378354,0.1501032517696812,0.2347787236079567,0.001586672303902,0.0604229951474699,0.102865474435216,0.0010392776256492,0.2261138627310959,0.3609869781827128,0.0036353590922673,0.75,2911.4500000000003,0.001586672303902,0.0008408979936079,2.9083789590208285e-07,8.322975852272727e-07,168.71288785067472,58.12083906693892,40.56065226468173,55.0,1.0,auxiliary_external_image_dataset
GUJ_MORBI_2024_2025,wheat,Rabi,sowing,sowing,2024-11-20,2024-11-30,0,10,0,1,0,125,Morbi,,,,2024,2025,,0,pending_actual_apy,0.0,17.1,29.99090909090909,0.0,17.1,29.99090909090909,31.0,0,259.0,259.0,0.8633333333333333,,,,,,,,,,,0.0,259.0,,,,,,,,,,
GUJ_MORBI_2024_2025,wheat,Rabi,early_vegetative,early_vegetative,2024-11-30,2024-12-10,10,20,1,2,10,125,Morbi,,,,2024,2025,,0,pending_actual_apy,0.0,16.43333333333333,29.27619047619048,0.0,16.43333333333333,29.27619047619048,31.0,0,479.95,479.95,0.7999166666666666,,,,,,,,,,,0.0,479.95,,0.880794324372944,0.3849419227053033,0.837755705180921,137.38434640984786,174.4864686664782,48.70969892802992,19.0,1.0,auxiliary_external_image_dataset
GUJ_MORBI_2024_2025,wheat,Rabi,tillering,tillering,2024-12-10,2024-12-30,20,40,2,3,20,125,Morbi,,,,2024,2025,,0,pending_actual_apy,0.0,14.41219512195122,27.64390243902439,0.0,14.41219512195122,27.64390243902439,31.0,0,862.1500000000001,862.1500000000001,0.7184583333333334,,,,,,,,,,,0.0,862.1500000000001,,,,,,,,,,
GUJ_MORBI_2024_2025,wheat,Rabi,stem_elongation,stem_elongation,2024-12-30,2025-01-19,40,60,3,4,40,125,Morbi,,,,2024,2025,,0,pending_actual_apy,0.0,13.929508196721311,27.50983606557377,0.0,13.929508196721311,27.50983606557377,31.4,0,1263.9,1263.9,0.7021666666666667,,,,,,,,,,,0.0,1263.9,,,,,,,,,,
GUJ_MORBI_2024_2025,wheat,Rabi,booting_heading,booting_heading,2025-01-19,2025-02-08,60,80,4,5,60,125,Morbi,,,,2024,2025,,0,pending_actual_apy,0.0,14.00246913580247,27.66543209876543,0.0,14.00246913580247,27.66543209876543,31.4,0,1687.5500000000002,1687.5500000000002,0.7031458333333334,,,,,,,,,,,0.0,1687.5500000000002,,,,,,,,,,
GUJ_MORBI_2024_2025,wheat,Rabi,flowering,flowering,2025-02-08,2025-02-23,80,95,5,6,80,125,Morbi,,,,2024,2025,,0,pending_actual_apy,0.0,14.529166666666669,28.332291666666663,0.0,14.529166666666669,28.332291666666663,33.0,9,2057.35,2057.35,0.7218771929824561,,,,,,,,,,,0.0,2057.35,,0.667205568343874,0.207148998863766,0.5370890299479166,153.39161512586804,83.38302031017486,45.36198009006561,63.0,1.0,auxiliary_external_image_dataset
GUJ_MORBI_2024_2025,wheat,Rabi,grain_filling_initial,grain_filling_initial,2025-02-23,2025-03-05,95,105,6,7,95,125,Morbi,,,,2024,2025,,0,pending_actual_apy,0.0,14.92358490566038,28.74716981132076,0.0,14.92358490566038,28.74716981132076,35.6,16,2314.55,2314.55,0.7347777777777779,,,,,,,,,,,0.0,2314.55,,0.64207763671875,0.2100675723866411,0.538883518528294,155.23204857078758,96.45987870499894,40.98217857979439,185.0,1.0,auxiliary_external_image_dataset
GUJ_MORBI_2024_2025,wheat,Rabi,grain_filling,grain_filling,2025-03-05,2025-03-15,105,115,7,8,105,125,Morbi,,,,2024,2025,,0,pending_actual_apy,0.0,15.320689655172414,29.37586206896552,0.0,15.320689655172414,29.37586206896552,38.5,26,2592.4,2592.4,0.7514202898550725,,,,,,,,,,,0.0,2592.4,,0.0612841694294905,0.0121212011134459,0.035730185628939,174.61391897762522,91.87537351976924,38.60734619813807,238.0,1.0,auxiliary_external_image_dataset
GUJ_MORBI_2024_2025,wheat,Rabi,maturity_preharvest,maturity_preharvest,2025-03-15,2025-03-25,115,130,8,9,115,125,Morbi,,,,2024,2025,,0,pending_actual_apy,0.0,15.713492063492064,29.83253968253969,0.0,15.713492063492064,29.83253968253969,38.5,36,2869.399999999999,2869.399999999999,0.7651733333333331,,,,,,,,,,,0.0,2869.399999999999,,0.0008408979936079,2.9083789590208285e-07,8.322975852272727e-07,168.71288785067472,58.12083906693892,40.56065226468173,55.0,1.0,auxiliary_external_image_dataset
GUJ_NARMADA_2024_2025,wheat,Rabi,sowing,sowing,2024-11-20,2024-11-30,0,10,0,1,0,125,Narmada,,,,2024,2025,,0,pending_actual_apy,0.0,16.827272727272728,29.390909090909098,0.0,16.827272727272728,29.390909090909098,30.2,0,254.2,254.2,0.8473333333333334,,,,,,,,,,,0.0,254.2,,,,,,,,,,
GUJ_NARMADA_2024_2025,wheat,Rabi,early_vegetative,early_vegetative,2024-11-30,2024-12-10,10,20,1,2,10,125,Narmada,,,,2024,2025,,0,pending_actual_apy,0.1,17.01904761904762,29.357142857142858,0.1,17.01904761904762,29.357142857142858,31.6,0,486.95,486.95,0.8115833333333333,,,,,,,,,,,0.1,486.95,,0.880794324372944,0.3849419227053033,0.837755705180921,137.38434640984786,174.4864686664782,48.70969892802992,19.0,1.0,auxiliary_external_image_dataset
GUJ_NARMADA_2024_2025,wheat,Rabi,tillering,tillering,2024-12-10,2024-12-30,20,40,2,3,20,125,Narmada,,,,2024,2025,,0,pending_actual_apy,2.5,16.378048780487806,28.79024390243902,2.5,16.378048780487806,28.79024390243902,31.6,0,925.9499999999998,925.9499999999998,0.7716249999999999,,,,,,,,,,,2.5,925.9499999999998,,,,,,,,,,
GUJ_NARMADA_2024_2025,wheat,Rabi,stem_elongation,stem_elongation,2024-12-30,2025-01-19,40,60,3,4,40,125,Narmada,,,,2024,2025,,0,pending_actual_apy,2.5,16.20655737704918,28.832786885245905,2.5,16.20655737704918,28.832786885245905,31.6,0,1373.7,1373.7,0.7631666666666667,,,,,,,,,,,2.5,1373.7,,,,,,,,,,
GUJ_NARMADA_2024_2025,wheat,Rabi,booting_heading,booting_heading,2025-01-19,2025-02-08,60,80,4,5,60,125,Narmada,,,,2024,2025,,0,pending_actual_apy,2.5,16.38888888888889,29.24320987654321,2.5,16.38888888888889,29.24320987654321,33.5,4,1848.1,1848.1,0.7700416666666667,,,,,,,,,,,2.5,1848.1,,,,,,,,,,
GUJ_NARMADA_2024_2025,wheat,Rabi,flowering,flowering,2025-02-08,2025-02-23,80,95,5,6,80,125,Narmada,,,,2024,2025,,0,pending_actual_apy,2.5,16.798958333333335,29.834375,2.5,16.798958333333335,29.834375,34.8,17,2238.4,2238.4,0.7854035087719299,,,,,,,,,,,2.5,2238.4,,0.667205568343874,0.207148998863766,0.5370890299479166,153.39161512586804,83.38302031017486,45.36198009006561,63.0,1.0,auxiliary_external_image_dataset
GUJ_NARMADA_2024_2025,wheat,Rabi,grain_filling_initial,grain_filling_initial,2025-02-23,2025-03-05,95,105,6,7,95,125,Narmada,,,,2024,2025,,0,pending_actual_apy,2.5,17.148113207547173,30.33962264150943,2.5,17.148113207547173,30.33962264150943,37.3,27,2516.8499999999995,2516.8499999999995,0.7989999999999998,,,,,,,,,,,2.5,2516.8499999999995,,0.64207763671875,0.2100675723866411,0.538883518528294,155.23204857078758,96.45987870499894,40.98217857979439,185.0,1.0,auxiliary_external_image_dataset
GUJ_NARMADA_2024_2025,wheat,Rabi,grain_filling,grain_filling,2025-03-05,2025-03-15,105,115,7,8,105,125,Narmada,,,,2024,2025,,0,pending_actual_apy,2.5,17.49051724137931,30.98706896551724,2.5,17.49051724137931,30.98706896551724,40.5,37,2811.7,2811.7,0.8149855072463768,,,,,,,,,,,2.5,2811.7,,0.0612841694294905,0.0121212011134459,0.035730185628939,174.61391897762522,91.87537351976924,38.60734619813807,238.0,1.0,auxiliary_external_image_dataset
GUJ_NARMADA_2024_2025,wheat,Rabi,maturity_preharvest,maturity_preharvest,2025-03-15,2025-03-25,115,130,8,9,115,125,Narmada,,,,2024,2025,,0,pending_actual_apy,2.5,17.84285714285714,31.463492063492065,2.5,17.84285714285714,31.463492063492065,40.5,47,3106.3,3106.3,0.8283466666666667,,,,,,,,,,,2.5,3106.3,,0.0008408979936079,2.9083789590208285e-07,8.322975852272727e-07,168.71288785067472,58.12083906693892,40.56065226468173,55.0,1.0,auxiliary_external_image_dataset
GUJ_NAVSARI_2024_2025,wheat,Rabi,sowing,sowing,2024-11-20,2024-11-30,0,10,0,1,0,125,Navsari,,,,2024,2025,,0,pending_actual_apy,0.0,18.081818181818186,29.90000000000001,0.0,18.081818181818186,29.90000000000001,30.5,0,263.90000000000003,263.90000000000003,0.8796666666666668,,,,,,,,,,,0.0,263.90000000000003,,,,,,,,,,
GUJ_NAVSARI_2024_2025,wheat,Rabi,early_vegetative,early_vegetative,2024-11-30,2024-12-10,10,20,1,2,10,125,Navsari,,,,2024,2025,,0,pending_actual_apy,0.0,18.60952380952381,30.133333333333333,0.0,18.60952380952381,30.133333333333333,33.1,5,511.8,511.8,0.853,,,,,,,,,,,0.0,511.8,,0.880794324372944,0.3849419227053033,0.837755705180921,137.38434640984786,174.4864686664782,48.70969892802992,19.0,1.0,auxiliary_external_image_dataset
GUJ_NAVSARI_2024_2025,wheat,Rabi,tillering,tillering,2024-12-10,2024-12-30,20,40,2,3,20,125,Navsari,,,,2024,2025,,0,pending_actual_apy,0.5,17.73170731707317,29.66585365853659,0.5,17.73170731707317,29.66585365853659,33.1,5,971.65,971.65,0.8097083333333334,,,,,,,,,,,0.5,971.65,,,,,,,,,,
GUJ_NAVSARI_2024_2025,wheat,Rabi,stem_elongation,stem_elongation,2024-12-30,2025-01-19,40,60,3,4,40,125,Navsari,,,,2024,2025,,0,pending_actual_apy,0.5,17.621311475409836,29.872131147540983,0.5,17.621311475409836,29.872131147540983,33.5,8,1448.55,1448.55,0.80475,,,,,,,,,,,0.5,1448.55,,,,,,,,,,
GUJ_NAVSARI_2024_2025,wheat,Rabi,booting_heading,booting_heading,2025-01-19,2025-02-08,60,80,4,5,60,125,Navsari,,,,2024,2025,,0,pending_actual_apy,0.5,17.566666666666666,30.420987654320992,0.5,17.566666666666666,30.420987654320992,35.3,20,1943.5,1943.5,0.8097916666666668,,,,,,,,,,,0.5,1943.5,,,,,,,,,,
GUJ_NAVSARI_2024_2025,wheat,Rabi,flowering,flowering,2025-02-08,2025-02-23,80,95,5,6,80,125,Navsari,,,,2024,2025,,0,pending_actual_apy,0.5,17.732291666666665,31.121875,0.5,17.732291666666665,31.121875,36.8,35,2345.0,2345.0,0.8228070175438597,,,,,,,,,,,0.5,2345.0,,0.667205568343874,0.207148998863766,0.5370890299479166,153.39161512586804,83.38302031017486,45.36198009006561,63.0,1.0,auxiliary_external_image_dataset
GUJ_NAVSARI_2024_2025,wheat,Rabi,grain_filling_initial,grain_filling_initial,2025-02-23,2025-03-05,95,105,6,7,95,125,Navsari,,,,2024,2025,,0,pending_actual_apy,0.5,18.079245283018867,31.66415094339623,0.5,18.079245283018867,31.66415094339623,38.4,45,2636.4,2636.4,0.836952380952381,,,,,,,,,,,0.5,2636.4,,0.64207763671875,0.2100675723866411,0.538883518528294,155.23204857078758,96.45987870499894,40.98217857979439,185.0,1.0,auxiliary_external_image_dataset
GUJ_NAVSARI_2024_2025,wheat,Rabi,grain_filling,grain_filling,2025-03-05,2025-03-15,105,115,7,8,105,125,Navsari,,,,2024,2025,,0,pending_actual_apy,0.5,18.38362068965517,32.28793103448276,0.5,18.38362068965517,32.28793103448276,41.7,55,2938.95,2938.95,0.8518695652173912,,,,,,,,,,,0.5,2938.95,,0.0612841694294905,0.0121212011134459,0.035730185628939,174.61391897762522,91.87537351976924,38.60734619813807,238.0,1.0,auxiliary_external_image_dataset
GUJ_NAVSARI_2024_2025,wheat,Rabi,maturity_preharvest,maturity_preharvest,2025-03-15,2025-03-25,115,130,8,9,115,125,Navsari,,,,2024,2025,,0,pending_actual_apy,0.5,18.62301587301587,32.71904761904762,0.5,18.62301587301587,32.71904761904762,41.7,65,3234.55,3234.55,0.8625466666666666,,,,,,,,,,,0.5,3234.55,,0.0008408979936079,2.9083789590208285e-07,8.322975852272727e-07,168.71288785067472,58.12083906693892,40.56065226468173,55.0,1.0,auxiliary_external_image_dataset
GUJ_PANCHMAHAL_2024_2025,wheat,Rabi,sowing,sowing,2024-11-20,2024-11-30,0,10,0,1,0,125,Panchmahal,,,,2024,2025,,0,pending_actual_apy,0.0,17.427272727272726,30.06363636363637,0.0,17.427272727272726,30.06363636363637,31.0,0,261.20000000000005,261.20000000000005,0.8706666666666668,,,,,,,,,,,0.0,261.20000000000005,,,,,,,,,,
GUJ_PANCHMAHAL_2024_2025,wheat,Rabi,early_vegetative,early_vegetative,2024-11-30,2024-12-10,10,20,1,2,10,125,Panchmahal,,,,2024,2025,,0,pending_actual_apy,0.0,17.314285714285717,29.904761904761905,0.0,17.314285714285717,29.904761904761905,32.5,3,495.8,495.8,0.8263333333333333,,,,,,,,,,,0.0,495.8,,0.880794324372944,0.3849419227053033,0.837755705180921,137.38434640984786,174.4864686664782,48.70969892802992,19.0,1.0,auxiliary_external_image_dataset
GUJ_PANCHMAHAL_2024_2025,wheat,Rabi,tillering,tillering,2024-12-10,2024-12-30,20,40,2,3,20,125,Panchmahal,,,,2024,2025,,0,pending_actual_apy,4.5,16.62926829268293,29.258536585365857,4.5,16.62926829268293,29.258536585365857,32.5,3,940.7,940.7,0.7839166666666667,,,,,,,,,,,4.5,940.7,,,,,,,,,,
GUJ_PANCHMAHAL_2024_2025,wheat,Rabi,stem_elongation,stem_elongation,2024-12-30,2025-01-19,40,60,3,4,40,125,Panchmahal,,,,2024,2025,,0,pending_actual_apy,4.8,16.211475409836066,28.92950819672132,4.8,16.211475409836066,28.92950819672132,32.5,3,1376.8,1376.8,0.7648888888888888,,,,,,,,,,,4.8,1376.8,,,,,,,,,,
GUJ_PANCHMAHAL_2024_2025,wheat,Rabi,booting_heading,booting_heading,2025-01-19,2025-02-08,60,80,4,5,60,125,Panchmahal,,,,2024,2025,,0,pending_actual_apy,4.8,16.196296296296296,29.139506172839504,4.8,16.196296296296296,29.139506172839504,32.5,5,1836.1,1836.1,0.7650416666666667,,,,,,,,,,,4.8,1836.1,,,,,,,,,,
GUJ_PANCHMAHAL_2024_2025,wheat,Rabi,flowering,flowering,2025-02-08,2025-02-23,80,95,5,6,80,125,Panchmahal,,,,2024,2025,,0,pending_actual_apy,4.8,16.445833333333333,29.621875,4.8,16.445833333333333,29.621875,33.8,16,2211.25,2211.25,0.7758771929824562,,,,,,,,,,,4.8,2211.25,,0.667205568343874,0.207148998863766,0.5370890299479166,153.39161512586804,83.38302031017486,45.36198009006561,63.0,1.0,auxiliary_external_image_dataset
GUJ_PANCHMAHAL_2024_2025,wheat,Rabi,grain_filling_initial,grain_filling_initial,2025-02-23,2025-03-05,95,105,6,7,95,125,Panchmahal,,,,2024,2025,,0,pending_actual_apy,4.8,16.84245283018868,30.066037735849054,4.8,16.84245283018868,30.066037735849054,36.5,25,2486.15,2486.15,0.7892539682539683,,,,,,,,,,,4.8,2486.15,,0.64207763671875,0.2100675723866411,0.538883518528294,155.23204857078758,96.45987870499894,40.98217857979439,185.0,1.0,auxiliary_external_image_dataset
GUJ_PANCHMAHAL_2024_2025,wheat,Rabi,grain_filling,grain_filling,2025-03-05,2025-03-15,105,115,7,8,105,125,Panchmahal,,,,2024,2025,,0,pending_actual_apy,4.8,17.195689655172412,30.680172413793105,4.8,17.195689655172412,30.680172413793105,39.7,35,2776.8,2776.8,0.8048695652173914,,,,,,,,,,,4.8,2776.8,,0.0612841694294905,0.0121212011134459,0.035730185628939,174.61391897762522,91.87537351976924,38.60734619813807,238.0,1.0,auxiliary_external_image_dataset
GUJ_PANCHMAHAL_2024_2025,wheat,Rabi,maturity_preharvest,maturity_preharvest,2025-03-15,2025-03-25,115,130,8,9,115,125,Panchmahal,,,,2024,2025,,0,pending_actual_apy,4.8,17.53571428571428,31.170634920634917,4.8,17.53571428571428,31.170634920634917,39.7,45,3068.5,3068.5,0.8182666666666667,,,,,,,,,,,4.8,3068.5,,0.0008408979936079,2.9083789590208285e-07,8.322975852272727e-07,168.71288785067472,58.12083906693892,40.56065226468173,55.0,1.0,auxiliary_external_image_dataset
GUJ_PATAN_2024_2025,wheat,Rabi,sowing,sowing,2024-11-20,2024-11-30,0,10,0,1,0,125,Patan,23.8507,72.1266,,2024,2025,,0,pending_actual_apy,0.0,16.009090909090908,29.372727272727275,0.0,16.009090909090908,29.372727272727275,30.5,0,249.6,249.6,0.8320000000000001,,,,,,,,,,,0.0,249.6,,,,,,,,,,
GUJ_PATAN_2024_2025,wheat,Rabi,early_vegetative,early_vegetative,2024-11-30,2024-12-10,10,20,1,2,10,125,Patan,23.8507,72.1266,,2024,2025,,0,pending_actual_apy,0.0,15.400000000000002,28.89523809523809,0.0,15.400000000000002,28.89523809523809,30.5,0,465.1,465.1,0.7751666666666666,,,,,,,,,,,0.0,465.1,,0.880794324372944,0.3849419227053033,0.837755705180921,137.38434640984786,174.4864686664782,48.70969892802992,19.0,1.0,auxiliary_external_image_dataset
GUJ_PATAN_2024_2025,wheat,Rabi,tillering,tillering,2024-12-10,2024-12-30,20,40,2,3,20,125,Patan,23.8507,72.1266,,2024,2025,,0,pending_actual_apy,0.4,14.251219512195124,27.73170731707317,0.4,14.251219512195124,27.73170731707317,30.5,0,860.65,860.65,0.7172083333333333,,,,,,,,,,,0.4,860.65,,,,,,,,,,
GUJ_PATAN_2024_2025,wheat,Rabi,stem_elongation,stem_elongation,2024-12-30,2025-01-19,40,60,3,4,40,125,Patan,23.8507,72.1266,,2024,2025,,0,pending_actual_apy,0.4,13.721311475409836,27.28360655737705,0.4,13.721311475409836,27.28360655737705,30.5,0,1250.65,1250.65,0.6948055555555556,,,,,,,,,,,0.4,1250.65,,,,,,,,,,
GUJ_PATAN_2024_2025,wheat,Rabi,booting_heading,booting_heading,2025-01-19,2025-02-08,60,80,4,5,60,125,Patan,23.8507,72.1266,,2024,2025,,0,pending_actual_apy,0.4,13.588888888888889,27.438271604938265,0.4,13.588888888888889,27.438271604938265,30.5,0,1661.6,1661.6,0.6923333333333334,,,,,,,,,,,0.4,1661.6,,,,,,,,,,
GUJ_PATAN_2024_2025,wheat,Rabi,flowering,flowering,2025-02-08,2025-02-23,80,95,5,6,80,125,Patan,23.8507,72.1266,,2024,2025,,0,pending_actual_apy,0.4,13.903125,27.938541666666666,0.4,13.903125,27.938541666666666,31.7,0,2008.4,2008.4,0.7047017543859649,,,,,,,,,,,0.4,2008.4,,0.667205568343874,0.207148998863766,0.5370890299479166,153.39161512586804,83.38302031017486,45.36198009006561,63.0,1.0,auxiliary_external_image_dataset
GUJ_PATAN_2024_2025,wheat,Rabi,grain_filling_initial,grain_filling_initial,2025-02-23,2025-03-05,95,105,6,7,95,125,Patan,23.8507,72.1266,,2024,2025,,0,pending_actual_apy,0.4,14.276415094339624,28.3377358490566,0.4,14.276415094339624,28.3377358490566,34.3,6,2258.55,2258.55,0.7170000000000001,,,,,,,,,,,0.4,2258.55,,0.64207763671875,0.2100675723866411,0.538883518528294,155.23204857078758,96.45987870499894,40.98217857979439,185.0,1.0,auxiliary_external_image_dataset
GUJ_PATAN_2024_2025,wheat,Rabi,grain_filling,grain_filling,2025-03-05,2025-03-15,105,115,7,8,105,125,Patan,23.8507,72.1266,,2024,2025,,0,pending_actual_apy,0.4,14.668103448275865,28.95603448275862,0.4,14.668103448275865,28.95603448275862,37.5,15,2530.2,2530.2,0.7333913043478261,,,,,,,,,,,0.4,2530.2,,0.0612841694294905,0.0121212011134459,0.035730185628939,174.61391897762522,91.87537351976924,38.60734619813807,238.0,1.0,auxiliary_external_image_dataset
GUJ_PATAN_2024_2025,wheat,Rabi,maturity_preharvest,maturity_preharvest,2025-03-15,2025-03-25,115,130,8,9,115,125,Patan,23.8507,72.1266,,2024,2025,,0,pending_actual_apy,0.4,15.096825396825396,29.463492063492065,0.4,15.096825396825396,29.463492063492065,37.6,25,2807.300000000001,2807.300000000001,0.7486133333333336,,,,,,,,,,,0.4,2807.300000000001,,0.0008408979936079,2.9083789590208285e-07,8.322975852272727e-07,168.71288785067472,58.12083906693892,40.56065226468173,55.0,1.0,auxiliary_external_image_dataset
GUJ_PORBANDAR_2024_2025,wheat,Rabi,sowing,sowing,2024-11-20,2024-11-30,0,10,0,1,0,125,Porbandar,,,,2024,2025,,0,pending_actual_apy,0.0,19.98181818181818,31.58181818181818,0.0,19.98181818181818,31.58181818181818,32.5,4,283.6,283.6,0.9453333333333334,,,,,,,,,,,0.0,283.6,,,,,,,,,,
GUJ_PORBANDAR_2024_2025,wheat,Rabi,early_vegetative,early_vegetative,2024-11-30,2024-12-10,10,20,1,2,10,125,Porbandar,,,,2024,2025,,0,pending_actual_apy,0.0,19.628571428571423,31.03809523809524,0.0,19.628571428571423,31.03809523809524,33.6,6,532.0,532.0,0.8866666666666667,,,,,,,,,,,0.0,532.0,,0.880794324372944,0.3849419227053033,0.837755705180921,137.38434640984786,174.4864686664782,48.70969892802992,19.0,1.0,auxiliary_external_image_dataset
GUJ_PORBANDAR_2024_2025,wheat,Rabi,tillering,tillering,2024-12-10,2024-12-30,20,40,2,3,20,125,Porbandar,,,,2024,2025,,0,pending_actual_apy,0.0,17.580487804878047,29.28292682926829,0.0,17.580487804878047,29.28292682926829,33.6,6,960.7,960.7,0.8005833333333333,,,,,,,,,,,0.0,960.7,,,,,,,,,,
GUJ_PORBANDAR_2024_2025,wheat,Rabi,stem_elongation,stem_elongation,2024-12-30,2025-01-19,40,60,3,4,40,125,Porbandar,,,,2024,2025,,0,pending_actual_apy,0.0,16.868852459016395,28.84426229508197,0.0,16.868852459016395,28.84426229508197,33.6,6,1394.25,1394.25,0.7745833333333333,,,,,,,,,,,0.0,1394.25,,,,,,,,,,
GUJ_PORBANDAR_2024_2025,wheat,Rabi,booting_heading,booting_heading,2025-01-19,2025-02-08,60,80,4,5,60,125,Porbandar,,,,2024,2025,,0,pending_actual_apy,0.1,16.892592592592592,28.79382716049383,0.1,16.892592592592592,28.79382716049383,33.6,6,1850.3,1850.3,0.7709583333333333,,,,,,,,,,,0.1,1850.3,,,,,,,,,,
GUJ_PORBANDAR_2024_2025,wheat,Rabi,flowering,flowering,2025-02-08,2025-02-23,80,95,5,6,80,125,Porbandar,,,,2024,2025,,0,pending_actual_apy,0.1,17.284375,29.26875,0.1,17.284375,29.26875,34.2,13,2234.55,2234.55,0.7840526315789474,,,,,,,,,,,0.1,2234.55,,0.667205568343874,0.207148998863766,0.5370890299479166,153.39161512586804,83.38302031017486,45.36198009006561,63.0,1.0,auxiliary_external_image_dataset
GUJ_PORBANDAR_2024_2025,wheat,Rabi,grain_filling_initial,grain_filling_initial,2025-02-23,2025-03-05,95,105,6,7,95,125,Porbandar,,,,2024,2025,,0,pending_actual_apy,0.1,17.589622641509433,29.564150943396225,0.1,17.589622641509433,29.564150943396225,34.6,19,2499.15,2499.15,0.7933809523809524,,,,,,,,,,,0.1,2499.15,,0.64207763671875,0.2100675723866411,0.538883518528294,155.23204857078758,96.45987870499894,40.98217857979439,185.0,1.0,auxiliary_external_image_dataset
GUJ_PORBANDAR_2024_2025,wheat,Rabi,grain_filling,grain_filling,2025-03-05,2025-03-15,105,115,7,8,105,125,Porbandar,,,,2024,2025,,0,pending_actual_apy,0.1,17.96551724137931,30.01034482758621,0.1,17.96551724137931,30.01034482758621,39.3,28,2782.6,2782.6,0.8065507246376812,,,,,,,,,,,0.1,2782.6,,0.0612841694294905,0.0121212011134459,0.035730185628939,174.61391897762522,91.87537351976924,38.60734619813807,238.0,1.0,auxiliary_external_image_dataset
GUJ_PORBANDAR_2024_2025,wheat,Rabi,maturity_preharvest,maturity_preharvest,2025-03-15,2025-03-25,115,130,8,9,115,125,Porbandar,,,,2024,2025,,0,pending_actual_apy,0.1,18.273015873015872,30.349999999999994,0.1,18.273015873015872,30.349999999999994,39.3,37,3063.25,3063.25,0.8168666666666666,,,,,,,,,,,0.1,3063.25,,0.0008408979936079,2.9083789590208285e-07,8.322975852272727e-07,168.71288785067472,58.12083906693892,40.56065226468173,55.0,1.0,auxiliary_external_image_dataset
GUJ_RAJKOT_2024_2025,wheat,Rabi,sowing,sowing,2024-11-20,2024-11-30,0,10,0,1,0,125,Rajkot,22.3039,70.8022,,2024,2025,,0,pending_actual_apy,0.0,17.972727272727273,30.309090909090912,0.0,17.972727272727273,30.309090909090912,31.5,0,265.55,265.55,0.8851666666666667,,,,,,,,,,,0.0,265.55,,,,,,,,,,
GUJ_RAJKOT_2024_2025,wheat,Rabi,early_vegetative,early_vegetative,2024-11-30,2024-12-10,10,20,1,2,10,125,Rajkot,22.3039,70.8022,,2024,2025,,0,pending_actual_apy,0.0,17.385714285714286,29.70476190476191,0.0,17.385714285714286,29.70476190476191,31.5,0,494.4500000000001,494.4500000000001,0.8240833333333334,,,,,,,,,,,0.0,494.4500000000001,,0.880794324372944,0.3849419227053033,0.837755705180921,137.38434640984786,174.4864686664782,48.70969892802992,19.0,1.0,auxiliary_external_image_dataset
GUJ_RAJKOT_2024_2025,wheat,Rabi,tillering,tillering,2024-12-10,2024-12-30,20,40,2,3,20,125,Rajkot,22.3039,70.8022,,2024,2025,,0,pending_actual_apy,0.0,15.229268292682926,28.139024390243897,0.0,15.229268292682926,28.139024390243897,31.5,0,889.05,889.05,0.740875,,,,,,,,,,,0.0,889.05,,,,,,,,,,
GUJ_RAJKOT_2024_2025,wheat,Rabi,stem_elongation,stem_elongation,2024-12-30,2025-01-19,40,60,3,4,40,125,Rajkot,22.3039,70.8022,,2024,2025,,0,pending_actual_apy,0.0,14.834426229508196,28.04754098360656,0.0,14.834426229508196,28.04754098360656,32.1,1,1307.9,1307.9,0.726611111111111,,,,,,,,,,,0.0,1307.9,,,,,,,,,,
GUJ_RAJKOT_2024_2025,wheat,Rabi,booting_heading,booting_heading,2025-01-19,2025-02-08,60,80,4,5,60,125,Rajkot,22.3039,70.8022,,2024,2025,,0,pending_actual_apy,0.0,14.94320987654321,28.1679012345679,0.0,14.94320987654321,28.1679012345679,32.1,1,1746.0,1746.0,0.7275,,,,,,,,,,,0.0,1746.0,,,,,,,,,,
GUJ_RAJKOT_2024_2025,wheat,Rabi,flowering,flowering,2025-02-08,2025-02-23,80,95,5,6,80,125,Rajkot,22.3039,70.8022,,2024,2025,,0,pending_actual_apy,0.0,15.428125,28.815625,0.0,15.428125,28.815625,34.2,13,2123.7000000000003,2123.7000000000003,0.7451578947368422,,,,,,,,,,,0.0,2123.7000000000003,,0.667205568343874,0.207148998863766,0.5370890299479166,153.39161512586804,83.38302031017486,45.36198009006561,63.0,1.0,auxiliary_external_image_dataset
GUJ_RAJKOT_2024_2025,wheat,Rabi,grain_filling_initial,grain_filling_initial,2025-02-23,2025-03-05,95,105,6,7,95,125,Rajkot,22.3039,70.8022,,2024,2025,,0,pending_actual_apy,0.0,15.82358490566038,29.27641509433961,0.0,15.82358490566038,29.27641509433961,36.4,21,2390.3,2390.3,0.7588253968253968,,,,,,,,,,,0.0,2390.3,,0.64207763671875,0.2100675723866411,0.538883518528294,155.23204857078758,96.45987870499894,40.98217857979439,185.0,1.0,auxiliary_external_image_dataset
GUJ_RAJKOT_2024_2025,wheat,Rabi,grain_filling,grain_filling,2025-03-05,2025-03-15,105,115,7,8,105,125,Rajkot,22.3039,70.8022,,2024,2025,,0,pending_actual_apy,0.0,16.27241379310345,29.97758620689655,0.0,16.27241379310345,29.97758620689655,40.3,31,2682.5,2682.5,0.777536231884058,,,,,,,,,,,0.0,2682.5,,0.0612841694294905,0.0121212011134459,0.035730185628939,174.61391897762522,91.87537351976924,38.60734619813807,238.0,1.0,auxiliary_external_image_dataset
GUJ_RAJKOT_2024_2025,wheat,Rabi,maturity_preharvest,maturity_preharvest,2025-03-15,2025-03-25,115,130,8,9,115,125,Rajkot,22.3039,70.8022,,2024,2025,,0,pending_actual_apy,0.0,16.648412698412695,30.47222222222222,0.0,16.648412698412695,30.47222222222222,40.3,41,2968.6,2968.6,0.7916266666666666,,,,,,,,,,,0.0,2968.6,,0.0008408979936079,2.9083789590208285e-07,8.322975852272727e-07,168.71288785067472,58.12083906693892,40.56065226468173,55.0,1.0,auxiliary_external_image_dataset
GUJ_SABARKANTHA_2024_2025,wheat,Rabi,sowing,sowing,2024-11-20,2024-11-30,0,10,0,1,0,125,Sabarkantha,23.6042,72.963,,2024,2025,,0,pending_actual_apy,0.0,16.69090909090909,29.363636363636363,0.0,16.69090909090909,29.363636363636363,30.8,0,253.3,253.3,0.8443333333333334,,,,,,,,,,,0.0,253.3,,,,,,,,,,
GUJ_SABARKANTHA_2024_2025,wheat,Rabi,early_vegetative,early_vegetative,2024-11-30,2024-12-10,10,20,1,2,10,125,Sabarkantha,23.6042,72.963,,2024,2025,,0,pending_actual_apy,0.0,16.085714285714285,28.97142857142857,0.0,16.085714285714285,28.97142857142857,30.8,0,473.1,473.1,0.7885,,,,,,,,,,,0.0,473.1,,0.880794324372944,0.3849419227053033,0.837755705180921,137.38434640984786,174.4864686664782,48.70969892802992,19.0,1.0,auxiliary_external_image_dataset
GUJ_SABARKANTHA_2024_2025,wheat,Rabi,tillering,tillering,2024-12-10,2024-12-30,20,40,2,3,20,125,Sabarkantha,23.6042,72.963,,2024,2025,,0,pending_actual_apy,2.1,15.341463414634145,27.99756097560975,2.1,15.341463414634145,27.99756097560975,30.8,0,888.45,888.45,0.740375,,,,,,,,,,,2.1,888.45,,,,,,,,,,
GUJ_SABARKANTHA_2024_2025,wheat,Rabi,stem_elongation,stem_elongation,2024-12-30,2025-01-19,40,60,3,4,40,125,Sabarkantha,23.6042,72.963,,2024,2025,,0,pending_actual_apy,2.5,14.767213114754098,27.606557377049185,2.5,14.767213114754098,27.606557377049185,30.8,0,1292.4000000000003,1292.4000000000003,0.7180000000000002,,,,,,,,,,,2.5,1292.4000000000003,,,,,,,,,,
GUJ_SABARKANTHA_2024_2025,wheat,Rabi,booting_heading,booting_heading,2025-01-19,2025-02-08,60,80,4,5,60,125,Sabarkantha,23.6042,72.963,,2024,2025,,0,pending_actual_apy,2.5,14.595061728395065,27.82962962962963,2.5,14.595061728395065,27.82962962962963,30.8,0,1718.2,1718.2,0.7159166666666666,,,,,,,,,,,2.5,1718.2,,,,,,,,,,
GUJ_SABARKANTHA_2024_2025,wheat,Rabi,flowering,flowering,2025-02-08,2025-02-23,80,95,5,6,80,125,Sabarkantha,23.6042,72.963,,2024,2025,,0,pending_actual_apy,2.5,14.861458333333331,28.488541666666663,2.5,14.861458333333331,28.488541666666663,33.4,10,2080.8,2080.8,0.7301052631578948,,,,,,,,,,,2.5,2080.8,,0.667205568343874,0.207148998863766,0.5370890299479166,153.39161512586804,83.38302031017486,45.36198009006561,63.0,1.0,auxiliary_external_image_dataset
GUJ_SABARKANTHA_2024_2025,wheat,Rabi,grain_filling_initial,grain_filling_initial,2025-02-23,2025-03-05,95,105,6,7,95,125,Sabarkantha,23.6042,72.963,,2024,2025,,0,pending_actual_apy,2.5,15.300943396226415,28.99905660377358,2.5,15.300943396226415,28.99905660377358,35.8,20,2347.9,2347.9,0.7453650793650792,,,,,,,,,,,2.5,2347.9,,0.64207763671875,0.2100675723866411,0.538883518528294,155.23204857078758,96.45987870499894,40.98217857979439,185.0,1.0,auxiliary_external_image_dataset
GUJ_SABARKANTHA_2024_2025,wheat,Rabi,grain_filling,grain_filling,2025-03-05,2025-03-15,105,115,7,8,105,125,Sabarkantha,23.6042,72.963,,2024,2025,,0,pending_actual_apy,2.5,15.708620689655175,29.71551724137931,2.5,15.708620689655175,29.71551724137931,39.7,30,2634.6,2634.6,0.7636521739130434,,,,,,,,,,,2.5,2634.6,,0.0612841694294905,0.0121212011134459,0.035730185628939,174.61391897762522,91.87537351976924,38.60734619813807,238.0,1.0,auxiliary_external_image_dataset
GUJ_SABARKANTHA_2024_2025,wheat,Rabi,maturity_preharvest,maturity_preharvest,2025-03-15,2025-03-25,115,130,8,9,115,125,Sabarkantha,23.6042,72.963,,2024,2025,,0,pending_actual_apy,2.5,16.120634920634917,30.26825396825397,2.5,16.120634920634917,30.26825396825397,39.7,40,2922.5,2922.5,0.7793333333333333,,,,,,,,,,,2.5,2922.5,,0.0008408979936079,2.9083789590208285e-07,8.322975852272727e-07,168.71288785067472,58.12083906693892,40.56065226468173,55.0,1.0,auxiliary_external_image_dataset
GUJ_SURAT_2024_2025,wheat,Rabi,sowing,sowing,2024-11-20,2024-11-30,0,10,0,1,0,125,Surat,21.1702,72.8311,,2024,2025,,0,pending_actual_apy,0.0,18.745454545454542,31.05454545454546,0.0,18.745454545454542,31.05454545454546,32.0,1,273.90000000000003,273.90000000000003,0.913,,,,,,,,,,,0.0,273.90000000000003,,,,,,,,,,
GUJ_SURAT_2024_2025,wheat,Rabi,early_vegetative,early_vegetative,2024-11-30,2024-12-10,10,20,1,2,10,125,Surat,21.1702,72.8311,,2024,2025,,0,pending_actual_apy,0.0,18.90476190476191,31.185714285714283,0.0,18.90476190476191,31.185714285714283,34.3,6,525.95,525.95,0.8765833333333334,,,,,,,,,,,0.0,525.95,,0.880794324372944,0.3849419227053033,0.837755705180921,137.38434640984786,174.4864686664782,48.70969892802992,19.0,1.0,auxiliary_external_image_dataset
GUJ_SURAT_2024_2025,wheat,Rabi,tillering,tillering,2024-12-10,2024-12-30,20,40,2,3,20,125,Surat,21.1702,72.8311,,2024,2025,,0,pending_actual_apy,0.4,17.921951219512195,30.478048780487807,0.4,17.921951219512195,30.478048780487807,34.3,7,992.2,992.2,0.8268333333333334,,,,,,,,,,,0.4,992.2,,,,,,,,,,
GUJ_SURAT_2024_2025,wheat,Rabi,stem_elongation,stem_elongation,2024-12-30,2025-01-19,40,60,3,4,40,125,Surat,21.1702,72.8311,,2024,2025,,0,pending_actual_apy,0.4,17.81967213114754,30.58196721311476,0.4,17.81967213114754,30.58196721311476,34.3,13,1476.25,1476.25,0.8201388888888889,,,,,,,,,,,0.4,1476.25,,,,,,,,,,
GUJ_SURAT_2024_2025,wheat,Rabi,booting_heading,booting_heading,2025-01-19,2025-02-08,60,80,4,5,60,125,Surat,21.1702,72.8311,,2024,2025,,0,pending_actual_apy,0.4,17.79259259259259,30.94691358024691,0.4,17.79259259259259,30.94691358024691,35.6,26,1973.95,1973.95,0.8224791666666665,,,,,,,,,,,0.4,1973.95,,,,,,,,,,
GUJ_SURAT_2024_2025,wheat,Rabi,flowering,flowering,2025-02-08,2025-02-23,80,95,5,6,80,125,Surat,21.1702,72.8311,,2024,2025,,0,pending_actual_apy,0.4,18.09166666666667,31.56770833333333,0.4,18.09166666666667,31.56770833333333,37.4,41,2383.65,2383.65,0.8363684210526316,,,,,,,,,,,0.4,2383.65,,0.667205568343874,0.207148998863766,0.5370890299479166,153.39161512586804,83.38302031017486,45.36198009006561,63.0,1.0,auxiliary_external_image_dataset
GUJ_SURAT_2024_2025,wheat,Rabi,grain_filling_initial,grain_filling_initial,2025-02-23,2025-03-05,95,105,6,7,95,125,Surat,21.1702,72.8311,,2024,2025,,0,pending_actual_apy,0.4,18.48490566037736,32.053773584905656,0.4,18.48490566037736,32.053773584905656,38.7,51,2678.55,2678.55,0.8503333333333334,,,,,,,,,,,0.4,2678.55,,0.64207763671875,0.2100675723866411,0.538883518528294,155.23204857078758,96.45987870499894,40.98217857979439,185.0,1.0,auxiliary_external_image_dataset
GUJ_SURAT_2024_2025,wheat,Rabi,grain_filling,grain_filling,2025-03-05,2025-03-15,105,115,7,8,105,125,Surat,21.1702,72.8311,,2024,2025,,0,pending_actual_apy,0.4,18.828448275862065,32.648275862068964,0.4,18.828448275862065,32.648275862068964,42.0,61,2985.65,2985.65,0.8654057971014493,,,,,,,,,,,0.4,2985.65,,0.0612841694294905,0.0121212011134459,0.035730185628939,174.61391897762522,91.87537351976924,38.60734619813807,238.0,1.0,auxiliary_external_image_dataset
GUJ_SURAT_2024_2025,wheat,Rabi,maturity_preharvest,maturity_preharvest,2025-03-15,2025-03-25,115,130,8,9,115,125,Surat,21.1702,72.8311,,2024,2025,,0,pending_actual_apy,0.4,19.1468253968254,33.051587301587304,0.4,19.1468253968254,33.051587301587304,42.0,71,3288.5,3288.5,0.8769333333333333,,,,,,,,,,,0.4,3288.5,,0.0008408979936079,2.9083789590208285e-07,8.322975852272727e-07,168.71288785067472,58.12083906693892,40.56065226468173,55.0,1.0,auxiliary_external_image_dataset
GUJ_SURENDRANAGAR_2024_2025,wheat,Rabi,sowing,sowing,2024-11-20,2024-11-30,0,10,0,1,0,125,Surendranagar,,,,2024,2025,,0,pending_actual_apy,0.0,15.92727272727273,28.581818181818186,0.0,15.92727272727273,28.581818181818186,29.4,0,244.8,244.8,0.8160000000000001,,,,,,,,,,,0.0,244.8,,,,,,,,,,
GUJ_SURENDRANAGAR_2024_2025,wheat,Rabi,early_vegetative,early_vegetative,2024-11-30,2024-12-10,10,20,1,2,10,125,Surendranagar,,,,2024,2025,,0,pending_actual_apy,0.0,15.776190476190472,28.295238095238098,0.0,15.776190476190472,28.295238095238098,30.2,0,462.75,462.75,0.77125,,,,,,,,,,,0.0,462.75,,0.880794324372944,0.3849419227053033,0.837755705180921,137.38434640984786,174.4864686664782,48.70969892802992,19.0,1.0,auxiliary_external_image_dataset
GUJ_SURENDRANAGAR_2024_2025,wheat,Rabi,tillering,tillering,2024-12-10,2024-12-30,20,40,2,3,20,125,Surendranagar,,,,2024,2025,,0,pending_actual_apy,0.0,14.88292682926829,27.478048780487804,0.0,14.88292682926829,27.478048780487804,30.2,0,868.4,868.4,0.7236666666666667,,,,,,,,,,,0.0,868.4,,,,,,,,,,
GUJ_SURENDRANAGAR_2024_2025,wheat,Rabi,stem_elongation,stem_elongation,2024-12-30,2025-01-19,40,60,3,4,40,125,Surendranagar,,,,2024,2025,,0,pending_actual_apy,0.5,14.45245901639344,27.26065573770492,0.5,14.45245901639344,27.26065573770492,30.2,0,1272.25,1272.25,0.7068055555555556,,,,,,,,,,,0.5,1272.25,,,,,,,,,,
GUJ_SURENDRANAGAR_2024_2025,wheat,Rabi,booting_heading,booting_heading,2025-01-19,2025-02-08,60,80,4,5,60,125,Surendranagar,,,,2024,2025,,0,pending_actual_apy,0.5,14.440740740740742,27.55802469135803,0.5,14.440740740740742,27.55802469135803,30.2,0,1700.95,1700.95,0.7087291666666666,,,,,,,,,,,0.5,1700.95,,,,,,,,,,
GUJ_SURENDRANAGAR_2024_2025,wheat,Rabi,flowering,flowering,2025-02-08,2025-02-23,80,95,5,6,80,125,Surendranagar,,,,2024,2025,,0,pending_actual_apy,0.5,14.8,28.263541666666665,0.5,14.8,28.263541666666665,33.5,10,2067.05,2067.05,0.7252807017543861,,,,,,,,,,,0.5,2067.05,,0.667205568343874,0.207148998863766,0.5370890299479166,153.39161512586804,83.38302031017486,45.36198009006561,63.0,1.0,auxiliary_external_image_dataset
GUJ_SURENDRANAGAR_2024_2025,wheat,Rabi,grain_filling_initial,grain_filling_initial,2025-02-23,2025-03-05,95,105,6,7,95,125,Surendranagar,,,,2024,2025,,0,pending_actual_apy,0.5,15.24245283018868,28.75754716981132,0.5,15.24245283018868,28.75754716981132,35.9,18,2332.0,2332.0,0.7403174603174603,,,,,,,,,,,0.5,2332.0,,0.64207763671875,0.2100675723866411,0.538883518528294,155.23204857078758,96.45987870499894,40.98217857979439,185.0,1.0,auxiliary_external_image_dataset
GUJ_SURENDRANAGAR_2024_2025,wheat,Rabi,grain_filling,grain_filling,2025-03-05,2025-03-15,105,115,7,8,105,125,Surendranagar,,,,2024,2025,,0,pending_actual_apy,0.5,15.664655172413791,29.482758620689665,0.5,15.664655172413791,29.482758620689665,39.5,28,2618.55,2618.55,0.7589999999999999,,,,,,,,,,,0.5,2618.55,,0.0612841694294905,0.0121212011134459,0.035730185628939,174.61391897762522,91.87537351976924,38.60734619813807,238.0,1.0,auxiliary_external_image_dataset
GUJ_SURENDRANAGAR_2024_2025,wheat,Rabi,maturity_preharvest,maturity_preharvest,2025-03-15,2025-03-25,115,130,8,9,115,125,Surendranagar,,,,2024,2025,,0,pending_actual_apy,0.5,16.096031746031745,30.03174603174603,0.5,16.096031746031745,30.03174603174603,39.5,38,2906.05,2906.05,0.7749466666666667,,,,,,,,,,,0.5,2906.05,,0.0008408979936079,2.9083789590208285e-07,8.322975852272727e-07,168.71288785067472,58.12083906693892,40.56065226468173,55.0,1.0,auxiliary_external_image_dataset
GUJ_TAPI_2024_2025,wheat,Rabi,sowing,sowing,2024-11-20,2024-11-30,0,10,0,1,0,125,Tapi,,,,2024,2025,,0,pending_actual_apy,0.0,19.327272727272728,28.06363636363637,0.0,19.327272727272728,28.06363636363637,28.8,0,260.65000000000003,260.65000000000003,0.8688333333333335,,,,,,,,,,,0.0,260.65000000000003,,,,,,,,,,
GUJ_TAPI_2024_2025,wheat,Rabi,early_vegetative,early_vegetative,2024-11-30,2024-12-10,10,20,1,2,10,125,Tapi,,,,2024,2025,,0,pending_actual_apy,0.0,19.45714285714286,28.31428571428572,0.0,19.45714285714286,28.31428571428572,31.1,0,501.6,501.6,0.8360000000000001,,,,,,,,,,,0.0,501.6,,0.880794324372944,0.3849419227053033,0.837755705180921,137.38434640984786,174.4864686664782,48.70969892802992,19.0,1.0,auxiliary_external_image_dataset
GUJ_TAPI_2024_2025,wheat,Rabi,tillering,tillering,2024-12-10,2024-12-30,20,40,2,3,20,125,Tapi,,,,2024,2025,,0,pending_actual_apy,1.6,18.74390243902439,27.87804878048781,1.6,18.74390243902439,27.87804878048781,31.1,0,955.75,955.75,0.7964583333333333,,,,,,,,,,,1.6,955.75,,,,,,,,,,
GUJ_TAPI_2024_2025,wheat,Rabi,stem_elongation,stem_elongation,2024-12-30,2025-01-19,40,60,3,4,40,125,Tapi,,,,2024,2025,,0,pending_actual_apy,1.6,18.57540983606557,28.049180327868854,1.6,18.57540983606557,28.049180327868854,31.1,0,1422.0500000000004,1422.0500000000004,0.790027777777778,,,,,,,,,,,1.6,1422.0500000000004,,,,,,,,,,
GUJ_TAPI_2024_2025,wheat,Rabi,booting_heading,booting_heading,2025-01-19,2025-02-08,60,80,4,5,60,125,Tapi,,,,2024,2025,,0,pending_actual_apy,1.6,18.607407407407408,28.68395061728395,1.6,18.607407407407408,28.68395061728395,32.6,1,1915.3,1915.3,0.7980416666666666,,,,,,,,,,,1.6,1915.3,,,,,,,,,,
GUJ_TAPI_2024_2025,wheat,Rabi,flowering,flowering,2025-02-08,2025-02-23,80,95,5,6,80,125,Tapi,,,,2024,2025,,0,pending_actual_apy,1.6,18.74375,29.410416666666663,1.6,18.74375,29.410416666666663,35.2,15,2311.4,2311.4,0.8110175438596492,,,,,,,,,,,1.6,2311.4,,0.667205568343874,0.207148998863766,0.5370890299479166,153.39161512586804,83.38302031017486,45.36198009006561,63.0,1.0,auxiliary_external_image_dataset
GUJ_TAPI_2024_2025,wheat,Rabi,grain_filling_initial,grain_filling_initial,2025-02-23,2025-03-05,95,105,6,7,95,125,Tapi,,,,2024,2025,,0,pending_actual_apy,1.6,19.016981132075472,29.91415094339623,1.6,19.016981132075472,29.91415094339623,36.5,25,2593.3500000000004,2593.3500000000004,0.8232857142857144,,,,,,,,,,,1.6,2593.3500000000004,,0.64207763671875,0.2100675723866411,0.538883518528294,155.23204857078758,96.45987870499894,40.98217857979439,185.0,1.0,auxiliary_external_image_dataset
GUJ_TAPI_2024_2025,wheat,Rabi,grain_filling,grain_filling,2025-03-05,2025-03-15,105,115,7,8,105,125,Tapi,,,,2024,2025,,0,pending_actual_apy,1.6,19.257758620689657,30.555172413793105,1.6,19.257758620689657,30.555172413793105,39.2,35,2889.1500000000005,2889.1500000000005,0.8374347826086959,,,,,,,,,,,1.6,2889.1500000000005,,0.0612841694294905,0.0121212011134459,0.035730185628939,174.61391897762522,91.87537351976924,38.60734619813807,238.0,1.0,auxiliary_external_image_dataset
GUJ_TAPI_2024_2025,wheat,Rabi,maturity_preharvest,maturity_preharvest,2025-03-15,2025-03-25,115,130,8,9,115,125,Tapi,,,,2024,2025,,0,pending_actual_apy,1.6,19.455555555555552,31.02777777777777,1.6,19.455555555555552,31.02777777777777,39.2,45,3180.4500000000003,3180.4500000000003,0.8481200000000001,,,,,,,,,,,1.6,3180.4500000000003,,0.0008408979936079,2.9083789590208285e-07,8.322975852272727e-07,168.71288785067472,58.12083906693892,40.56065226468173,55.0,1.0,auxiliary_external_image_dataset
GUJ_VADODARA_2024_2025,wheat,Rabi,sowing,sowing,2024-11-20,2024-11-30,0,10,0,1,0,125,Vadodara,22.3072,73.1812,,2024,2025,,0,pending_actual_apy,0.0,18.07272727272727,30.527272727272724,0.0,18.07272727272727,30.527272727272724,31.5,0,267.3,267.3,0.891,,,,,,,,,,,0.0,267.3,,,,,,,,,,
GUJ_VADODARA_2024_2025,wheat,Rabi,early_vegetative,early_vegetative,2024-11-30,2024-12-10,10,20,1,2,10,125,Vadodara,22.3072,73.1812,,2024,2025,,0,pending_actual_apy,0.0,18.06666666666667,30.38095238095238,0.0,18.06666666666667,30.38095238095238,33.0,3,508.7,508.7,0.8478333333333333,,,,,,,,,,,0.0,508.7,,0.880794324372944,0.3849419227053033,0.837755705180921,137.38434640984786,174.4864686664782,48.70969892802992,19.0,1.0,auxiliary_external_image_dataset
GUJ_VADODARA_2024_2025,wheat,Rabi,tillering,tillering,2024-12-10,2024-12-30,20,40,2,3,20,125,Vadodara,22.3072,73.1812,,2024,2025,,0,pending_actual_apy,4.2,17.278048780487804,29.62439024390244,4.2,17.278048780487804,29.62439024390244,33.0,3,961.5,961.5,0.80125,,,,,,,,,,,4.2,961.5,,,,,,,,,,
GUJ_VADODARA_2024_2025,wheat,Rabi,stem_elongation,stem_elongation,2024-12-30,2025-01-19,40,60,3,4,40,125,Vadodara,22.3072,73.1812,,2024,2025,,0,pending_actual_apy,4.2,16.98688524590164,29.50655737704918,4.2,16.98688524590164,29.50655737704918,33.0,5,1418.05,1418.05,0.7878055555555555,,,,,,,,,,,4.2,1418.05,,,,,,,,,,
GUJ_VADODARA_2024_2025,wheat,Rabi,booting_heading,booting_heading,2025-01-19,2025-02-08,60,80,4,5,60,125,Vadodara,22.3072,73.1812,,2024,2025,,0,pending_actual_apy,4.2,17.037037037037038,29.81604938271605,4.2,17.037037037037038,29.81604938271605,33.6,10,1897.55,1897.55,0.7906458333333334,,,,,,,,,,,4.2,1897.55,,,,,,,,,,
GUJ_VADODARA_2024_2025,wheat,Rabi,flowering,flowering,2025-02-08,2025-02-23,80,95,5,6,80,125,Vadodara,22.3072,73.1812,,2024,2025,,0,pending_actual_apy,4.2,17.37708333333333,30.370833333333337,4.2,17.37708333333333,30.370833333333337,35.3,24,2291.9,2291.9,0.8041754385964912,,,,,,,,,,,4.2,2291.9,,0.667205568343874,0.207148998863766,0.5370890299479166,153.39161512586804,83.38302031017486,45.36198009006561,63.0,1.0,auxiliary_external_image_dataset
GUJ_VADODARA_2024_2025,wheat,Rabi,grain_filling_initial,grain_filling_initial,2025-02-23,2025-03-05,95,105,6,7,95,125,Vadodara,22.3072,73.1812,,2024,2025,,0,pending_actual_apy,4.2,17.852830188679246,30.849056603773583,4.2,17.852830188679246,30.849056603773583,37.4,34,2581.2,2581.2,0.8194285714285714,,,,,,,,,,,4.2,2581.2,,0.64207763671875,0.2100675723866411,0.538883518528294,155.23204857078758,96.45987870499894,40.98217857979439,185.0,1.0,auxiliary_external_image_dataset
GUJ_VADODARA_2024_2025,wheat,Rabi,grain_filling,grain_filling,2025-03-05,2025-03-15,105,115,7,8,105,125,Vadodara,22.3072,73.1812,,2024,2025,,0,pending_actual_apy,4.2,18.27413793103448,31.49827586206896,4.2,18.27413793103448,31.49827586206896,40.9,44,2886.8,2886.8,0.8367536231884058,,,,,,,,,,,4.2,2886.8,,0.0612841694294905,0.0121212011134459,0.035730185628939,174.61391897762522,91.87537351976924,38.60734619813807,238.0,1.0,auxiliary_external_image_dataset
GUJ_VADODARA_2024_2025,wheat,Rabi,maturity_preharvest,maturity_preharvest,2025-03-15,2025-03-25,115,130,8,9,115,125,Vadodara,22.3072,73.1812,,2024,2025,,0,pending_actual_apy,4.2,18.66746031746032,31.998412698412704,4.2,18.66746031746032,31.998412698412704,40.9,54,3191.9500000000003,3191.9500000000003,0.8511866666666668,,,,,,,,,,,4.2,3191.9500000000003,,0.0008408979936079,2.9083789590208285e-07,8.322975852272727e-07,168.71288785067472,58.12083906693892,40.56065226468173,55.0,1.0,auxiliary_external_image_dataset
GUJ_VALSAD_2024_2025,wheat,Rabi,sowing,sowing,2024-11-20,2024-11-30,0,10,0,1,0,125,Valsad,,,,2024,2025,,0,pending_actual_apy,0.0,18.60909090909091,30.10909090909091,0.0,18.60909090909091,30.10909090909091,30.9,0,267.95,267.95,0.8931666666666667,,,,,,,,,,,0.0,267.95,,,,,,,,,,
GUJ_VALSAD_2024_2025,wheat,Rabi,early_vegetative,early_vegetative,2024-11-30,2024-12-10,10,20,1,2,10,125,Valsad,,,,2024,2025,,0,pending_actual_apy,0.0,19.323809523809523,30.157142857142865,0.0,19.323809523809523,30.157142857142865,32.2,3,519.55,519.55,0.8659166666666666,,,,,,,,,,,0.0,519.55,,0.880794324372944,0.3849419227053033,0.837755705180921,137.38434640984786,174.4864686664782,48.70969892802992,19.0,1.0,auxiliary_external_image_dataset
GUJ_VALSAD_2024_2025,wheat,Rabi,tillering,tillering,2024-12-10,2024-12-30,20,40,2,3,20,125,Valsad,,,,2024,2025,,0,pending_actual_apy,0.5,18.35121951219513,29.202439024390245,0.5,18.35121951219513,29.202439024390245,32.2,3,974.85,974.85,0.8123750000000001,,,,,,,,,,,0.5,974.85,,,,,,,,,,
GUJ_VALSAD_2024_2025,wheat,Rabi,stem_elongation,stem_elongation,2024-12-30,2025-01-19,40,60,3,4,40,125,Valsad,,,,2024,2025,,0,pending_actual_apy,0.5,18.262295081967213,29.324590163934424,0.5,18.262295081967213,29.324590163934424,32.5,5,1451.4,1451.4,0.8063333333333333,,,,,,,,,,,0.5,1451.4,,,,,,,,,,
GUJ_VALSAD_2024_2025,wheat,Rabi,booting_heading,booting_heading,2025-01-19,2025-02-08,60,80,4,5,60,125,Valsad,,,,2024,2025,,0,pending_actual_apy,0.5,18.18024691358025,29.55802469135802,0.5,18.18024691358025,29.55802469135802,33.7,10,1933.4,1933.4,0.8055833333333333,,,,,,,,,,,0.5,1933.4,,,,,,,,,,
GUJ_VALSAD_2024_2025,wheat,Rabi,flowering,flowering,2025-02-08,2025-02-23,80,95,5,6,80,125,Valsad,,,,2024,2025,,0,pending_actual_apy,0.5,18.3375,30.04895833333333,0.5,18.3375,30.04895833333333,36.2,20,2322.55,2322.55,0.8149298245614036,,,,,,,,,,,0.5,2322.55,,0.667205568343874,0.207148998863766,0.5370890299479166,153.39161512586804,83.38302031017486,45.36198009006561,63.0,1.0,auxiliary_external_image_dataset
GUJ_VALSAD_2024_2025,wheat,Rabi,grain_filling_initial,grain_filling_initial,2025-02-23,2025-03-05,95,105,6,7,95,125,Valsad,,,,2024,2025,,0,pending_actual_apy,0.5,18.647169811320754,30.5122641509434,0.5,18.647169811320754,30.5122641509434,36.8,30,2605.4500000000003,2605.4500000000003,0.8271269841269843,,,,,,,,,,,0.5,2605.4500000000003,,0.64207763671875,0.2100675723866411,0.538883518528294,155.23204857078758,96.45987870499894,40.98217857979439,185.0,1.0,auxiliary_external_image_dataset
GUJ_VALSAD_2024_2025,wheat,Rabi,grain_filling,grain_filling,2025-03-05,2025-03-15,105,115,7,8,105,125,Valsad,,,,2024,2025,,0,pending_actual_apy,0.5,18.94224137931034,30.981896551724137,0.5,18.94224137931034,30.981896551724137,39.9,40,2895.5999999999995,2895.5999999999995,0.8393043478260868,,,,,,,,,,,0.5,2895.5999999999995,,0.0612841694294905,0.0121212011134459,0.035730185628939,174.61391897762522,91.87537351976924,38.60734619813807,238.0,1.0,auxiliary_external_image_dataset
GUJ_VALSAD_2024_2025,wheat,Rabi,maturity_preharvest,maturity_preharvest,2025-03-15,2025-03-25,115,130,8,9,115,125,Valsad,,,,2024,2025,,0,pending_actual_apy,0.5,19.170634920634924,31.19444444444444,0.5,19.170634920634924,31.19444444444444,39.9,50,3173.0,3173.0,0.8461333333333333,,,,,,,,,,,0.5,3173.0,,0.0008408979936079,2.9083789590208285e-07,8.322975852272727e-07,168.71288785067472,58.12083906693892,40.56065226468173,55.0,1.0,auxiliary_external_image_dataset
