image_id,image_path,source_dataset,region,crop,stage_label_original,stage_label_standardized,image_type,acquisition_year,split_allowed,notes,source_file
mendeley_early_vegetative_Seedling_&_Plant_(1),data/raw/images/auxiliary_wheat_images/WheatPhenology A Multi-Stage Field Image Dataset o/1. Seedling & Plant/Seedling & Plant (1).jpg,Mendeley_WheatPhenology,India,wheat,Seedling & Plant,early_vegetative,RGB,,yes,,mendeley_image_metadata.csv
mendeley_early_vegetative_Seedling_&_Plant_(10),data/raw/images/auxiliary_wheat_images/WheatPhenology A Multi-Stage Field Image Dataset o/1. Seedling & Plant/Seedling & Plant (10).jpg,Mendeley_WheatPhenology,India,wheat,Seedling & Plant,early_vegetative,RGB,,yes,,mendeley_image_metadata.csv
mendeley_early_vegetative_Seedling_&_Plant_(11),data/raw/images/auxiliary_wheat_images/WheatPhenology A Multi-Stage Field Image Dataset o/1. Seedling & Plant/Seedling & Plant (11).jpg,Mendeley_WheatPhenology,India,wheat,Seedling & Plant,early_vegetative,RGB,,yes,,mendeley_image_metadata.csv
mendeley_early_vegetative_Seedling_&_Plant_(12),data/raw/images/auxiliary_wheat_images/WheatPhenology A Multi-Stage Field Image Dataset o/1. Seedling & Plant/Seedling & Plant (12).jpg,Mendeley_WheatPhenology,India,wheat,Seedling & Plant,early_vegetative,RGB,,yes,,mendeley_image_metadata.csv
mendeley_early_vegetative_Seedling_&_Plant_(13),data/raw/images/auxiliary_wheat_images/WheatPhenology A Multi-Stage Field Image Dataset o/1. Seedling & Plant/Seedling & Plant (13).jpg,Mendeley_WheatPhenology,India,wheat,Seedling & Plant,early_vegetative,RGB,,yes,,mendeley_image_metadata.csv
mendeley_early_vegetative_Seedling_&_Plant_(14),data/raw/images/auxiliary_wheat_images/WheatPhenology A Multi-Stage Field Image Dataset o/1. Seedling & Plant/Seedling & Plant (14).jpg,Mendeley_WheatPhenology,India,wheat,Seedling & Plant,early_vegetative,RGB,,yes,,mendeley_image_metadata.csv
mendeley_early_vegetative_Seedling_&_Plant_(15),data/raw/images/auxiliary_wheat_images/WheatPhenology A Multi-Stage Field Image Dataset o/1. Seedling & Plant/Seedling & Plant (15).jpg,Mendeley_WheatPhenology,India,wheat,Seedling & Plant,early_vegetative,RGB,,yes,,mendeley_image_metadata.csv
mendeley_early_vegetative_Seedling_&_Plant_(16),data/raw/images/auxiliary_wheat_images/WheatPhenology A Multi-Stage Field Image Dataset o/1. Seedling & Plant/Seedling & Plant (16).jpg,Mendeley_WheatPhenology,India,wheat,Seedling & Plant,early_vegetative,RGB,,yes,,mendeley_image_metadata.csv
mendeley_early_vegetative_Seedling_&_Plant_(17),data/raw/images/auxiliary_wheat_images/WheatPhenology A Multi-Stage Field Image Dataset o/1. Seedling & Plant/Seedling & Plant (17).jpg,Mendeley_WheatPhenology,India,wheat,Seedling & Plant,early_vegetative,RGB,,yes,,mendeley_image_metadata.csv
mendeley_early_vegetative_Seedling_&_Plant_(18),data/raw/images/auxiliary_wheat_images/WheatPhenology A Multi-Stage Field Image Dataset o/1. Seedling & Plant/Seedling & Plant (18).jpg,Mendeley_WheatPhenology,India,wheat,Seedling & Plant,early_vegetative,RGB,,yes,,mendeley_image_metadata.csv
mendeley_early_vegetative_Seedling_&_Plant_(19),data/raw/images/auxiliary_wheat_images/WheatPhenology A Multi-Stage Field Image Dataset o/1. Seedling & Plant/Seedling & Plant (19).jpg,Mendeley_WheatPhenology,India,wheat,Seedling & Plant,early_vegetative,RGB,,yes,,mendeley_image_metadata.csv
mendeley_early_vegetative_Seedling_&_Plant_(2),data/raw/images/auxiliary_wheat_images/WheatPhenology A Multi-Stage Field Image Dataset o/1. Seedling & Plant/Seedling & Plant (2).jpg,Mendeley_WheatPhenology,India,wheat,Seedling & Plant,early_vegetative,RGB,,yes,,mendeley_image_metadata.csv
mendeley_early_vegetative_Seedling_&_Plant_(3),data/raw/images/auxiliary_wheat_images/WheatPhenology A Multi-Stage Field Image Dataset o/1. Seedling & Plant/Seedling & Plant (3).jpg,Mendeley_WheatPhenology,India,wheat,Seedling & Plant,early_vegetative,RGB,,yes,,mendeley_image_metadata.csv
mendeley_early_vegetative_Seedling_&_Plant_(4),data/raw/images/auxiliary_wheat_images/WheatPhenology A Multi-Stage Field Image Dataset o/1. Seedling & Plant/Seedling & Plant (4).jpg,Mendeley_WheatPhenology,India,wheat,Seedling & Plant,early_vegetative,RGB,,yes,,mendeley_image_metadata.csv
mendeley_early_vegetative_Seedling_&_Plant_(5),data/raw/images/auxiliary_wheat_images/WheatPhenology A Multi-Stage Field Image Dataset o/1. Seedling & Plant/Seedling & Plant (5).jpg,Mendeley_WheatPhenology,India,wheat,Seedling & Plant,early_vegetative,RGB,,yes,,mendeley_image_metadata.csv
mendeley_early_vegetative_Seedling_&_Plant_(6),data/raw/images/auxiliary_wheat_images/WheatPhenology A Multi-Stage Field Image Dataset o/1. Seedling & Plant/Seedling & Plant (6).jpg,Mendeley_WheatPhenology,India,wheat,Seedling & Plant,early_vegetative,RGB,,yes,,mendeley_image_metadata.csv
mendeley_early_vegetative_Seedling_&_Plant_(7),data/raw/images/auxiliary_wheat_images/WheatPhenology A Multi-Stage Field Image Dataset o/1. Seedling & Plant/Seedling & Plant (7).jpg,Mendeley_WheatPhenology,India,wheat,Seedling & Plant,early_vegetative,RGB,,yes,,mendeley_image_metadata.csv
mendeley_early_vegetative_Seedling_&_Plant_(8),data/raw/images/auxiliary_wheat_images/WheatPhenology A Multi-Stage Field Image Dataset o/1. Seedling & Plant/Seedling & Plant (8).jpg,Mendeley_WheatPhenology,India,wheat,Seedling & Plant,early_vegetative,RGB,,yes,,mendeley_image_metadata.csv
mendeley_early_vegetative_Seedling_&_Plant_(9),data/raw/images/auxiliary_wheat_images/WheatPhenology A Multi-Stage Field Image Dataset o/1. Seedling & Plant/Seedling & Plant (9).jpg,Mendeley_WheatPhenology,India,wheat,Seedling & Plant,early_vegetative,RGB,,yes,,mendeley_image_metadata.csv
mendeley_flowering_Wheat_Flowers_(1),data/raw/images/auxiliary_wheat_images/WheatPhenology A Multi-Stage Field Image Dataset o/2. Wheat Flowers/Wheat Flowers (1).jpg,Mendeley_WheatPhenology,India,wheat,Wheat Flowers,flowering,RGB,,yes,,mendeley_image_metadata.csv
mendeley_flowering_Wheat_Flowers_(10),data/raw/images/auxiliary_wheat_images/WheatPhenology A Multi-Stage Field Image Dataset o/2. Wheat Flowers/Wheat Flowers (10).jpg,Mendeley_WheatPhenology,India,wheat,Wheat Flowers,flowering,RGB,,yes,,mendeley_image_metadata.csv
mendeley_flowering_Wheat_Flowers_(11),data/raw/images/auxiliary_wheat_images/WheatPhenology A Multi-Stage Field Image Dataset o/2. Wheat Flowers/Wheat Flowers (11).jpg,Mendeley_WheatPhenology,India,wheat,Wheat Flowers,flowering,RGB,,yes,,mendeley_image_metadata.csv
mendeley_flowering_Wheat_Flowers_(12),data/raw/images/auxiliary_wheat_images/WheatPhenology A Multi-Stage Field Image Dataset o/2. Wheat Flowers/Wheat Flowers (12).jpg,Mendeley_WheatPhenology,India,wheat,Wheat Flowers,flowering,RGB,,yes,,mendeley_image_metadata.csv
mendeley_flowering_Wheat_Flowers_(13),data/raw/images/auxiliary_wheat_images/WheatPhenology A Multi-Stage Field Image Dataset o/2. Wheat Flowers/Wheat Flowers (13).jpg,Mendeley_WheatPhenology,India,wheat,Wheat Flowers,flowering,RGB,,yes,,mendeley_image_metadata.csv
mendeley_flowering_Wheat_Flowers_(14),data/raw/images/auxiliary_wheat_images/WheatPhenology A Multi-Stage Field Image Dataset o/2. Wheat Flowers/Wheat Flowers (14).jpg,Mendeley_WheatPhenology,India,wheat,Wheat Flowers,flowering,RGB,,yes,,mendeley_image_metadata.csv
mendeley_flowering_Wheat_Flowers_(15),data/raw/images/auxiliary_wheat_images/WheatPhenology A Multi-Stage Field Image Dataset o/2. Wheat Flowers/Wheat Flowers (15).jpg,Mendeley_WheatPhenology,India,wheat,Wheat Flowers,flowering,RGB,,yes,,mendeley_image_metadata.csv
mendeley_flowering_Wheat_Flowers_(16),data/raw/images/auxiliary_wheat_images/WheatPhenology A Multi-Stage Field Image Dataset o/2. Wheat Flowers/Wheat Flowers (16).jpg,Mendeley_WheatPhenology,India,wheat,Wheat Flowers,flowering,RGB,,yes,,mendeley_image_metadata.csv
mendeley_flowering_Wheat_Flowers_(17),data/raw/images/auxiliary_wheat_images/WheatPhenology A Multi-Stage Field Image Dataset o/2. Wheat Flowers/Wheat Flowers (17).jpg,Mendeley_WheatPhenology,India,wheat,Wheat Flowers,flowering,RGB,,yes,,mendeley_image_metadata.csv
mendeley_flowering_Wheat_Flowers_(18),data/raw/images/auxiliary_wheat_images/WheatPhenology A Multi-Stage Field Image Dataset o/2. Wheat Flowers/Wheat Flowers (18).jpg,Mendeley_WheatPhenology,India,wheat,Wheat Flowers,flowering,RGB,,yes,,mendeley_image_metadata.csv
mendeley_flowering_Wheat_Flowers_(19),data/raw/images/auxiliary_wheat_images/WheatPhenology A Multi-Stage Field Image Dataset o/2. Wheat Flowers/Wheat Flowers (19).jpg,Mendeley_WheatPhenology,India,wheat,Wheat Flowers,flowering,RGB,,yes,,mendeley_image_metadata.csv
mendeley_flowering_Wheat_Flowers_(2),data/raw/images/auxiliary_wheat_images/WheatPhenology A Multi-Stage Field Image Dataset o/2. Wheat Flowers/Wheat Flowers (2).jpg,Mendeley_WheatPhenology,India,wheat,Wheat Flowers,flowering,RGB,,yes,,mendeley_image_metadata.csv
mendeley_flowering_Wheat_Flowers_(20),data/raw/images/auxiliary_wheat_images/WheatPhenology A Multi-Stage Field Image Dataset o/2. Wheat Flowers/Wheat Flowers (20).jpg,Mendeley_WheatPhenology,India,wheat,Wheat Flowers,flowering,RGB,,yes,,mendeley_image_metadata.csv
mendeley_flowering_Wheat_Flowers_(21),data/raw/images/auxiliary_wheat_images/WheatPhenology A Multi-Stage Field Image Dataset o/2. Wheat Flowers/Wheat Flowers (21).jpg,Mendeley_WheatPhenology,India,wheat,Wheat Flowers,flowering,RGB,,yes,,mendeley_image_metadata.csv
mendeley_flowering_Wheat_Flowers_(22),data/raw/images/auxiliary_wheat_images/WheatPhenology A Multi-Stage Field Image Dataset o/2. Wheat Flowers/Wheat Flowers (22).jpg,Mendeley_WheatPhenology,India,wheat,Wheat Flowers,flowering,RGB,,yes,,mendeley_image_metadata.csv
mendeley_flowering_Wheat_Flowers_(23),data/raw/images/auxiliary_wheat_images/WheatPhenology A Multi-Stage Field Image Dataset o/2. Wheat Flowers/Wheat Flowers (23).jpg,Mendeley_WheatPhenology,India,wheat,Wheat Flowers,flowering,RGB,,yes,,mendeley_image_metadata.csv
mendeley_flowering_Wheat_Flowers_(24),data/raw/images/auxiliary_wheat_images/WheatPhenology A Multi-Stage Field Image Dataset o/2. Wheat Flowers/Wheat Flowers (24).jpg,Mendeley_WheatPhenology,India,wheat,Wheat Flowers,flowering,RGB,,yes,,mendeley_image_metadata.csv
mendeley_flowering_Wheat_Flowers_(25),data/raw/images/auxiliary_wheat_images/WheatPhenology A Multi-Stage Field Image Dataset o/2. Wheat Flowers/Wheat Flowers (25).jpg,Mendeley_WheatPhenology,India,wheat,Wheat Flowers,flowering,RGB,,yes,,mendeley_image_metadata.csv
mendeley_flowering_Wheat_Flowers_(26),data/raw/images/auxiliary_wheat_images/WheatPhenology A Multi-Stage Field Image Dataset o/2. Wheat Flowers/Wheat Flowers (26).jpg,Mendeley_WheatPhenology,India,wheat,Wheat Flowers,flowering,RGB,,yes,,mendeley_image_metadata.csv
mendeley_flowering_Wheat_Flowers_(27),data/raw/images/auxiliary_wheat_images/WheatPhenology A Multi-Stage Field Image Dataset o/2. Wheat Flowers/Wheat Flowers (27).jpg,Mendeley_WheatPhenology,India,wheat,Wheat Flowers,flowering,RGB,,yes,,mendeley_image_metadata.csv
mendeley_flowering_Wheat_Flowers_(28),data/raw/images/auxiliary_wheat_images/WheatPhenology A Multi-Stage Field Image Dataset o/2. Wheat Flowers/Wheat Flowers (28).jpg,Mendeley_WheatPhenology,India,wheat,Wheat Flowers,flowering,RGB,,yes,,mendeley_image_metadata.csv
mendeley_flowering_Wheat_Flowers_(29),data/raw/images/auxiliary_wheat_images/WheatPhenology A Multi-Stage Field Image Dataset o/2. Wheat Flowers/Wheat Flowers (29).jpg,Mendeley_WheatPhenology,India,wheat,Wheat Flowers,flowering,RGB,,yes,,mendeley_image_metadata.csv
mendeley_flowering_Wheat_Flowers_(3),data/raw/images/auxiliary_wheat_images/WheatPhenology A Multi-Stage Field Image Dataset o/2. Wheat Flowers/Wheat Flowers (3).jpg,Mendeley_WheatPhenology,India,wheat,Wheat Flowers,flowering,RGB,,yes,,mendeley_image_metadata.csv
mendeley_flowering_Wheat_Flowers_(30),data/raw/images/auxiliary_wheat_images/WheatPhenology A Multi-Stage Field Image Dataset o/2. Wheat Flowers/Wheat Flowers (30).jpg,Mendeley_WheatPhenology,India,wheat,Wheat Flowers,flowering,RGB,,yes,,mendeley_image_metadata.csv
mendeley_flowering_Wheat_Flowers_(31),data/raw/images/auxiliary_wheat_images/WheatPhenology A Multi-Stage Field Image Dataset o/2. Wheat Flowers/Wheat Flowers (31).jpg,Mendeley_WheatPhenology,India,wheat,Wheat Flowers,flowering,RGB,,yes,,mendeley_image_metadata.csv
mendeley_flowering_Wheat_Flowers_(32),data/raw/images/auxiliary_wheat_images/WheatPhenology A Multi-Stage Field Image Dataset o/2. Wheat Flowers/Wheat Flowers (32).jpg,Mendeley_WheatPhenology,India,wheat,Wheat Flowers,flowering,RGB,,yes,,mendeley_image_metadata.csv
mendeley_flowering_Wheat_Flowers_(33),data/raw/images/auxiliary_wheat_images/WheatPhenology A Multi-Stage Field Image Dataset o/2. Wheat Flowers/Wheat Flowers (33).jpg,Mendeley_WheatPhenology,India,wheat,Wheat Flowers,flowering,RGB,,yes,,mendeley_image_metadata.csv
mendeley_flowering_Wheat_Flowers_(34),data/raw/images/auxiliary_wheat_images/WheatPhenology A Multi-Stage Field Image Dataset o/2. Wheat Flowers/Wheat Flowers (34).jpg,Mendeley_WheatPhenology,India,wheat,Wheat Flowers,flowering,RGB,,yes,,mendeley_image_metadata.csv
mendeley_flowering_Wheat_Flowers_(35),data/raw/images/auxiliary_wheat_images/WheatPhenology A Multi-Stage Field Image Dataset o/2. Wheat Flowers/Wheat Flowers (35).jpg,Mendeley_WheatPhenology,India,wheat,Wheat Flowers,flowering,RGB,,yes,,mendeley_image_metadata.csv
mendeley_flowering_Wheat_Flowers_(36),data/raw/images/auxiliary_wheat_images/WheatPhenology A Multi-Stage Field Image Dataset o/2. Wheat Flowers/Wheat Flowers (36).jpg,Mendeley_WheatPhenology,India,wheat,Wheat Flowers,flowering,RGB,,yes,,mendeley_image_metadata.csv
mendeley_flowering_Wheat_Flowers_(37),data/raw/images/auxiliary_wheat_images/WheatPhenology A Multi-Stage Field Image Dataset o/2. Wheat Flowers/Wheat Flowers (37).jpg,Mendeley_WheatPhenology,India,wheat,Wheat Flowers,flowering,RGB,,yes,,mendeley_image_metadata.csv
mendeley_flowering_Wheat_Flowers_(38),data/raw/images/auxiliary_wheat_images/WheatPhenology A Multi-Stage Field Image Dataset o/2. Wheat Flowers/Wheat Flowers (38).jpg,Mendeley_WheatPhenology,India,wheat,Wheat Flowers,flowering,RGB,,yes,,mendeley_image_metadata.csv
mendeley_flowering_Wheat_Flowers_(39),data/raw/images/auxiliary_wheat_images/WheatPhenology A Multi-Stage Field Image Dataset o/2. Wheat Flowers/Wheat Flowers (39).jpg,Mendeley_WheatPhenology,India,wheat,Wheat Flowers,flowering,RGB,,yes,,mendeley_image_metadata.csv
mendeley_flowering_Wheat_Flowers_(4),data/raw/images/auxiliary_wheat_images/WheatPhenology A Multi-Stage Field Image Dataset o/2. Wheat Flowers/Wheat Flowers (4).jpg,Mendeley_WheatPhenology,India,wheat,Wheat Flowers,flowering,RGB,,yes,,mendeley_image_metadata.csv
mendeley_flowering_Wheat_Flowers_(40),data/raw/images/auxiliary_wheat_images/WheatPhenology A Multi-Stage Field Image Dataset o/2. Wheat Flowers/Wheat Flowers (40).jpg,Mendeley_WheatPhenology,India,wheat,Wheat Flowers,flowering,RGB,,yes,,mendeley_image_metadata.csv
mendeley_flowering_Wheat_Flowers_(41),data/raw/images/auxiliary_wheat_images/WheatPhenology A Multi-Stage Field Image Dataset o/2. Wheat Flowers/Wheat Flowers (41).jpg,Mendeley_WheatPhenology,India,wheat,Wheat Flowers,flowering,RGB,,yes,,mendeley_image_metadata.csv
mendeley_flowering_Wheat_Flowers_(42),data/raw/images/auxiliary_wheat_images/WheatPhenology A Multi-Stage Field Image Dataset o/2. Wheat Flowers/Wheat Flowers (42).jpg,Mendeley_WheatPhenology,India,wheat,Wheat Flowers,flowering,RGB,,yes,,mendeley_image_metadata.csv
mendeley_flowering_Wheat_Flowers_(43),data/raw/images/auxiliary_wheat_images/WheatPhenology A Multi-Stage Field Image Dataset o/2. Wheat Flowers/Wheat Flowers (43).jpg,Mendeley_WheatPhenology,India,wheat,Wheat Flowers,flowering,RGB,,yes,,mendeley_image_metadata.csv
mendeley_flowering_Wheat_Flowers_(44),data/raw/images/auxiliary_wheat_images/WheatPhenology A Multi-Stage Field Image Dataset o/2. Wheat Flowers/Wheat Flowers (44).jpg,Mendeley_WheatPhenology,India,wheat,Wheat Flowers,flowering,RGB,,yes,,mendeley_image_metadata.csv
mendeley_flowering_Wheat_Flowers_(45),data/raw/images/auxiliary_wheat_images/WheatPhenology A Multi-Stage Field Image Dataset o/2. Wheat Flowers/Wheat Flowers (45).jpg,Mendeley_WheatPhenology,India,wheat,Wheat Flowers,flowering,RGB,,yes,,mendeley_image_metadata.csv
mendeley_flowering_Wheat_Flowers_(46),data/raw/images/auxiliary_wheat_images/WheatPhenology A Multi-Stage Field Image Dataset o/2. Wheat Flowers/Wheat Flowers (46).jpg,Mendeley_WheatPhenology,India,wheat,Wheat Flowers,flowering,RGB,,yes,,mendeley_image_metadata.csv
mendeley_flowering_Wheat_Flowers_(47),data/raw/images/auxiliary_wheat_images/WheatPhenology A Multi-Stage Field Image Dataset o/2. Wheat Flowers/Wheat Flowers (47).jpg,Mendeley_WheatPhenology,India,wheat,Wheat Flowers,flowering,RGB,,yes,,mendeley_image_metadata.csv
mendeley_flowering_Wheat_Flowers_(48),data/raw/images/auxiliary_wheat_images/WheatPhenology A Multi-Stage Field Image Dataset o/2. Wheat Flowers/Wheat Flowers (48).jpg,Mendeley_WheatPhenology,India,wheat,Wheat Flowers,flowering,RGB,,yes,,mendeley_image_metadata.csv
mendeley_flowering_Wheat_Flowers_(49),data/raw/images/auxiliary_wheat_images/WheatPhenology A Multi-Stage Field Image Dataset o/2. Wheat Flowers/Wheat Flowers (49).jpg,Mendeley_WheatPhenology,India,wheat,Wheat Flowers,flowering,RGB,,yes,,mendeley_image_metadata.csv
mendeley_flowering_Wheat_Flowers_(5),data/raw/images/auxiliary_wheat_images/WheatPhenology A Multi-Stage Field Image Dataset o/2. Wheat Flowers/Wheat Flowers (5).jpg,Mendeley_WheatPhenology,India,wheat,Wheat Flowers,flowering,RGB,,yes,,mendeley_image_metadata.csv
mendeley_flowering_Wheat_Flowers_(50),data/raw/images/auxiliary_wheat_images/WheatPhenology A Multi-Stage Field Image Dataset o/2. Wheat Flowers/Wheat Flowers (50).jpg,Mendeley_WheatPhenology,India,wheat,Wheat Flowers,flowering,RGB,,yes,,mendeley_image_metadata.csv
mendeley_flowering_Wheat_Flowers_(51),data/raw/images/auxiliary_wheat_images/WheatPhenology A Multi-Stage Field Image Dataset o/2. Wheat Flowers/Wheat Flowers (51).jpg,Mendeley_WheatPhenology,India,wheat,Wheat Flowers,flowering,RGB,,yes,,mendeley_image_metadata.csv
mendeley_flowering_Wheat_Flowers_(52),data/raw/images/auxiliary_wheat_images/WheatPhenology A Multi-Stage Field Image Dataset o/2. Wheat Flowers/Wheat Flowers (52).jpg,Mendeley_WheatPhenology,India,wheat,Wheat Flowers,flowering,RGB,,yes,,mendeley_image_metadata.csv
mendeley_flowering_Wheat_Flowers_(53),data/raw/images/auxiliary_wheat_images/WheatPhenology A Multi-Stage Field Image Dataset o/2. Wheat Flowers/Wheat Flowers (53).jpg,Mendeley_WheatPhenology,India,wheat,Wheat Flowers,flowering,RGB,,yes,,mendeley_image_metadata.csv
mendeley_flowering_Wheat_Flowers_(54),data/raw/images/auxiliary_wheat_images/WheatPhenology A Multi-Stage Field Image Dataset o/2. Wheat Flowers/Wheat Flowers (54).jpg,Mendeley_WheatPhenology,India,wheat,Wheat Flowers,flowering,RGB,,yes,,mendeley_image_metadata.csv
mendeley_flowering_Wheat_Flowers_(55),data/raw/images/auxiliary_wheat_images/WheatPhenology A Multi-Stage Field Image Dataset o/2. Wheat Flowers/Wheat Flowers (55).jpg,Mendeley_WheatPhenology,India,wheat,Wheat Flowers,flowering,RGB,,yes,,mendeley_image_metadata.csv
mendeley_flowering_Wheat_Flowers_(56),data/raw/images/auxiliary_wheat_images/WheatPhenology A Multi-Stage Field Image Dataset o/2. Wheat Flowers/Wheat Flowers (56).jpg,Mendeley_WheatPhenology,India,wheat,Wheat Flowers,flowering,RGB,,yes,,mendeley_image_metadata.csv
mendeley_flowering_Wheat_Flowers_(57),data/raw/images/auxiliary_wheat_images/WheatPhenology A Multi-Stage Field Image Dataset o/2. Wheat Flowers/Wheat Flowers (57).jpg,Mendeley_WheatPhenology,India,wheat,Wheat Flowers,flowering,RGB,,yes,,mendeley_image_metadata.csv
mendeley_flowering_Wheat_Flowers_(58),data/raw/images/auxiliary_wheat_images/WheatPhenology A Multi-Stage Field Image Dataset o/2. Wheat Flowers/Wheat Flowers (58).jpg,Mendeley_WheatPhenology,India,wheat,Wheat Flowers,flowering,RGB,,yes,,mendeley_image_metadata.csv
mendeley_flowering_Wheat_Flowers_(59),data/raw/images/auxiliary_wheat_images/WheatPhenology A Multi-Stage Field Image Dataset o/2. Wheat Flowers/Wheat Flowers (59).jpg,Mendeley_WheatPhenology,India,wheat,Wheat Flowers,flowering,RGB,,yes,,mendeley_image_metadata.csv
mendeley_flowering_Wheat_Flowers_(6),data/raw/images/auxiliary_wheat_images/WheatPhenology A Multi-Stage Field Image Dataset o/2. Wheat Flowers/Wheat Flowers (6).jpg,Mendeley_WheatPhenology,India,wheat,Wheat Flowers,flowering,RGB,,yes,,mendeley_image_metadata.csv
mendeley_flowering_Wheat_Flowers_(60),data/raw/images/auxiliary_wheat_images/WheatPhenology A Multi-Stage Field Image Dataset o/2. Wheat Flowers/Wheat Flowers (60).jpg,Mendeley_WheatPhenology,India,wheat,Wheat Flowers,flowering,RGB,,yes,,mendeley_image_metadata.csv
mendeley_flowering_Wheat_Flowers_(61),data/raw/images/auxiliary_wheat_images/WheatPhenology A Multi-Stage Field Image Dataset o/2. Wheat Flowers/Wheat Flowers (61).jpg,Mendeley_WheatPhenology,India,wheat,Wheat Flowers,flowering,RGB,,yes,,mendeley_image_metadata.csv
mendeley_flowering_Wheat_Flowers_(62),data/raw/images/auxiliary_wheat_images/WheatPhenology A Multi-Stage Field Image Dataset o/2. Wheat Flowers/Wheat Flowers (62).jpg,Mendeley_WheatPhenology,India,wheat,Wheat Flowers,flowering,RGB,,yes,,mendeley_image_metadata.csv
mendeley_flowering_Wheat_Flowers_(63),data/raw/images/auxiliary_wheat_images/WheatPhenology A Multi-Stage Field Image Dataset o/2. Wheat Flowers/Wheat Flowers (63).jpg,Mendeley_WheatPhenology,India,wheat,Wheat Flowers,flowering,RGB,,yes,,mendeley_image_metadata.csv
mendeley_flowering_Wheat_Flowers_(7),data/raw/images/auxiliary_wheat_images/WheatPhenology A Multi-Stage Field Image Dataset o/2. Wheat Flowers/Wheat Flowers (7).jpg,Mendeley_WheatPhenology,India,wheat,Wheat Flowers,flowering,RGB,,yes,,mendeley_image_metadata.csv
mendeley_flowering_Wheat_Flowers_(8),data/raw/images/auxiliary_wheat_images/WheatPhenology A Multi-Stage Field Image Dataset o/2. Wheat Flowers/Wheat Flowers (8).jpg,Mendeley_WheatPhenology,India,wheat,Wheat Flowers,flowering,RGB,,yes,,mendeley_image_metadata.csv
mendeley_flowering_Wheat_Flowers_(9),data/raw/images/auxiliary_wheat_images/WheatPhenology A Multi-Stage Field Image Dataset o/2. Wheat Flowers/Wheat Flowers (9).jpg,Mendeley_WheatPhenology,India,wheat,Wheat Flowers,flowering,RGB,,yes,,mendeley_image_metadata.csv
mendeley_grain_filling_initial_Plant_with_Fruit_(1),data/raw/images/auxiliary_wheat_images/WheatPhenology A Multi-Stage Field Image Dataset o/3. Plant with Fruit/Plant with Fruit (1).jpg,Mendeley_WheatPhenology,India,wheat,Plant with Fruit,grain_filling_initial,RGB,,yes,,mendeley_image_metadata.csv
mendeley_grain_filling_initial_Plant_with_Fruit_(10),data/raw/images/auxiliary_wheat_images/WheatPhenology A Multi-Stage Field Image Dataset o/3. Plant with Fruit/Plant with Fruit (10).jpg,Mendeley_WheatPhenology,India,wheat,Plant with Fruit,grain_filling_initial,RGB,,yes,,mendeley_image_metadata.csv
mendeley_grain_filling_initial_Plant_with_Fruit_(100),data/raw/images/auxiliary_wheat_images/WheatPhenology A Multi-Stage Field Image Dataset o/3. Plant with Fruit/Plant with Fruit (100).jpg,Mendeley_WheatPhenology,India,wheat,Plant with Fruit,grain_filling_initial,RGB,,yes,,mendeley_image_metadata.csv
mendeley_grain_filling_initial_Plant_with_Fruit_(101),data/raw/images/auxiliary_wheat_images/WheatPhenology A Multi-Stage Field Image Dataset o/3. Plant with Fruit/Plant with Fruit (101).jpg,Mendeley_WheatPhenology,India,wheat,Plant with Fruit,grain_filling_initial,RGB,,yes,,mendeley_image_metadata.csv
mendeley_grain_filling_initial_Plant_with_Fruit_(102),data/raw/images/auxiliary_wheat_images/WheatPhenology A Multi-Stage Field Image Dataset o/3. Plant with Fruit/Plant with Fruit (102).jpg,Mendeley_WheatPhenology,India,wheat,Plant with Fruit,grain_filling_initial,RGB,,yes,,mendeley_image_metadata.csv
mendeley_grain_filling_initial_Plant_with_Fruit_(103),data/raw/images/auxiliary_wheat_images/WheatPhenology A Multi-Stage Field Image Dataset o/3. Plant with Fruit/Plant with Fruit (103).jpg,Mendeley_WheatPhenology,India,wheat,Plant with Fruit,grain_filling_initial,RGB,,yes,,mendeley_image_metadata.csv
mendeley_grain_filling_initial_Plant_with_Fruit_(104),data/raw/images/auxiliary_wheat_images/WheatPhenology A Multi-Stage Field Image Dataset o/3. Plant with Fruit/Plant with Fruit (104).jpg,Mendeley_WheatPhenology,India,wheat,Plant with Fruit,grain_filling_initial,RGB,,yes,,mendeley_image_metadata.csv
mendeley_grain_filling_initial_Plant_with_Fruit_(105),data/raw/images/auxiliary_wheat_images/WheatPhenology A Multi-Stage Field Image Dataset o/3. Plant with Fruit/Plant with Fruit (105).jpg,Mendeley_WheatPhenology,India,wheat,Plant with Fruit,grain_filling_initial,RGB,,yes,,mendeley_image_metadata.csv
mendeley_grain_filling_initial_Plant_with_Fruit_(106),data/raw/images/auxiliary_wheat_images/WheatPhenology A Multi-Stage Field Image Dataset o/3. Plant with Fruit/Plant with Fruit (106).jpg,Mendeley_WheatPhenology,India,wheat,Plant with Fruit,grain_filling_initial,RGB,,yes,,mendeley_image_metadata.csv
mendeley_grain_filling_initial_Plant_with_Fruit_(107),data/raw/images/auxiliary_wheat_images/WheatPhenology A Multi-Stage Field Image Dataset o/3. Plant with Fruit/Plant with Fruit (107).jpg,Mendeley_WheatPhenology,India,wheat,Plant with Fruit,grain_filling_initial,RGB,,yes,,mendeley_image_metadata.csv
mendeley_grain_filling_initial_Plant_with_Fruit_(108),data/raw/images/auxiliary_wheat_images/WheatPhenology A Multi-Stage Field Image Dataset o/3. Plant with Fruit/Plant with Fruit (108).jpg,Mendeley_WheatPhenology,India,wheat,Plant with Fruit,grain_filling_initial,RGB,,yes,,mendeley_image_metadata.csv
mendeley_grain_filling_initial_Plant_with_Fruit_(109),data/raw/images/auxiliary_wheat_images/WheatPhenology A Multi-Stage Field Image Dataset o/3. Plant with Fruit/Plant with Fruit (109).jpg,Mendeley_WheatPhenology,India,wheat,Plant with Fruit,grain_filling_initial,RGB,,yes,,mendeley_image_metadata.csv
mendeley_grain_filling_initial_Plant_with_Fruit_(11),data/raw/images/auxiliary_wheat_images/WheatPhenology A Multi-Stage Field Image Dataset o/3. Plant with Fruit/Plant with Fruit (11).jpg,Mendeley_WheatPhenology,India,wheat,Plant with Fruit,grain_filling_initial,RGB,,yes,,mendeley_image_metadata.csv
mendeley_grain_filling_initial_Plant_with_Fruit_(110),data/raw/images/auxiliary_wheat_images/WheatPhenology A Multi-Stage Field Image Dataset o/3. Plant with Fruit/Plant with Fruit (110).jpg,Mendeley_WheatPhenology,India,wheat,Plant with Fruit,grain_filling_initial,RGB,,yes,,mendeley_image_metadata.csv
mendeley_grain_filling_initial_Plant_with_Fruit_(111),data/raw/images/auxiliary_wheat_images/WheatPhenology A Multi-Stage Field Image Dataset o/3. Plant with Fruit/Plant with Fruit (111).jpg,Mendeley_WheatPhenology,India,wheat,Plant with Fruit,grain_filling_initial,RGB,,yes,,mendeley_image_metadata.csv
mendeley_grain_filling_initial_Plant_with_Fruit_(112),data/raw/images/auxiliary_wheat_images/WheatPhenology A Multi-Stage Field Image Dataset o/3. Plant with Fruit/Plant with Fruit (112).jpg,Mendeley_WheatPhenology,India,wheat,Plant with Fruit,grain_filling_initial,RGB,,yes,,mendeley_image_metadata.csv
mendeley_grain_filling_initial_Plant_with_Fruit_(113),data/raw/images/auxiliary_wheat_images/WheatPhenology A Multi-Stage Field Image Dataset o/3. Plant with Fruit/Plant with Fruit (113).jpg,Mendeley_WheatPhenology,India,wheat,Plant with Fruit,grain_filling_initial,RGB,,yes,,mendeley_image_metadata.csv
mendeley_grain_filling_initial_Plant_with_Fruit_(114),data/raw/images/auxiliary_wheat_images/WheatPhenology A Multi-Stage Field Image Dataset o/3. Plant with Fruit/Plant with Fruit (114).jpg,Mendeley_WheatPhenology,India,wheat,Plant with Fruit,grain_filling_initial,RGB,,yes,,mendeley_image_metadata.csv
mendeley_grain_filling_initial_Plant_with_Fruit_(115),data/raw/images/auxiliary_wheat_images/WheatPhenology A Multi-Stage Field Image Dataset o/3. Plant with Fruit/Plant with Fruit (115).jpg,Mendeley_WheatPhenology,India,wheat,Plant with Fruit,grain_filling_initial,RGB,,yes,,mendeley_image_metadata.csv
mendeley_grain_filling_initial_Plant_with_Fruit_(116),data/raw/images/auxiliary_wheat_images/WheatPhenology A Multi-Stage Field Image Dataset o/3. Plant with Fruit/Plant with Fruit (116).jpg,Mendeley_WheatPhenology,India,wheat,Plant with Fruit,grain_filling_initial,RGB,,yes,,mendeley_image_metadata.csv
mendeley_grain_filling_initial_Plant_with_Fruit_(117),data/raw/images/auxiliary_wheat_images/WheatPhenology A Multi-Stage Field Image Dataset o/3. Plant with Fruit/Plant with Fruit (117).jpg,Mendeley_WheatPhenology,India,wheat,Plant with Fruit,grain_filling_initial,RGB,,yes,,mendeley_image_metadata.csv
mendeley_grain_filling_initial_Plant_with_Fruit_(118),data/raw/images/auxiliary_wheat_images/WheatPhenology A Multi-Stage Field Image Dataset o/3. Plant with Fruit/Plant with Fruit (118).jpg,Mendeley_WheatPhenology,India,wheat,Plant with Fruit,grain_filling_initial,RGB,,yes,,mendeley_image_metadata.csv
mendeley_grain_filling_initial_Plant_with_Fruit_(119),data/raw/images/auxiliary_wheat_images/WheatPhenology A Multi-Stage Field Image Dataset o/3. Plant with Fruit/Plant with Fruit (119).jpg,Mendeley_WheatPhenology,India,wheat,Plant with Fruit,grain_filling_initial,RGB,,yes,,mendeley_image_metadata.csv
mendeley_grain_filling_initial_Plant_with_Fruit_(12),data/raw/images/auxiliary_wheat_images/WheatPhenology A Multi-Stage Field Image Dataset o/3. Plant with Fruit/Plant with Fruit (12).jpg,Mendeley_WheatPhenology,India,wheat,Plant with Fruit,grain_filling_initial,RGB,,yes,,mendeley_image_metadata.csv
mendeley_grain_filling_initial_Plant_with_Fruit_(120),data/raw/images/auxiliary_wheat_images/WheatPhenology A Multi-Stage Field Image Dataset o/3. Plant with Fruit/Plant with Fruit (120).jpg,Mendeley_WheatPhenology,India,wheat,Plant with Fruit,grain_filling_initial,RGB,,yes,,mendeley_image_metadata.csv
mendeley_grain_filling_initial_Plant_with_Fruit_(121),data/raw/images/auxiliary_wheat_images/WheatPhenology A Multi-Stage Field Image Dataset o/3. Plant with Fruit/Plant with Fruit (121).jpg,Mendeley_WheatPhenology,India,wheat,Plant with Fruit,grain_filling_initial,RGB,,yes,,mendeley_image_metadata.csv
mendeley_grain_filling_initial_Plant_with_Fruit_(122),data/raw/images/auxiliary_wheat_images/WheatPhenology A Multi-Stage Field Image Dataset o/3. Plant with Fruit/Plant with Fruit (122).jpg,Mendeley_WheatPhenology,India,wheat,Plant with Fruit,grain_filling_initial,RGB,,yes,,mendeley_image_metadata.csv
mendeley_grain_filling_initial_Plant_with_Fruit_(123),data/raw/images/auxiliary_wheat_images/WheatPhenology A Multi-Stage Field Image Dataset o/3. Plant with Fruit/Plant with Fruit (123).jpg,Mendeley_WheatPhenology,India,wheat,Plant with Fruit,grain_filling_initial,RGB,,yes,,mendeley_image_metadata.csv
mendeley_grain_filling_initial_Plant_with_Fruit_(124),data/raw/images/auxiliary_wheat_images/WheatPhenology A Multi-Stage Field Image Dataset o/3. Plant with Fruit/Plant with Fruit (124).jpg,Mendeley_WheatPhenology,India,wheat,Plant with Fruit,grain_filling_initial,RGB,,yes,,mendeley_image_metadata.csv
mendeley_grain_filling_initial_Plant_with_Fruit_(125),data/raw/images/auxiliary_wheat_images/WheatPhenology A Multi-Stage Field Image Dataset o/3. Plant with Fruit/Plant with Fruit (125).jpg,Mendeley_WheatPhenology,India,wheat,Plant with Fruit,grain_filling_initial,RGB,,yes,,mendeley_image_metadata.csv
mendeley_grain_filling_initial_Plant_with_Fruit_(126),data/raw/images/auxiliary_wheat_images/WheatPhenology A Multi-Stage Field Image Dataset o/3. Plant with Fruit/Plant with Fruit (126).jpg,Mendeley_WheatPhenology,India,wheat,Plant with Fruit,grain_filling_initial,RGB,,yes,,mendeley_image_metadata.csv
mendeley_grain_filling_initial_Plant_with_Fruit_(127),data/raw/images/auxiliary_wheat_images/WheatPhenology A Multi-Stage Field Image Dataset o/3. Plant with Fruit/Plant with Fruit (127).jpg,Mendeley_WheatPhenology,India,wheat,Plant with Fruit,grain_filling_initial,RGB,,yes,,mendeley_image_metadata.csv
mendeley_grain_filling_initial_Plant_with_Fruit_(128),data/raw/images/auxiliary_wheat_images/WheatPhenology A Multi-Stage Field Image Dataset o/3. Plant with Fruit/Plant with Fruit (128).jpg,Mendeley_WheatPhenology,India,wheat,Plant with Fruit,grain_filling_initial,RGB,,yes,,mendeley_image_metadata.csv
mendeley_grain_filling_initial_Plant_with_Fruit_(129),data/raw/images/auxiliary_wheat_images/WheatPhenology A Multi-Stage Field Image Dataset o/3. Plant with Fruit/Plant with Fruit (129).jpg,Mendeley_WheatPhenology,India,wheat,Plant with Fruit,grain_filling_initial,RGB,,yes,,mendeley_image_metadata.csv
mendeley_grain_filling_initial_Plant_with_Fruit_(13),data/raw/images/auxiliary_wheat_images/WheatPhenology A Multi-Stage Field Image Dataset o/3. Plant with Fruit/Plant with Fruit (13).jpg,Mendeley_WheatPhenology,India,wheat,Plant with Fruit,grain_filling_initial,RGB,,yes,,mendeley_image_metadata.csv
mendeley_grain_filling_initial_Plant_with_Fruit_(130),data/raw/images/auxiliary_wheat_images/WheatPhenology A Multi-Stage Field Image Dataset o/3. Plant with Fruit/Plant with Fruit (130).jpg,Mendeley_WheatPhenology,India,wheat,Plant with Fruit,grain_filling_initial,RGB,,yes,,mendeley_image_metadata.csv
mendeley_grain_filling_initial_Plant_with_Fruit_(131),data/raw/images/auxiliary_wheat_images/WheatPhenology A Multi-Stage Field Image Dataset o/3. Plant with Fruit/Plant with Fruit (131).jpg,Mendeley_WheatPhenology,India,wheat,Plant with Fruit,grain_filling_initial,RGB,,yes,,mendeley_image_metadata.csv
mendeley_grain_filling_initial_Plant_with_Fruit_(132),data/raw/images/auxiliary_wheat_images/WheatPhenology A Multi-Stage Field Image Dataset o/3. Plant with Fruit/Plant with Fruit (132).jpg,Mendeley_WheatPhenology,India,wheat,Plant with Fruit,grain_filling_initial,RGB,,yes,,mendeley_image_metadata.csv
mendeley_grain_filling_initial_Plant_with_Fruit_(133),data/raw/images/auxiliary_wheat_images/WheatPhenology A Multi-Stage Field Image Dataset o/3. Plant with Fruit/Plant with Fruit (133).jpg,Mendeley_WheatPhenology,India,wheat,Plant with Fruit,grain_filling_initial,RGB,,yes,,mendeley_image_metadata.csv
mendeley_grain_filling_initial_Plant_with_Fruit_(134),data/raw/images/auxiliary_wheat_images/WheatPhenology A Multi-Stage Field Image Dataset o/3. Plant with Fruit/Plant with Fruit (134).jpg,Mendeley_WheatPhenology,India,wheat,Plant with Fruit,grain_filling_initial,RGB,,yes,,mendeley_image_metadata.csv
mendeley_grain_filling_initial_Plant_with_Fruit_(135),data/raw/images/auxiliary_wheat_images/WheatPhenology A Multi-Stage Field Image Dataset o/3. Plant with Fruit/Plant with Fruit (135).jpg,Mendeley_WheatPhenology,India,wheat,Plant with Fruit,grain_filling_initial,RGB,,yes,,mendeley_image_metadata.csv
mendeley_grain_filling_initial_Plant_with_Fruit_(136),data/raw/images/auxiliary_wheat_images/WheatPhenology A Multi-Stage Field Image Dataset o/3. Plant with Fruit/Plant with Fruit (136).jpg,Mendeley_WheatPhenology,India,wheat,Plant with Fruit,grain_filling_initial,RGB,,yes,,mendeley_image_metadata.csv
mendeley_grain_filling_initial_Plant_with_Fruit_(137),data/raw/images/auxiliary_wheat_images/WheatPhenology A Multi-Stage Field Image Dataset o/3. Plant with Fruit/Plant with Fruit (137).jpg,Mendeley_WheatPhenology,India,wheat,Plant with Fruit,grain_filling_initial,RGB,,yes,,mendeley_image_metadata.csv
mendeley_grain_filling_initial_Plant_with_Fruit_(138),data/raw/images/auxiliary_wheat_images/WheatPhenology A Multi-Stage Field Image Dataset o/3. Plant with Fruit/Plant with Fruit (138).jpg,Mendeley_WheatPhenology,India,wheat,Plant with Fruit,grain_filling_initial,RGB,,yes,,mendeley_image_metadata.csv
mendeley_grain_filling_initial_Plant_with_Fruit_(139),data/raw/images/auxiliary_wheat_images/WheatPhenology A Multi-Stage Field Image Dataset o/3. Plant with Fruit/Plant with Fruit (139).jpg,Mendeley_WheatPhenology,India,wheat,Plant with Fruit,grain_filling_initial,RGB,,yes,,mendeley_image_metadata.csv
mendeley_grain_filling_initial_Plant_with_Fruit_(14),data/raw/images/auxiliary_wheat_images/WheatPhenology A Multi-Stage Field Image Dataset o/3. Plant with Fruit/Plant with Fruit (14).jpg,Mendeley_WheatPhenology,India,wheat,Plant with Fruit,grain_filling_initial,RGB,,yes,,mendeley_image_metadata.csv
mendeley_grain_filling_initial_Plant_with_Fruit_(140),data/raw/images/auxiliary_wheat_images/WheatPhenology A Multi-Stage Field Image Dataset o/3. Plant with Fruit/Plant with Fruit (140).jpg,Mendeley_WheatPhenology,India,wheat,Plant with Fruit,grain_filling_initial,RGB,,yes,,mendeley_image_metadata.csv
mendeley_grain_filling_initial_Plant_with_Fruit_(141),data/raw/images/auxiliary_wheat_images/WheatPhenology A Multi-Stage Field Image Dataset o/3. Plant with Fruit/Plant with Fruit (141).jpg,Mendeley_WheatPhenology,India,wheat,Plant with Fruit,grain_filling_initial,RGB,,yes,,mendeley_image_metadata.csv
mendeley_grain_filling_initial_Plant_with_Fruit_(142),data/raw/images/auxiliary_wheat_images/WheatPhenology A Multi-Stage Field Image Dataset o/3. Plant with Fruit/Plant with Fruit (142).jpg,Mendeley_WheatPhenology,India,wheat,Plant with Fruit,grain_filling_initial,RGB,,yes,,mendeley_image_metadata.csv
mendeley_grain_filling_initial_Plant_with_Fruit_(143),data/raw/images/auxiliary_wheat_images/WheatPhenology A Multi-Stage Field Image Dataset o/3. Plant with Fruit/Plant with Fruit (143).jpg,Mendeley_WheatPhenology,India,wheat,Plant with Fruit,grain_filling_initial,RGB,,yes,,mendeley_image_metadata.csv
mendeley_grain_filling_initial_Plant_with_Fruit_(144),data/raw/images/auxiliary_wheat_images/WheatPhenology A Multi-Stage Field Image Dataset o/3. Plant with Fruit/Plant with Fruit (144).jpg,Mendeley_WheatPhenology,India,wheat,Plant with Fruit,grain_filling_initial,RGB,,yes,,mendeley_image_metadata.csv
mendeley_grain_filling_initial_Plant_with_Fruit_(145),data/raw/images/auxiliary_wheat_images/WheatPhenology A Multi-Stage Field Image Dataset o/3. Plant with Fruit/Plant with Fruit (145).jpg,Mendeley_WheatPhenology,India,wheat,Plant with Fruit,grain_filling_initial,RGB,,yes,,mendeley_image_metadata.csv
mendeley_grain_filling_initial_Plant_with_Fruit_(146),data/raw/images/auxiliary_wheat_images/WheatPhenology A Multi-Stage Field Image Dataset o/3. Plant with Fruit/Plant with Fruit (146).jpg,Mendeley_WheatPhenology,India,wheat,Plant with Fruit,grain_filling_initial,RGB,,yes,,mendeley_image_metadata.csv
mendeley_grain_filling_initial_Plant_with_Fruit_(147),data/raw/images/auxiliary_wheat_images/WheatPhenology A Multi-Stage Field Image Dataset o/3. Plant with Fruit/Plant with Fruit (147).jpg,Mendeley_WheatPhenology,India,wheat,Plant with Fruit,grain_filling_initial,RGB,,yes,,mendeley_image_metadata.csv
mendeley_grain_filling_initial_Plant_with_Fruit_(148),data/raw/images/auxiliary_wheat_images/WheatPhenology A Multi-Stage Field Image Dataset o/3. Plant with Fruit/Plant with Fruit (148).jpg,Mendeley_WheatPhenology,India,wheat,Plant with Fruit,grain_filling_initial,RGB,,yes,,mendeley_image_metadata.csv
mendeley_grain_filling_initial_Plant_with_Fruit_(149),data/raw/images/auxiliary_wheat_images/WheatPhenology A Multi-Stage Field Image Dataset o/3. Plant with Fruit/Plant with Fruit (149).jpg,Mendeley_WheatPhenology,India,wheat,Plant with Fruit,grain_filling_initial,RGB,,yes,,mendeley_image_metadata.csv
mendeley_grain_filling_initial_Plant_with_Fruit_(15),data/raw/images/auxiliary_wheat_images/WheatPhenology A Multi-Stage Field Image Dataset o/3. Plant with Fruit/Plant with Fruit (15).jpg,Mendeley_WheatPhenology,India,wheat,Plant with Fruit,grain_filling_initial,RGB,,yes,,mendeley_image_metadata.csv
mendeley_grain_filling_initial_Plant_with_Fruit_(150),data/raw/images/auxiliary_wheat_images/WheatPhenology A Multi-Stage Field Image Dataset o/3. Plant with Fruit/Plant with Fruit (150).jpg,Mendeley_WheatPhenology,India,wheat,Plant with Fruit,grain_filling_initial,RGB,,yes,,mendeley_image_metadata.csv
mendeley_grain_filling_initial_Plant_with_Fruit_(151),data/raw/images/auxiliary_wheat_images/WheatPhenology A Multi-Stage Field Image Dataset o/3. Plant with Fruit/Plant with Fruit (151).jpg,Mendeley_WheatPhenology,India,wheat,Plant with Fruit,grain_filling_initial,RGB,,yes,,mendeley_image_metadata.csv
mendeley_grain_filling_initial_Plant_with_Fruit_(152),data/raw/images/auxiliary_wheat_images/WheatPhenology A Multi-Stage Field Image Dataset o/3. Plant with Fruit/Plant with Fruit (152).jpg,Mendeley_WheatPhenology,India,wheat,Plant with Fruit,grain_filling_initial,RGB,,yes,,mendeley_image_metadata.csv
mendeley_grain_filling_initial_Plant_with_Fruit_(153),data/raw/images/auxiliary_wheat_images/WheatPhenology A Multi-Stage Field Image Dataset o/3. Plant with Fruit/Plant with Fruit (153).jpg,Mendeley_WheatPhenology,India,wheat,Plant with Fruit,grain_filling_initial,RGB,,yes,,mendeley_image_metadata.csv
mendeley_grain_filling_initial_Plant_with_Fruit_(154),data/raw/images/auxiliary_wheat_images/WheatPhenology A Multi-Stage Field Image Dataset o/3. Plant with Fruit/Plant with Fruit (154).jpg,Mendeley_WheatPhenology,India,wheat,Plant with Fruit,grain_filling_initial,RGB,,yes,,mendeley_image_metadata.csv
mendeley_grain_filling_initial_Plant_with_Fruit_(155),data/raw/images/auxiliary_wheat_images/WheatPhenology A Multi-Stage Field Image Dataset o/3. Plant with Fruit/Plant with Fruit (155).jpg,Mendeley_WheatPhenology,India,wheat,Plant with Fruit,grain_filling_initial,RGB,,yes,,mendeley_image_metadata.csv
mendeley_grain_filling_initial_Plant_with_Fruit_(156),data/raw/images/auxiliary_wheat_images/WheatPhenology A Multi-Stage Field Image Dataset o/3. Plant with Fruit/Plant with Fruit (156).jpg,Mendeley_WheatPhenology,India,wheat,Plant with Fruit,grain_filling_initial,RGB,,yes,,mendeley_image_metadata.csv
mendeley_grain_filling_initial_Plant_with_Fruit_(157),data/raw/images/auxiliary_wheat_images/WheatPhenology A Multi-Stage Field Image Dataset o/3. Plant with Fruit/Plant with Fruit (157).jpg,Mendeley_WheatPhenology,India,wheat,Plant with Fruit,grain_filling_initial,RGB,,yes,,mendeley_image_metadata.csv
mendeley_grain_filling_initial_Plant_with_Fruit_(158),data/raw/images/auxiliary_wheat_images/WheatPhenology A Multi-Stage Field Image Dataset o/3. Plant with Fruit/Plant with Fruit (158).jpg,Mendeley_WheatPhenology,India,wheat,Plant with Fruit,grain_filling_initial,RGB,,yes,,mendeley_image_metadata.csv
mendeley_grain_filling_initial_Plant_with_Fruit_(159),data/raw/images/auxiliary_wheat_images/WheatPhenology A Multi-Stage Field Image Dataset o/3. Plant with Fruit/Plant with Fruit (159).jpg,Mendeley_WheatPhenology,India,wheat,Plant with Fruit,grain_filling_initial,RGB,,yes,,mendeley_image_metadata.csv
mendeley_grain_filling_initial_Plant_with_Fruit_(16),data/raw/images/auxiliary_wheat_images/WheatPhenology A Multi-Stage Field Image Dataset o/3. Plant with Fruit/Plant with Fruit (16).jpg,Mendeley_WheatPhenology,India,wheat,Plant with Fruit,grain_filling_initial,RGB,,yes,,mendeley_image_metadata.csv
mendeley_grain_filling_initial_Plant_with_Fruit_(160),data/raw/images/auxiliary_wheat_images/WheatPhenology A Multi-Stage Field Image Dataset o/3. Plant with Fruit/Plant with Fruit (160).jpg,Mendeley_WheatPhenology,India,wheat,Plant with Fruit,grain_filling_initial,RGB,,yes,,mendeley_image_metadata.csv
mendeley_grain_filling_initial_Plant_with_Fruit_(161),data/raw/images/auxiliary_wheat_images/WheatPhenology A Multi-Stage Field Image Dataset o/3. Plant with Fruit/Plant with Fruit (161).jpg,Mendeley_WheatPhenology,India,wheat,Plant with Fruit,grain_filling_initial,RGB,,yes,,mendeley_image_metadata.csv
mendeley_grain_filling_initial_Plant_with_Fruit_(162),data/raw/images/auxiliary_wheat_images/WheatPhenology A Multi-Stage Field Image Dataset o/3. Plant with Fruit/Plant with Fruit (162).jpg,Mendeley_WheatPhenology,India,wheat,Plant with Fruit,grain_filling_initial,RGB,,yes,,mendeley_image_metadata.csv
mendeley_grain_filling_initial_Plant_with_Fruit_(163),data/raw/images/auxiliary_wheat_images/WheatPhenology A Multi-Stage Field Image Dataset o/3. Plant with Fruit/Plant with Fruit (163).jpg,Mendeley_WheatPhenology,India,wheat,Plant with Fruit,grain_filling_initial,RGB,,yes,,mendeley_image_metadata.csv
mendeley_grain_filling_initial_Plant_with_Fruit_(164),data/raw/images/auxiliary_wheat_images/WheatPhenology A Multi-Stage Field Image Dataset o/3. Plant with Fruit/Plant with Fruit (164).jpg,Mendeley_WheatPhenology,India,wheat,Plant with Fruit,grain_filling_initial,RGB,,yes,,mendeley_image_metadata.csv
mendeley_grain_filling_initial_Plant_with_Fruit_(165),data/raw/images/auxiliary_wheat_images/WheatPhenology A Multi-Stage Field Image Dataset o/3. Plant with Fruit/Plant with Fruit (165).jpg,Mendeley_WheatPhenology,India,wheat,Plant with Fruit,grain_filling_initial,RGB,,yes,,mendeley_image_metadata.csv
mendeley_grain_filling_initial_Plant_with_Fruit_(166),data/raw/images/auxiliary_wheat_images/WheatPhenology A Multi-Stage Field Image Dataset o/3. Plant with Fruit/Plant with Fruit (166).jpg,Mendeley_WheatPhenology,India,wheat,Plant with Fruit,grain_filling_initial,RGB,,yes,,mendeley_image_metadata.csv
mendeley_grain_filling_initial_Plant_with_Fruit_(167),data/raw/images/auxiliary_wheat_images/WheatPhenology A Multi-Stage Field Image Dataset o/3. Plant with Fruit/Plant with Fruit (167).jpg,Mendeley_WheatPhenology,India,wheat,Plant with Fruit,grain_filling_initial,RGB,,yes,,mendeley_image_metadata.csv
mendeley_grain_filling_initial_Plant_with_Fruit_(168),data/raw/images/auxiliary_wheat_images/WheatPhenology A Multi-Stage Field Image Dataset o/3. Plant with Fruit/Plant with Fruit (168).jpg,Mendeley_WheatPhenology,India,wheat,Plant with Fruit,grain_filling_initial,RGB,,yes,,mendeley_image_metadata.csv
mendeley_grain_filling_initial_Plant_with_Fruit_(169),data/raw/images/auxiliary_wheat_images/WheatPhenology A Multi-Stage Field Image Dataset o/3. Plant with Fruit/Plant with Fruit (169).jpg,Mendeley_WheatPhenology,India,wheat,Plant with Fruit,grain_filling_initial,RGB,,yes,,mendeley_image_metadata.csv
mendeley_grain_filling_initial_Plant_with_Fruit_(17),data/raw/images/auxiliary_wheat_images/WheatPhenology A Multi-Stage Field Image Dataset o/3. Plant with Fruit/Plant with Fruit (17).jpg,Mendeley_WheatPhenology,India,wheat,Plant with Fruit,grain_filling_initial,RGB,,yes,,mendeley_image_metadata.csv
mendeley_grain_filling_initial_Plant_with_Fruit_(170),data/raw/images/auxiliary_wheat_images/WheatPhenology A Multi-Stage Field Image Dataset o/3. Plant with Fruit/Plant with Fruit (170).jpg,Mendeley_WheatPhenology,India,wheat,Plant with Fruit,grain_filling_initial,RGB,,yes,,mendeley_image_metadata.csv
mendeley_grain_filling_initial_Plant_with_Fruit_(171),data/raw/images/auxiliary_wheat_images/WheatPhenology A Multi-Stage Field Image Dataset o/3. Plant with Fruit/Plant with Fruit (171).jpg,Mendeley_WheatPhenology,India,wheat,Plant with Fruit,grain_filling_initial,RGB,,yes,,mendeley_image_metadata.csv
mendeley_grain_filling_initial_Plant_with_Fruit_(172),data/raw/images/auxiliary_wheat_images/WheatPhenology A Multi-Stage Field Image Dataset o/3. Plant with Fruit/Plant with Fruit (172).jpg,Mendeley_WheatPhenology,India,wheat,Plant with Fruit,grain_filling_initial,RGB,,yes,,mendeley_image_metadata.csv
mendeley_grain_filling_initial_Plant_with_Fruit_(173),data/raw/images/auxiliary_wheat_images/WheatPhenology A Multi-Stage Field Image Dataset o/3. Plant with Fruit/Plant with Fruit (173).jpg,Mendeley_WheatPhenology,India,wheat,Plant with Fruit,grain_filling_initial,RGB,,yes,,mendeley_image_metadata.csv
mendeley_grain_filling_initial_Plant_with_Fruit_(174),data/raw/images/auxiliary_wheat_images/WheatPhenology A Multi-Stage Field Image Dataset o/3. Plant with Fruit/Plant with Fruit (174).jpg,Mendeley_WheatPhenology,India,wheat,Plant with Fruit,grain_filling_initial,RGB,,yes,,mendeley_image_metadata.csv
mendeley_grain_filling_initial_Plant_with_Fruit_(175),data/raw/images/auxiliary_wheat_images/WheatPhenology A Multi-Stage Field Image Dataset o/3. Plant with Fruit/Plant with Fruit (175).jpg,Mendeley_WheatPhenology,India,wheat,Plant with Fruit,grain_filling_initial,RGB,,yes,,mendeley_image_metadata.csv
mendeley_grain_filling_initial_Plant_with_Fruit_(176),data/raw/images/auxiliary_wheat_images/WheatPhenology A Multi-Stage Field Image Dataset o/3. Plant with Fruit/Plant with Fruit (176).jpg,Mendeley_WheatPhenology,India,wheat,Plant with Fruit,grain_filling_initial,RGB,,yes,,mendeley_image_metadata.csv
mendeley_grain_filling_initial_Plant_with_Fruit_(177),data/raw/images/auxiliary_wheat_images/WheatPhenology A Multi-Stage Field Image Dataset o/3. Plant with Fruit/Plant with Fruit (177).jpg,Mendeley_WheatPhenology,India,wheat,Plant with Fruit,grain_filling_initial,RGB,,yes,,mendeley_image_metadata.csv
mendeley_grain_filling_initial_Plant_with_Fruit_(178),data/raw/images/auxiliary_wheat_images/WheatPhenology A Multi-Stage Field Image Dataset o/3. Plant with Fruit/Plant with Fruit (178).jpg,Mendeley_WheatPhenology,India,wheat,Plant with Fruit,grain_filling_initial,RGB,,yes,,mendeley_image_metadata.csv
mendeley_grain_filling_initial_Plant_with_Fruit_(179),data/raw/images/auxiliary_wheat_images/WheatPhenology A Multi-Stage Field Image Dataset o/3. Plant with Fruit/Plant with Fruit (179).jpg,Mendeley_WheatPhenology,India,wheat,Plant with Fruit,grain_filling_initial,RGB,,yes,,mendeley_image_metadata.csv
mendeley_grain_filling_initial_Plant_with_Fruit_(18),data/raw/images/auxiliary_wheat_images/WheatPhenology A Multi-Stage Field Image Dataset o/3. Plant with Fruit/Plant with Fruit (18).jpg,Mendeley_WheatPhenology,India,wheat,Plant with Fruit,grain_filling_initial,RGB,,yes,,mendeley_image_metadata.csv
mendeley_grain_filling_initial_Plant_with_Fruit_(180),data/raw/images/auxiliary_wheat_images/WheatPhenology A Multi-Stage Field Image Dataset o/3. Plant with Fruit/Plant with Fruit (180).jpg,Mendeley_WheatPhenology,India,wheat,Plant with Fruit,grain_filling_initial,RGB,,yes,,mendeley_image_metadata.csv
mendeley_grain_filling_initial_Plant_with_Fruit_(181),data/raw/images/auxiliary_wheat_images/WheatPhenology A Multi-Stage Field Image Dataset o/3. Plant with Fruit/Plant with Fruit (181).jpg,Mendeley_WheatPhenology,India,wheat,Plant with Fruit,grain_filling_initial,RGB,,yes,,mendeley_image_metadata.csv
mendeley_grain_filling_initial_Plant_with_Fruit_(182),data/raw/images/auxiliary_wheat_images/WheatPhenology A Multi-Stage Field Image Dataset o/3. Plant with Fruit/Plant with Fruit (182).jpg,Mendeley_WheatPhenology,India,wheat,Plant with Fruit,grain_filling_initial,RGB,,yes,,mendeley_image_metadata.csv
mendeley_grain_filling_initial_Plant_with_Fruit_(183),data/raw/images/auxiliary_wheat_images/WheatPhenology A Multi-Stage Field Image Dataset o/3. Plant with Fruit/Plant with Fruit (183).jpg,Mendeley_WheatPhenology,India,wheat,Plant with Fruit,grain_filling_initial,RGB,,yes,,mendeley_image_metadata.csv
mendeley_grain_filling_initial_Plant_with_Fruit_(184),data/raw/images/auxiliary_wheat_images/WheatPhenology A Multi-Stage Field Image Dataset o/3. Plant with Fruit/Plant with Fruit (184).jpg,Mendeley_WheatPhenology,India,wheat,Plant with Fruit,grain_filling_initial,RGB,,yes,,mendeley_image_metadata.csv
mendeley_grain_filling_initial_Plant_with_Fruit_(185),data/raw/images/auxiliary_wheat_images/WheatPhenology A Multi-Stage Field Image Dataset o/3. Plant with Fruit/Plant with Fruit (185).jpg,Mendeley_WheatPhenology,India,wheat,Plant with Fruit,grain_filling_initial,RGB,,yes,,mendeley_image_metadata.csv
mendeley_grain_filling_initial_Plant_with_Fruit_(19),data/raw/images/auxiliary_wheat_images/WheatPhenology A Multi-Stage Field Image Dataset o/3. Plant with Fruit/Plant with Fruit (19).jpg,Mendeley_WheatPhenology,India,wheat,Plant with Fruit,grain_filling_initial,RGB,,yes,,mendeley_image_metadata.csv
mendeley_grain_filling_initial_Plant_with_Fruit_(2),data/raw/images/auxiliary_wheat_images/WheatPhenology A Multi-Stage Field Image Dataset o/3. Plant with Fruit/Plant with Fruit (2).jpg,Mendeley_WheatPhenology,India,wheat,Plant with Fruit,grain_filling_initial,RGB,,yes,,mendeley_image_metadata.csv
mendeley_grain_filling_initial_Plant_with_Fruit_(20),data/raw/images/auxiliary_wheat_images/WheatPhenology A Multi-Stage Field Image Dataset o/3. Plant with Fruit/Plant with Fruit (20).jpg,Mendeley_WheatPhenology,India,wheat,Plant with Fruit,grain_filling_initial,RGB,,yes,,mendeley_image_metadata.csv
mendeley_grain_filling_initial_Plant_with_Fruit_(21),data/raw/images/auxiliary_wheat_images/WheatPhenology A Multi-Stage Field Image Dataset o/3. Plant with Fruit/Plant with Fruit (21).jpg,Mendeley_WheatPhenology,India,wheat,Plant with Fruit,grain_filling_initial,RGB,,yes,,mendeley_image_metadata.csv
mendeley_grain_filling_initial_Plant_with_Fruit_(22),data/raw/images/auxiliary_wheat_images/WheatPhenology A Multi-Stage Field Image Dataset o/3. Plant with Fruit/Plant with Fruit (22).jpg,Mendeley_WheatPhenology,India,wheat,Plant with Fruit,grain_filling_initial,RGB,,yes,,mendeley_image_metadata.csv
mendeley_grain_filling_initial_Plant_with_Fruit_(23),data/raw/images/auxiliary_wheat_images/WheatPhenology A Multi-Stage Field Image Dataset o/3. Plant with Fruit/Plant with Fruit (23).jpg,Mendeley_WheatPhenology,India,wheat,Plant with Fruit,grain_filling_initial,RGB,,yes,,mendeley_image_metadata.csv
mendeley_grain_filling_initial_Plant_with_Fruit_(24),data/raw/images/auxiliary_wheat_images/WheatPhenology A Multi-Stage Field Image Dataset o/3. Plant with Fruit/Plant with Fruit (24).jpg,Mendeley_WheatPhenology,India,wheat,Plant with Fruit,grain_filling_initial,RGB,,yes,,mendeley_image_metadata.csv
mendeley_grain_filling_initial_Plant_with_Fruit_(25),data/raw/images/auxiliary_wheat_images/WheatPhenology A Multi-Stage Field Image Dataset o/3. Plant with Fruit/Plant with Fruit (25).jpg,Mendeley_WheatPhenology,India,wheat,Plant with Fruit,grain_filling_initial,RGB,,yes,,mendeley_image_metadata.csv
mendeley_grain_filling_initial_Plant_with_Fruit_(26),data/raw/images/auxiliary_wheat_images/WheatPhenology A Multi-Stage Field Image Dataset o/3. Plant with Fruit/Plant with Fruit (26).jpg,Mendeley_WheatPhenology,India,wheat,Plant with Fruit,grain_filling_initial,RGB,,yes,,mendeley_image_metadata.csv
mendeley_grain_filling_initial_Plant_with_Fruit_(27),data/raw/images/auxiliary_wheat_images/WheatPhenology A Multi-Stage Field Image Dataset o/3. Plant with Fruit/Plant with Fruit (27).jpg,Mendeley_WheatPhenology,India,wheat,Plant with Fruit,grain_filling_initial,RGB,,yes,,mendeley_image_metadata.csv
mendeley_grain_filling_initial_Plant_with_Fruit_(28),data/raw/images/auxiliary_wheat_images/WheatPhenology A Multi-Stage Field Image Dataset o/3. Plant with Fruit/Plant with Fruit (28).jpg,Mendeley_WheatPhenology,India,wheat,Plant with Fruit,grain_filling_initial,RGB,,yes,,mendeley_image_metadata.csv
mendeley_grain_filling_initial_Plant_with_Fruit_(29),data/raw/images/auxiliary_wheat_images/WheatPhenology A Multi-Stage Field Image Dataset o/3. Plant with Fruit/Plant with Fruit (29).jpg,Mendeley_WheatPhenology,India,wheat,Plant with Fruit,grain_filling_initial,RGB,,yes,,mendeley_image_metadata.csv
mendeley_grain_filling_initial_Plant_with_Fruit_(3),data/raw/images/auxiliary_wheat_images/WheatPhenology A Multi-Stage Field Image Dataset o/3. Plant with Fruit/Plant with Fruit (3).jpg,Mendeley_WheatPhenology,India,wheat,Plant with Fruit,grain_filling_initial,RGB,,yes,,mendeley_image_metadata.csv
mendeley_grain_filling_initial_Plant_with_Fruit_(30),data/raw/images/auxiliary_wheat_images/WheatPhenology A Multi-Stage Field Image Dataset o/3. Plant with Fruit/Plant with Fruit (30).jpg,Mendeley_WheatPhenology,India,wheat,Plant with Fruit,grain_filling_initial,RGB,,yes,,mendeley_image_metadata.csv
mendeley_grain_filling_initial_Plant_with_Fruit_(31),data/raw/images/auxiliary_wheat_images/WheatPhenology A Multi-Stage Field Image Dataset o/3. Plant with Fruit/Plant with Fruit (31).jpg,Mendeley_WheatPhenology,India,wheat,Plant with Fruit,grain_filling_initial,RGB,,yes,,mendeley_image_metadata.csv
mendeley_grain_filling_initial_Plant_with_Fruit_(32),data/raw/images/auxiliary_wheat_images/WheatPhenology A Multi-Stage Field Image Dataset o/3. Plant with Fruit/Plant with Fruit (32).jpg,Mendeley_WheatPhenology,India,wheat,Plant with Fruit,grain_filling_initial,RGB,,yes,,mendeley_image_metadata.csv
mendeley_grain_filling_initial_Plant_with_Fruit_(33),data/raw/images/auxiliary_wheat_images/WheatPhenology A Multi-Stage Field Image Dataset o/3. Plant with Fruit/Plant with Fruit (33).jpg,Mendeley_WheatPhenology,India,wheat,Plant with Fruit,grain_filling_initial,RGB,,yes,,mendeley_image_metadata.csv
mendeley_grain_filling_initial_Plant_with_Fruit_(34),data/raw/images/auxiliary_wheat_images/WheatPhenology A Multi-Stage Field Image Dataset o/3. Plant with Fruit/Plant with Fruit (34).jpg,Mendeley_WheatPhenology,India,wheat,Plant with Fruit,grain_filling_initial,RGB,,yes,,mendeley_image_metadata.csv
mendeley_grain_filling_initial_Plant_with_Fruit_(35),data/raw/images/auxiliary_wheat_images/WheatPhenology A Multi-Stage Field Image Dataset o/3. Plant with Fruit/Plant with Fruit (35).jpg,Mendeley_WheatPhenology,India,wheat,Plant with Fruit,grain_filling_initial,RGB,,yes,,mendeley_image_metadata.csv
mendeley_grain_filling_initial_Plant_with_Fruit_(36),data/raw/images/auxiliary_wheat_images/WheatPhenology A Multi-Stage Field Image Dataset o/3. Plant with Fruit/Plant with Fruit (36).jpg,Mendeley_WheatPhenology,India,wheat,Plant with Fruit,grain_filling_initial,RGB,,yes,,mendeley_image_metadata.csv
mendeley_grain_filling_initial_Plant_with_Fruit_(37),data/raw/images/auxiliary_wheat_images/WheatPhenology A Multi-Stage Field Image Dataset o/3. Plant with Fruit/Plant with Fruit (37).jpg,Mendeley_WheatPhenology,India,wheat,Plant with Fruit,grain_filling_initial,RGB,,yes,,mendeley_image_metadata.csv
mendeley_grain_filling_initial_Plant_with_Fruit_(38),data/raw/images/auxiliary_wheat_images/WheatPhenology A Multi-Stage Field Image Dataset o/3. Plant with Fruit/Plant with Fruit (38).jpg,Mendeley_WheatPhenology,India,wheat,Plant with Fruit,grain_filling_initial,RGB,,yes,,mendeley_image_metadata.csv
mendeley_grain_filling_initial_Plant_with_Fruit_(39),data/raw/images/auxiliary_wheat_images/WheatPhenology A Multi-Stage Field Image Dataset o/3. Plant with Fruit/Plant with Fruit (39).jpg,Mendeley_WheatPhenology,India,wheat,Plant with Fruit,grain_filling_initial,RGB,,yes,,mendeley_image_metadata.csv
mendeley_grain_filling_initial_Plant_with_Fruit_(4),data/raw/images/auxiliary_wheat_images/WheatPhenology A Multi-Stage Field Image Dataset o/3. Plant with Fruit/Plant with Fruit (4).jpg,Mendeley_WheatPhenology,India,wheat,Plant with Fruit,grain_filling_initial,RGB,,yes,,mendeley_image_metadata.csv
mendeley_grain_filling_initial_Plant_with_Fruit_(40),data/raw/images/auxiliary_wheat_images/WheatPhenology A Multi-Stage Field Image Dataset o/3. Plant with Fruit/Plant with Fruit (40).jpg,Mendeley_WheatPhenology,India,wheat,Plant with Fruit,grain_filling_initial,RGB,,yes,,mendeley_image_metadata.csv
mendeley_grain_filling_initial_Plant_with_Fruit_(41),data/raw/images/auxiliary_wheat_images/WheatPhenology A Multi-Stage Field Image Dataset o/3. Plant with Fruit/Plant with Fruit (41).jpg,Mendeley_WheatPhenology,India,wheat,Plant with Fruit,grain_filling_initial,RGB,,yes,,mendeley_image_metadata.csv
mendeley_grain_filling_initial_Plant_with_Fruit_(42),data/raw/images/auxiliary_wheat_images/WheatPhenology A Multi-Stage Field Image Dataset o/3. Plant with Fruit/Plant with Fruit (42).jpg,Mendeley_WheatPhenology,India,wheat,Plant with Fruit,grain_filling_initial,RGB,,yes,,mendeley_image_metadata.csv
mendeley_grain_filling_initial_Plant_with_Fruit_(43),data/raw/images/auxiliary_wheat_images/WheatPhenology A Multi-Stage Field Image Dataset o/3. Plant with Fruit/Plant with Fruit (43).jpg,Mendeley_WheatPhenology,India,wheat,Plant with Fruit,grain_filling_initial,RGB,,yes,,mendeley_image_metadata.csv
mendeley_grain_filling_initial_Plant_with_Fruit_(44),data/raw/images/auxiliary_wheat_images/WheatPhenology A Multi-Stage Field Image Dataset o/3. Plant with Fruit/Plant with Fruit (44).jpg,Mendeley_WheatPhenology,India,wheat,Plant with Fruit,grain_filling_initial,RGB,,yes,,mendeley_image_metadata.csv
mendeley_grain_filling_initial_Plant_with_Fruit_(45),data/raw/images/auxiliary_wheat_images/WheatPhenology A Multi-Stage Field Image Dataset o/3. Plant with Fruit/Plant with Fruit (45).jpg,Mendeley_WheatPhenology,India,wheat,Plant with Fruit,grain_filling_initial,RGB,,yes,,mendeley_image_metadata.csv
mendeley_grain_filling_initial_Plant_with_Fruit_(46),data/raw/images/auxiliary_wheat_images/WheatPhenology A Multi-Stage Field Image Dataset o/3. Plant with Fruit/Plant with Fruit (46).jpg,Mendeley_WheatPhenology,India,wheat,Plant with Fruit,grain_filling_initial,RGB,,yes,,mendeley_image_metadata.csv
mendeley_grain_filling_initial_Plant_with_Fruit_(47),data/raw/images/auxiliary_wheat_images/WheatPhenology A Multi-Stage Field Image Dataset o/3. Plant with Fruit/Plant with Fruit (47).jpg,Mendeley_WheatPhenology,India,wheat,Plant with Fruit,grain_filling_initial,RGB,,yes,,mendeley_image_metadata.csv
mendeley_grain_filling_initial_Plant_with_Fruit_(48),data/raw/images/auxiliary_wheat_images/WheatPhenology A Multi-Stage Field Image Dataset o/3. Plant with Fruit/Plant with Fruit (48).jpg,Mendeley_WheatPhenology,India,wheat,Plant with Fruit,grain_filling_initial,RGB,,yes,,mendeley_image_metadata.csv
mendeley_grain_filling_initial_Plant_with_Fruit_(49),data/raw/images/auxiliary_wheat_images/WheatPhenology A Multi-Stage Field Image Dataset o/3. Plant with Fruit/Plant with Fruit (49).jpg,Mendeley_WheatPhenology,India,wheat,Plant with Fruit,grain_filling_initial,RGB,,yes,,mendeley_image_metadata.csv
mendeley_grain_filling_initial_Plant_with_Fruit_(5),data/raw/images/auxiliary_wheat_images/WheatPhenology A Multi-Stage Field Image Dataset o/3. Plant with Fruit/Plant with Fruit (5).jpg,Mendeley_WheatPhenology,India,wheat,Plant with Fruit,grain_filling_initial,RGB,,yes,,mendeley_image_metadata.csv
mendeley_grain_filling_initial_Plant_with_Fruit_(50),data/raw/images/auxiliary_wheat_images/WheatPhenology A Multi-Stage Field Image Dataset o/3. Plant with Fruit/Plant with Fruit (50).jpg,Mendeley_WheatPhenology,India,wheat,Plant with Fruit,grain_filling_initial,RGB,,yes,,mendeley_image_metadata.csv
mendeley_grain_filling_initial_Plant_with_Fruit_(51),data/raw/images/auxiliary_wheat_images/WheatPhenology A Multi-Stage Field Image Dataset o/3. Plant with Fruit/Plant with Fruit (51).jpg,Mendeley_WheatPhenology,India,wheat,Plant with Fruit,grain_filling_initial,RGB,,yes,,mendeley_image_metadata.csv
mendeley_grain_filling_initial_Plant_with_Fruit_(52),data/raw/images/auxiliary_wheat_images/WheatPhenology A Multi-Stage Field Image Dataset o/3. Plant with Fruit/Plant with Fruit (52).jpg,Mendeley_WheatPhenology,India,wheat,Plant with Fruit,grain_filling_initial,RGB,,yes,,mendeley_image_metadata.csv
mendeley_grain_filling_initial_Plant_with_Fruit_(53),data/raw/images/auxiliary_wheat_images/WheatPhenology A Multi-Stage Field Image Dataset o/3. Plant with Fruit/Plant with Fruit (53).jpg,Mendeley_WheatPhenology,India,wheat,Plant with Fruit,grain_filling_initial,RGB,,yes,,mendeley_image_metadata.csv
mendeley_grain_filling_initial_Plant_with_Fruit_(54),data/raw/images/auxiliary_wheat_images/WheatPhenology A Multi-Stage Field Image Dataset o/3. Plant with Fruit/Plant with Fruit (54).jpg,Mendeley_WheatPhenology,India,wheat,Plant with Fruit,grain_filling_initial,RGB,,yes,,mendeley_image_metadata.csv
mendeley_grain_filling_initial_Plant_with_Fruit_(55),data/raw/images/auxiliary_wheat_images/WheatPhenology A Multi-Stage Field Image Dataset o/3. Plant with Fruit/Plant with Fruit (55).jpg,Mendeley_WheatPhenology,India,wheat,Plant with Fruit,grain_filling_initial,RGB,,yes,,mendeley_image_metadata.csv
mendeley_grain_filling_initial_Plant_with_Fruit_(56),data/raw/images/auxiliary_wheat_images/WheatPhenology A Multi-Stage Field Image Dataset o/3. Plant with Fruit/Plant with Fruit (56).jpg,Mendeley_WheatPhenology,India,wheat,Plant with Fruit,grain_filling_initial,RGB,,yes,,mendeley_image_metadata.csv
mendeley_grain_filling_initial_Plant_with_Fruit_(57),data/raw/images/auxiliary_wheat_images/WheatPhenology A Multi-Stage Field Image Dataset o/3. Plant with Fruit/Plant with Fruit (57).jpg,Mendeley_WheatPhenology,India,wheat,Plant with Fruit,grain_filling_initial,RGB,,yes,,mendeley_image_metadata.csv
mendeley_grain_filling_initial_Plant_with_Fruit_(58),data/raw/images/auxiliary_wheat_images/WheatPhenology A Multi-Stage Field Image Dataset o/3. Plant with Fruit/Plant with Fruit (58).jpg,Mendeley_WheatPhenology,India,wheat,Plant with Fruit,grain_filling_initial,RGB,,yes,,mendeley_image_metadata.csv
mendeley_grain_filling_initial_Plant_with_Fruit_(59),data/raw/images/auxiliary_wheat_images/WheatPhenology A Multi-Stage Field Image Dataset o/3. Plant with Fruit/Plant with Fruit (59).jpg,Mendeley_WheatPhenology,India,wheat,Plant with Fruit,grain_filling_initial,RGB,,yes,,mendeley_image_metadata.csv
mendeley_grain_filling_initial_Plant_with_Fruit_(6),data/raw/images/auxiliary_wheat_images/WheatPhenology A Multi-Stage Field Image Dataset o/3. Plant with Fruit/Plant with Fruit (6).jpg,Mendeley_WheatPhenology,India,wheat,Plant with Fruit,grain_filling_initial,RGB,,yes,,mendeley_image_metadata.csv
mendeley_grain_filling_initial_Plant_with_Fruit_(60),data/raw/images/auxiliary_wheat_images/WheatPhenology A Multi-Stage Field Image Dataset o/3. Plant with Fruit/Plant with Fruit (60).jpg,Mendeley_WheatPhenology,India,wheat,Plant with Fruit,grain_filling_initial,RGB,,yes,,mendeley_image_metadata.csv
mendeley_grain_filling_initial_Plant_with_Fruit_(61),data/raw/images/auxiliary_wheat_images/WheatPhenology A Multi-Stage Field Image Dataset o/3. Plant with Fruit/Plant with Fruit (61).jpg,Mendeley_WheatPhenology,India,wheat,Plant with Fruit,grain_filling_initial,RGB,,yes,,mendeley_image_metadata.csv
mendeley_grain_filling_initial_Plant_with_Fruit_(62),data/raw/images/auxiliary_wheat_images/WheatPhenology A Multi-Stage Field Image Dataset o/3. Plant with Fruit/Plant with Fruit (62).jpg,Mendeley_WheatPhenology,India,wheat,Plant with Fruit,grain_filling_initial,RGB,,yes,,mendeley_image_metadata.csv
mendeley_grain_filling_initial_Plant_with_Fruit_(63),data/raw/images/auxiliary_wheat_images/WheatPhenology A Multi-Stage Field Image Dataset o/3. Plant with Fruit/Plant with Fruit (63).jpg,Mendeley_WheatPhenology,India,wheat,Plant with Fruit,grain_filling_initial,RGB,,yes,,mendeley_image_metadata.csv
mendeley_grain_filling_initial_Plant_with_Fruit_(64),data/raw/images/auxiliary_wheat_images/WheatPhenology A Multi-Stage Field Image Dataset o/3. Plant with Fruit/Plant with Fruit (64).jpg,Mendeley_WheatPhenology,India,wheat,Plant with Fruit,grain_filling_initial,RGB,,yes,,mendeley_image_metadata.csv
mendeley_grain_filling_initial_Plant_with_Fruit_(65),data/raw/images/auxiliary_wheat_images/WheatPhenology A Multi-Stage Field Image Dataset o/3. Plant with Fruit/Plant with Fruit (65).jpg,Mendeley_WheatPhenology,India,wheat,Plant with Fruit,grain_filling_initial,RGB,,yes,,mendeley_image_metadata.csv
mendeley_grain_filling_initial_Plant_with_Fruit_(66),data/raw/images/auxiliary_wheat_images/WheatPhenology A Multi-Stage Field Image Dataset o/3. Plant with Fruit/Plant with Fruit (66).jpg,Mendeley_WheatPhenology,India,wheat,Plant with Fruit,grain_filling_initial,RGB,,yes,,mendeley_image_metadata.csv
mendeley_grain_filling_initial_Plant_with_Fruit_(67),data/raw/images/auxiliary_wheat_images/WheatPhenology A Multi-Stage Field Image Dataset o/3. Plant with Fruit/Plant with Fruit (67).jpg,Mendeley_WheatPhenology,India,wheat,Plant with Fruit,grain_filling_initial,RGB,,yes,,mendeley_image_metadata.csv
mendeley_grain_filling_initial_Plant_with_Fruit_(68),data/raw/images/auxiliary_wheat_images/WheatPhenology A Multi-Stage Field Image Dataset o/3. Plant with Fruit/Plant with Fruit (68).jpg,Mendeley_WheatPhenology,India,wheat,Plant with Fruit,grain_filling_initial,RGB,,yes,,mendeley_image_metadata.csv
mendeley_grain_filling_initial_Plant_with_Fruit_(69),data/raw/images/auxiliary_wheat_images/WheatPhenology A Multi-Stage Field Image Dataset o/3. Plant with Fruit/Plant with Fruit (69).jpg,Mendeley_WheatPhenology,India,wheat,Plant with Fruit,grain_filling_initial,RGB,,yes,,mendeley_image_metadata.csv
mendeley_grain_filling_initial_Plant_with_Fruit_(7),data/raw/images/auxiliary_wheat_images/WheatPhenology A Multi-Stage Field Image Dataset o/3. Plant with Fruit/Plant with Fruit (7).jpg,Mendeley_WheatPhenology,India,wheat,Plant with Fruit,grain_filling_initial,RGB,,yes,,mendeley_image_metadata.csv
mendeley_grain_filling_initial_Plant_with_Fruit_(70),data/raw/images/auxiliary_wheat_images/WheatPhenology A Multi-Stage Field Image Dataset o/3. Plant with Fruit/Plant with Fruit (70).jpg,Mendeley_WheatPhenology,India,wheat,Plant with Fruit,grain_filling_initial,RGB,,yes,,mendeley_image_metadata.csv
mendeley_grain_filling_initial_Plant_with_Fruit_(71),data/raw/images/auxiliary_wheat_images/WheatPhenology A Multi-Stage Field Image Dataset o/3. Plant with Fruit/Plant with Fruit (71).jpg,Mendeley_WheatPhenology,India,wheat,Plant with Fruit,grain_filling_initial,RGB,,yes,,mendeley_image_metadata.csv
mendeley_grain_filling_initial_Plant_with_Fruit_(72),data/raw/images/auxiliary_wheat_images/WheatPhenology A Multi-Stage Field Image Dataset o/3. Plant with Fruit/Plant with Fruit (72).jpg,Mendeley_WheatPhenology,India,wheat,Plant with Fruit,grain_filling_initial,RGB,,yes,,mendeley_image_metadata.csv
mendeley_grain_filling_initial_Plant_with_Fruit_(73),data/raw/images/auxiliary_wheat_images/WheatPhenology A Multi-Stage Field Image Dataset o/3. Plant with Fruit/Plant with Fruit (73).jpg,Mendeley_WheatPhenology,India,wheat,Plant with Fruit,grain_filling_initial,RGB,,yes,,mendeley_image_metadata.csv
mendeley_grain_filling_initial_Plant_with_Fruit_(74),data/raw/images/auxiliary_wheat_images/WheatPhenology A Multi-Stage Field Image Dataset o/3. Plant with Fruit/Plant with Fruit (74).jpg,Mendeley_WheatPhenology,India,wheat,Plant with Fruit,grain_filling_initial,RGB,,yes,,mendeley_image_metadata.csv
mendeley_grain_filling_initial_Plant_with_Fruit_(75),data/raw/images/auxiliary_wheat_images/WheatPhenology A Multi-Stage Field Image Dataset o/3. Plant with Fruit/Plant with Fruit (75).jpg,Mendeley_WheatPhenology,India,wheat,Plant with Fruit,grain_filling_initial,RGB,,yes,,mendeley_image_metadata.csv
mendeley_grain_filling_initial_Plant_with_Fruit_(76),data/raw/images/auxiliary_wheat_images/WheatPhenology A Multi-Stage Field Image Dataset o/3. Plant with Fruit/Plant with Fruit (76).jpg,Mendeley_WheatPhenology,India,wheat,Plant with Fruit,grain_filling_initial,RGB,,yes,,mendeley_image_metadata.csv
mendeley_grain_filling_initial_Plant_with_Fruit_(77),data/raw/images/auxiliary_wheat_images/WheatPhenology A Multi-Stage Field Image Dataset o/3. Plant with Fruit/Plant with Fruit (77).jpg,Mendeley_WheatPhenology,India,wheat,Plant with Fruit,grain_filling_initial,RGB,,yes,,mendeley_image_metadata.csv
mendeley_grain_filling_initial_Plant_with_Fruit_(78),data/raw/images/auxiliary_wheat_images/WheatPhenology A Multi-Stage Field Image Dataset o/3. Plant with Fruit/Plant with Fruit (78).jpg,Mendeley_WheatPhenology,India,wheat,Plant with Fruit,grain_filling_initial,RGB,,yes,,mendeley_image_metadata.csv
mendeley_grain_filling_initial_Plant_with_Fruit_(79),data/raw/images/auxiliary_wheat_images/WheatPhenology A Multi-Stage Field Image Dataset o/3. Plant with Fruit/Plant with Fruit (79).jpg,Mendeley_WheatPhenology,India,wheat,Plant with Fruit,grain_filling_initial,RGB,,yes,,mendeley_image_metadata.csv
mendeley_grain_filling_initial_Plant_with_Fruit_(8),data/raw/images/auxiliary_wheat_images/WheatPhenology A Multi-Stage Field Image Dataset o/3. Plant with Fruit/Plant with Fruit (8).jpg,Mendeley_WheatPhenology,India,wheat,Plant with Fruit,grain_filling_initial,RGB,,yes,,mendeley_image_metadata.csv
mendeley_grain_filling_initial_Plant_with_Fruit_(80),data/raw/images/auxiliary_wheat_images/WheatPhenology A Multi-Stage Field Image Dataset o/3. Plant with Fruit/Plant with Fruit (80).jpg,Mendeley_WheatPhenology,India,wheat,Plant with Fruit,grain_filling_initial,RGB,,yes,,mendeley_image_metadata.csv
mendeley_grain_filling_initial_Plant_with_Fruit_(81),data/raw/images/auxiliary_wheat_images/WheatPhenology A Multi-Stage Field Image Dataset o/3. Plant with Fruit/Plant with Fruit (81).jpg,Mendeley_WheatPhenology,India,wheat,Plant with Fruit,grain_filling_initial,RGB,,yes,,mendeley_image_metadata.csv
mendeley_grain_filling_initial_Plant_with_Fruit_(82),data/raw/images/auxiliary_wheat_images/WheatPhenology A Multi-Stage Field Image Dataset o/3. Plant with Fruit/Plant with Fruit (82).jpg,Mendeley_WheatPhenology,India,wheat,Plant with Fruit,grain_filling_initial,RGB,,yes,,mendeley_image_metadata.csv
mendeley_grain_filling_initial_Plant_with_Fruit_(83),data/raw/images/auxiliary_wheat_images/WheatPhenology A Multi-Stage Field Image Dataset o/3. Plant with Fruit/Plant with Fruit (83).jpg,Mendeley_WheatPhenology,India,wheat,Plant with Fruit,grain_filling_initial,RGB,,yes,,mendeley_image_metadata.csv
mendeley_grain_filling_initial_Plant_with_Fruit_(84),data/raw/images/auxiliary_wheat_images/WheatPhenology A Multi-Stage Field Image Dataset o/3. Plant with Fruit/Plant with Fruit (84).jpg,Mendeley_WheatPhenology,India,wheat,Plant with Fruit,grain_filling_initial,RGB,,yes,,mendeley_image_metadata.csv
mendeley_grain_filling_initial_Plant_with_Fruit_(85),data/raw/images/auxiliary_wheat_images/WheatPhenology A Multi-Stage Field Image Dataset o/3. Plant with Fruit/Plant with Fruit (85).jpg,Mendeley_WheatPhenology,India,wheat,Plant with Fruit,grain_filling_initial,RGB,,yes,,mendeley_image_metadata.csv
mendeley_grain_filling_initial_Plant_with_Fruit_(86),data/raw/images/auxiliary_wheat_images/WheatPhenology A Multi-Stage Field Image Dataset o/3. Plant with Fruit/Plant with Fruit (86).jpg,Mendeley_WheatPhenology,India,wheat,Plant with Fruit,grain_filling_initial,RGB,,yes,,mendeley_image_metadata.csv
mendeley_grain_filling_initial_Plant_with_Fruit_(87),data/raw/images/auxiliary_wheat_images/WheatPhenology A Multi-Stage Field Image Dataset o/3. Plant with Fruit/Plant with Fruit (87).jpg,Mendeley_WheatPhenology,India,wheat,Plant with Fruit,grain_filling_initial,RGB,,yes,,mendeley_image_metadata.csv
mendeley_grain_filling_initial_Plant_with_Fruit_(88),data/raw/images/auxiliary_wheat_images/WheatPhenology A Multi-Stage Field Image Dataset o/3. Plant with Fruit/Plant with Fruit (88).jpg,Mendeley_WheatPhenology,India,wheat,Plant with Fruit,grain_filling_initial,RGB,,yes,,mendeley_image_metadata.csv
mendeley_grain_filling_initial_Plant_with_Fruit_(89),data/raw/images/auxiliary_wheat_images/WheatPhenology A Multi-Stage Field Image Dataset o/3. Plant with Fruit/Plant with Fruit (89).jpg,Mendeley_WheatPhenology,India,wheat,Plant with Fruit,grain_filling_initial,RGB,,yes,,mendeley_image_metadata.csv
mendeley_grain_filling_initial_Plant_with_Fruit_(9),data/raw/images/auxiliary_wheat_images/WheatPhenology A Multi-Stage Field Image Dataset o/3. Plant with Fruit/Plant with Fruit (9).jpg,Mendeley_WheatPhenology,India,wheat,Plant with Fruit,grain_filling_initial,RGB,,yes,,mendeley_image_metadata.csv
mendeley_grain_filling_initial_Plant_with_Fruit_(90),data/raw/images/auxiliary_wheat_images/WheatPhenology A Multi-Stage Field Image Dataset o/3. Plant with Fruit/Plant with Fruit (90).jpg,Mendeley_WheatPhenology,India,wheat,Plant with Fruit,grain_filling_initial,RGB,,yes,,mendeley_image_metadata.csv
mendeley_grain_filling_initial_Plant_with_Fruit_(91),data/raw/images/auxiliary_wheat_images/WheatPhenology A Multi-Stage Field Image Dataset o/3. Plant with Fruit/Plant with Fruit (91).jpg,Mendeley_WheatPhenology,India,wheat,Plant with Fruit,grain_filling_initial,RGB,,yes,,mendeley_image_metadata.csv
mendeley_grain_filling_initial_Plant_with_Fruit_(92),data/raw/images/auxiliary_wheat_images/WheatPhenology A Multi-Stage Field Image Dataset o/3. Plant with Fruit/Plant with Fruit (92).jpg,Mendeley_WheatPhenology,India,wheat,Plant with Fruit,grain_filling_initial,RGB,,yes,,mendeley_image_metadata.csv
mendeley_grain_filling_initial_Plant_with_Fruit_(93),data/raw/images/auxiliary_wheat_images/WheatPhenology A Multi-Stage Field Image Dataset o/3. Plant with Fruit/Plant with Fruit (93).jpg,Mendeley_WheatPhenology,India,wheat,Plant with Fruit,grain_filling_initial,RGB,,yes,,mendeley_image_metadata.csv
mendeley_grain_filling_initial_Plant_with_Fruit_(94),data/raw/images/auxiliary_wheat_images/WheatPhenology A Multi-Stage Field Image Dataset o/3. Plant with Fruit/Plant with Fruit (94).jpg,Mendeley_WheatPhenology,India,wheat,Plant with Fruit,grain_filling_initial,RGB,,yes,,mendeley_image_metadata.csv
mendeley_grain_filling_initial_Plant_with_Fruit_(95),data/raw/images/auxiliary_wheat_images/WheatPhenology A Multi-Stage Field Image Dataset o/3. Plant with Fruit/Plant with Fruit (95).jpg,Mendeley_WheatPhenology,India,wheat,Plant with Fruit,grain_filling_initial,RGB,,yes,,mendeley_image_metadata.csv
mendeley_grain_filling_initial_Plant_with_Fruit_(96),data/raw/images/auxiliary_wheat_images/WheatPhenology A Multi-Stage Field Image Dataset o/3. Plant with Fruit/Plant with Fruit (96).jpg,Mendeley_WheatPhenology,India,wheat,Plant with Fruit,grain_filling_initial,RGB,,yes,,mendeley_image_metadata.csv
mendeley_grain_filling_initial_Plant_with_Fruit_(97),data/raw/images/auxiliary_wheat_images/WheatPhenology A Multi-Stage Field Image Dataset o/3. Plant with Fruit/Plant with Fruit (97).jpg,Mendeley_WheatPhenology,India,wheat,Plant with Fruit,grain_filling_initial,RGB,,yes,,mendeley_image_metadata.csv
mendeley_grain_filling_initial_Plant_with_Fruit_(98),data/raw/images/auxiliary_wheat_images/WheatPhenology A Multi-Stage Field Image Dataset o/3. Plant with Fruit/Plant with Fruit (98).jpg,Mendeley_WheatPhenology,India,wheat,Plant with Fruit,grain_filling_initial,RGB,,yes,,mendeley_image_metadata.csv
mendeley_grain_filling_initial_Plant_with_Fruit_(99),data/raw/images/auxiliary_wheat_images/WheatPhenology A Multi-Stage Field Image Dataset o/3. Plant with Fruit/Plant with Fruit (99).jpg,Mendeley_WheatPhenology,India,wheat,Plant with Fruit,grain_filling_initial,RGB,,yes,,mendeley_image_metadata.csv
mendeley_grain_filling_Fruit_with_Seeds_(1),data/raw/images/auxiliary_wheat_images/WheatPhenology A Multi-Stage Field Image Dataset o/4. Fruit with Seeds/Fruit with Seeds (1).jpg,Mendeley_WheatPhenology,India,wheat,Fruit with Seeds,grain_filling,RGB,,yes,,mendeley_image_metadata.csv
mendeley_grain_filling_Fruit_with_Seeds_(10),data/raw/images/auxiliary_wheat_images/WheatPhenology A Multi-Stage Field Image Dataset o/4. Fruit with Seeds/Fruit with Seeds (10).jpg,Mendeley_WheatPhenology,India,wheat,Fruit with Seeds,grain_filling,RGB,,yes,,mendeley_image_metadata.csv
mendeley_grain_filling_Fruit_with_Seeds_(100),data/raw/images/auxiliary_wheat_images/WheatPhenology A Multi-Stage Field Image Dataset o/4. Fruit with Seeds/Fruit with Seeds (100).jpg,Mendeley_WheatPhenology,India,wheat,Fruit with Seeds,grain_filling,RGB,,yes,,mendeley_image_metadata.csv
mendeley_grain_filling_Fruit_with_Seeds_(101),data/raw/images/auxiliary_wheat_images/WheatPhenology A Multi-Stage Field Image Dataset o/4. Fruit with Seeds/Fruit with Seeds (101).jpg,Mendeley_WheatPhenology,India,wheat,Fruit with Seeds,grain_filling,RGB,,yes,,mendeley_image_metadata.csv
mendeley_grain_filling_Fruit_with_Seeds_(102),data/raw/images/auxiliary_wheat_images/WheatPhenology A Multi-Stage Field Image Dataset o/4. Fruit with Seeds/Fruit with Seeds (102).jpg,Mendeley_WheatPhenology,India,wheat,Fruit with Seeds,grain_filling,RGB,,yes,,mendeley_image_metadata.csv
mendeley_grain_filling_Fruit_with_Seeds_(103),data/raw/images/auxiliary_wheat_images/WheatPhenology A Multi-Stage Field Image Dataset o/4. Fruit with Seeds/Fruit with Seeds (103).jpg,Mendeley_WheatPhenology,India,wheat,Fruit with Seeds,grain_filling,RGB,,yes,,mendeley_image_metadata.csv
mendeley_grain_filling_Fruit_with_Seeds_(104),data/raw/images/auxiliary_wheat_images/WheatPhenology A Multi-Stage Field Image Dataset o/4. Fruit with Seeds/Fruit with Seeds (104).jpg,Mendeley_WheatPhenology,India,wheat,Fruit with Seeds,grain_filling,RGB,,yes,,mendeley_image_metadata.csv
mendeley_grain_filling_Fruit_with_Seeds_(105),data/raw/images/auxiliary_wheat_images/WheatPhenology A Multi-Stage Field Image Dataset o/4. Fruit with Seeds/Fruit with Seeds (105).jpg,Mendeley_WheatPhenology,India,wheat,Fruit with Seeds,grain_filling,RGB,,yes,,mendeley_image_metadata.csv
mendeley_grain_filling_Fruit_with_Seeds_(106),data/raw/images/auxiliary_wheat_images/WheatPhenology A Multi-Stage Field Image Dataset o/4. Fruit with Seeds/Fruit with Seeds (106).jpg,Mendeley_WheatPhenology,India,wheat,Fruit with Seeds,grain_filling,RGB,,yes,,mendeley_image_metadata.csv
mendeley_grain_filling_Fruit_with_Seeds_(107),data/raw/images/auxiliary_wheat_images/WheatPhenology A Multi-Stage Field Image Dataset o/4. Fruit with Seeds/Fruit with Seeds (107).jpg,Mendeley_WheatPhenology,India,wheat,Fruit with Seeds,grain_filling,RGB,,yes,,mendeley_image_metadata.csv
mendeley_grain_filling_Fruit_with_Seeds_(108),data/raw/images/auxiliary_wheat_images/WheatPhenology A Multi-Stage Field Image Dataset o/4. Fruit with Seeds/Fruit with Seeds (108).jpg,Mendeley_WheatPhenology,India,wheat,Fruit with Seeds,grain_filling,RGB,,yes,,mendeley_image_metadata.csv
mendeley_grain_filling_Fruit_with_Seeds_(109),data/raw/images/auxiliary_wheat_images/WheatPhenology A Multi-Stage Field Image Dataset o/4. Fruit with Seeds/Fruit with Seeds (109).jpg,Mendeley_WheatPhenology,India,wheat,Fruit with Seeds,grain_filling,RGB,,yes,,mendeley_image_metadata.csv
mendeley_grain_filling_Fruit_with_Seeds_(11),data/raw/images/auxiliary_wheat_images/WheatPhenology A Multi-Stage Field Image Dataset o/4. Fruit with Seeds/Fruit with Seeds (11).jpg,Mendeley_WheatPhenology,India,wheat,Fruit with Seeds,grain_filling,RGB,,yes,,mendeley_image_metadata.csv
mendeley_grain_filling_Fruit_with_Seeds_(110),data/raw/images/auxiliary_wheat_images/WheatPhenology A Multi-Stage Field Image Dataset o/4. Fruit with Seeds/Fruit with Seeds (110).jpg,Mendeley_WheatPhenology,India,wheat,Fruit with Seeds,grain_filling,RGB,,yes,,mendeley_image_metadata.csv
mendeley_grain_filling_Fruit_with_Seeds_(111),data/raw/images/auxiliary_wheat_images/WheatPhenology A Multi-Stage Field Image Dataset o/4. Fruit with Seeds/Fruit with Seeds (111).jpg,Mendeley_WheatPhenology,India,wheat,Fruit with Seeds,grain_filling,RGB,,yes,,mendeley_image_metadata.csv
mendeley_grain_filling_Fruit_with_Seeds_(112),data/raw/images/auxiliary_wheat_images/WheatPhenology A Multi-Stage Field Image Dataset o/4. Fruit with Seeds/Fruit with Seeds (112).jpg,Mendeley_WheatPhenology,India,wheat,Fruit with Seeds,grain_filling,RGB,,yes,,mendeley_image_metadata.csv
mendeley_grain_filling_Fruit_with_Seeds_(113),data/raw/images/auxiliary_wheat_images/WheatPhenology A Multi-Stage Field Image Dataset o/4. Fruit with Seeds/Fruit with Seeds (113).jpg,Mendeley_WheatPhenology,India,wheat,Fruit with Seeds,grain_filling,RGB,,yes,,mendeley_image_metadata.csv
mendeley_grain_filling_Fruit_with_Seeds_(114),data/raw/images/auxiliary_wheat_images/WheatPhenology A Multi-Stage Field Image Dataset o/4. Fruit with Seeds/Fruit with Seeds (114).jpg,Mendeley_WheatPhenology,India,wheat,Fruit with Seeds,grain_filling,RGB,,yes,,mendeley_image_metadata.csv
mendeley_grain_filling_Fruit_with_Seeds_(115),data/raw/images/auxiliary_wheat_images/WheatPhenology A Multi-Stage Field Image Dataset o/4. Fruit with Seeds/Fruit with Seeds (115).jpg,Mendeley_WheatPhenology,India,wheat,Fruit with Seeds,grain_filling,RGB,,yes,,mendeley_image_metadata.csv
mendeley_grain_filling_Fruit_with_Seeds_(116),data/raw/images/auxiliary_wheat_images/WheatPhenology A Multi-Stage Field Image Dataset o/4. Fruit with Seeds/Fruit with Seeds (116).jpg,Mendeley_WheatPhenology,India,wheat,Fruit with Seeds,grain_filling,RGB,,yes,,mendeley_image_metadata.csv
mendeley_grain_filling_Fruit_with_Seeds_(117),data/raw/images/auxiliary_wheat_images/WheatPhenology A Multi-Stage Field Image Dataset o/4. Fruit with Seeds/Fruit with Seeds (117).jpg,Mendeley_WheatPhenology,India,wheat,Fruit with Seeds,grain_filling,RGB,,yes,,mendeley_image_metadata.csv
mendeley_grain_filling_Fruit_with_Seeds_(118),data/raw/images/auxiliary_wheat_images/WheatPhenology A Multi-Stage Field Image Dataset o/4. Fruit with Seeds/Fruit with Seeds (118).jpg,Mendeley_WheatPhenology,India,wheat,Fruit with Seeds,grain_filling,RGB,,yes,,mendeley_image_metadata.csv
mendeley_grain_filling_Fruit_with_Seeds_(119),data/raw/images/auxiliary_wheat_images/WheatPhenology A Multi-Stage Field Image Dataset o/4. Fruit with Seeds/Fruit with Seeds (119).jpg,Mendeley_WheatPhenology,India,wheat,Fruit with Seeds,grain_filling,RGB,,yes,,mendeley_image_metadata.csv
mendeley_grain_filling_Fruit_with_Seeds_(12),data/raw/images/auxiliary_wheat_images/WheatPhenology A Multi-Stage Field Image Dataset o/4. Fruit with Seeds/Fruit with Seeds (12).jpg,Mendeley_WheatPhenology,India,wheat,Fruit with Seeds,grain_filling,RGB,,yes,,mendeley_image_metadata.csv
mendeley_grain_filling_Fruit_with_Seeds_(120),data/raw/images/auxiliary_wheat_images/WheatPhenology A Multi-Stage Field Image Dataset o/4. Fruit with Seeds/Fruit with Seeds (120).jpg,Mendeley_WheatPhenology,India,wheat,Fruit with Seeds,grain_filling,RGB,,yes,,mendeley_image_metadata.csv
mendeley_grain_filling_Fruit_with_Seeds_(121),data/raw/images/auxiliary_wheat_images/WheatPhenology A Multi-Stage Field Image Dataset o/4. Fruit with Seeds/Fruit with Seeds (121).jpg,Mendeley_WheatPhenology,India,wheat,Fruit with Seeds,grain_filling,RGB,,yes,,mendeley_image_metadata.csv
mendeley_grain_filling_Fruit_with_Seeds_(122),data/raw/images/auxiliary_wheat_images/WheatPhenology A Multi-Stage Field Image Dataset o/4. Fruit with Seeds/Fruit with Seeds (122).jpg,Mendeley_WheatPhenology,India,wheat,Fruit with Seeds,grain_filling,RGB,,yes,,mendeley_image_metadata.csv
mendeley_grain_filling_Fruit_with_Seeds_(123),data/raw/images/auxiliary_wheat_images/WheatPhenology A Multi-Stage Field Image Dataset o/4. Fruit with Seeds/Fruit with Seeds (123).jpg,Mendeley_WheatPhenology,India,wheat,Fruit with Seeds,grain_filling,RGB,,yes,,mendeley_image_metadata.csv
mendeley_grain_filling_Fruit_with_Seeds_(124),data/raw/images/auxiliary_wheat_images/WheatPhenology A Multi-Stage Field Image Dataset o/4. Fruit with Seeds/Fruit with Seeds (124).jpg,Mendeley_WheatPhenology,India,wheat,Fruit with Seeds,grain_filling,RGB,,yes,,mendeley_image_metadata.csv
mendeley_grain_filling_Fruit_with_Seeds_(125),data/raw/images/auxiliary_wheat_images/WheatPhenology A Multi-Stage Field Image Dataset o/4. Fruit with Seeds/Fruit with Seeds (125).jpg,Mendeley_WheatPhenology,India,wheat,Fruit with Seeds,grain_filling,RGB,,yes,,mendeley_image_metadata.csv
mendeley_grain_filling_Fruit_with_Seeds_(126),data/raw/images/auxiliary_wheat_images/WheatPhenology A Multi-Stage Field Image Dataset o/4. Fruit with Seeds/Fruit with Seeds (126).jpg,Mendeley_WheatPhenology,India,wheat,Fruit with Seeds,grain_filling,RGB,,yes,,mendeley_image_metadata.csv
mendeley_grain_filling_Fruit_with_Seeds_(127),data/raw/images/auxiliary_wheat_images/WheatPhenology A Multi-Stage Field Image Dataset o/4. Fruit with Seeds/Fruit with Seeds (127).jpg,Mendeley_WheatPhenology,India,wheat,Fruit with Seeds,grain_filling,RGB,,yes,,mendeley_image_metadata.csv
mendeley_grain_filling_Fruit_with_Seeds_(128),data/raw/images/auxiliary_wheat_images/WheatPhenology A Multi-Stage Field Image Dataset o/4. Fruit with Seeds/Fruit with Seeds (128).jpg,Mendeley_WheatPhenology,India,wheat,Fruit with Seeds,grain_filling,RGB,,yes,,mendeley_image_metadata.csv
mendeley_grain_filling_Fruit_with_Seeds_(129),data/raw/images/auxiliary_wheat_images/WheatPhenology A Multi-Stage Field Image Dataset o/4. Fruit with Seeds/Fruit with Seeds (129).jpg,Mendeley_WheatPhenology,India,wheat,Fruit with Seeds,grain_filling,RGB,,yes,,mendeley_image_metadata.csv
mendeley_grain_filling_Fruit_with_Seeds_(13),data/raw/images/auxiliary_wheat_images/WheatPhenology A Multi-Stage Field Image Dataset o/4. Fruit with Seeds/Fruit with Seeds (13).jpg,Mendeley_WheatPhenology,India,wheat,Fruit with Seeds,grain_filling,RGB,,yes,,mendeley_image_metadata.csv
mendeley_grain_filling_Fruit_with_Seeds_(130),data/raw/images/auxiliary_wheat_images/WheatPhenology A Multi-Stage Field Image Dataset o/4. Fruit with Seeds/Fruit with Seeds (130).jpg,Mendeley_WheatPhenology,India,wheat,Fruit with Seeds,grain_filling,RGB,,yes,,mendeley_image_metadata.csv
mendeley_grain_filling_Fruit_with_Seeds_(131),data/raw/images/auxiliary_wheat_images/WheatPhenology A Multi-Stage Field Image Dataset o/4. Fruit with Seeds/Fruit with Seeds (131).jpg,Mendeley_WheatPhenology,India,wheat,Fruit with Seeds,grain_filling,RGB,,yes,,mendeley_image_metadata.csv
mendeley_grain_filling_Fruit_with_Seeds_(132),data/raw/images/auxiliary_wheat_images/WheatPhenology A Multi-Stage Field Image Dataset o/4. Fruit with Seeds/Fruit with Seeds (132).jpg,Mendeley_WheatPhenology,India,wheat,Fruit with Seeds,grain_filling,RGB,,yes,,mendeley_image_metadata.csv
mendeley_grain_filling_Fruit_with_Seeds_(133),data/raw/images/auxiliary_wheat_images/WheatPhenology A Multi-Stage Field Image Dataset o/4. Fruit with Seeds/Fruit with Seeds (133).jpg,Mendeley_WheatPhenology,India,wheat,Fruit with Seeds,grain_filling,RGB,,yes,,mendeley_image_metadata.csv
mendeley_grain_filling_Fruit_with_Seeds_(134),data/raw/images/auxiliary_wheat_images/WheatPhenology A Multi-Stage Field Image Dataset o/4. Fruit with Seeds/Fruit with Seeds (134).jpg,Mendeley_WheatPhenology,India,wheat,Fruit with Seeds,grain_filling,RGB,,yes,,mendeley_image_metadata.csv
mendeley_grain_filling_Fruit_with_Seeds_(135),data/raw/images/auxiliary_wheat_images/WheatPhenology A Multi-Stage Field Image Dataset o/4. Fruit with Seeds/Fruit with Seeds (135).jpg,Mendeley_WheatPhenology,India,wheat,Fruit with Seeds,grain_filling,RGB,,yes,,mendeley_image_metadata.csv
mendeley_grain_filling_Fruit_with_Seeds_(136),data/raw/images/auxiliary_wheat_images/WheatPhenology A Multi-Stage Field Image Dataset o/4. Fruit with Seeds/Fruit with Seeds (136).jpg,Mendeley_WheatPhenology,India,wheat,Fruit with Seeds,grain_filling,RGB,,yes,,mendeley_image_metadata.csv
mendeley_grain_filling_Fruit_with_Seeds_(137),data/raw/images/auxiliary_wheat_images/WheatPhenology A Multi-Stage Field Image Dataset o/4. Fruit with Seeds/Fruit with Seeds (137).jpg,Mendeley_WheatPhenology,India,wheat,Fruit with Seeds,grain_filling,RGB,,yes,,mendeley_image_metadata.csv
mendeley_grain_filling_Fruit_with_Seeds_(138),data/raw/images/auxiliary_wheat_images/WheatPhenology A Multi-Stage Field Image Dataset o/4. Fruit with Seeds/Fruit with Seeds (138).jpg,Mendeley_WheatPhenology,India,wheat,Fruit with Seeds,grain_filling,RGB,,yes,,mendeley_image_metadata.csv
mendeley_grain_filling_Fruit_with_Seeds_(139),data/raw/images/auxiliary_wheat_images/WheatPhenology A Multi-Stage Field Image Dataset o/4. Fruit with Seeds/Fruit with Seeds (139).jpg,Mendeley_WheatPhenology,India,wheat,Fruit with Seeds,grain_filling,RGB,,yes,,mendeley_image_metadata.csv
mendeley_grain_filling_Fruit_with_Seeds_(14),data/raw/images/auxiliary_wheat_images/WheatPhenology A Multi-Stage Field Image Dataset o/4. Fruit with Seeds/Fruit with Seeds (14).jpg,Mendeley_WheatPhenology,India,wheat,Fruit with Seeds,grain_filling,RGB,,yes,,mendeley_image_metadata.csv
mendeley_grain_filling_Fruit_with_Seeds_(140),data/raw/images/auxiliary_wheat_images/WheatPhenology A Multi-Stage Field Image Dataset o/4. Fruit with Seeds/Fruit with Seeds (140).jpg,Mendeley_WheatPhenology,India,wheat,Fruit with Seeds,grain_filling,RGB,,yes,,mendeley_image_metadata.csv
mendeley_grain_filling_Fruit_with_Seeds_(141),data/raw/images/auxiliary_wheat_images/WheatPhenology A Multi-Stage Field Image Dataset o/4. Fruit with Seeds/Fruit with Seeds (141).jpg,Mendeley_WheatPhenology,India,wheat,Fruit with Seeds,grain_filling,RGB,,yes,,mendeley_image_metadata.csv
mendeley_grain_filling_Fruit_with_Seeds_(142),data/raw/images/auxiliary_wheat_images/WheatPhenology A Multi-Stage Field Image Dataset o/4. Fruit with Seeds/Fruit with Seeds (142).jpg,Mendeley_WheatPhenology,India,wheat,Fruit with Seeds,grain_filling,RGB,,yes,,mendeley_image_metadata.csv
mendeley_grain_filling_Fruit_with_Seeds_(143),data/raw/images/auxiliary_wheat_images/WheatPhenology A Multi-Stage Field Image Dataset o/4. Fruit with Seeds/Fruit with Seeds (143).jpg,Mendeley_WheatPhenology,India,wheat,Fruit with Seeds,grain_filling,RGB,,yes,,mendeley_image_metadata.csv
mendeley_grain_filling_Fruit_with_Seeds_(144),data/raw/images/auxiliary_wheat_images/WheatPhenology A Multi-Stage Field Image Dataset o/4. Fruit with Seeds/Fruit with Seeds (144).jpg,Mendeley_WheatPhenology,India,wheat,Fruit with Seeds,grain_filling,RGB,,yes,,mendeley_image_metadata.csv
mendeley_grain_filling_Fruit_with_Seeds_(145),data/raw/images/auxiliary_wheat_images/WheatPhenology A Multi-Stage Field Image Dataset o/4. Fruit with Seeds/Fruit with Seeds (145).jpg,Mendeley_WheatPhenology,India,wheat,Fruit with Seeds,grain_filling,RGB,,yes,,mendeley_image_metadata.csv
mendeley_grain_filling_Fruit_with_Seeds_(146),data/raw/images/auxiliary_wheat_images/WheatPhenology A Multi-Stage Field Image Dataset o/4. Fruit with Seeds/Fruit with Seeds (146).jpg,Mendeley_WheatPhenology,India,wheat,Fruit with Seeds,grain_filling,RGB,,yes,,mendeley_image_metadata.csv
mendeley_grain_filling_Fruit_with_Seeds_(147),data/raw/images/auxiliary_wheat_images/WheatPhenology A Multi-Stage Field Image Dataset o/4. Fruit with Seeds/Fruit with Seeds (147).jpg,Mendeley_WheatPhenology,India,wheat,Fruit with Seeds,grain_filling,RGB,,yes,,mendeley_image_metadata.csv
mendeley_grain_filling_Fruit_with_Seeds_(148),data/raw/images/auxiliary_wheat_images/WheatPhenology A Multi-Stage Field Image Dataset o/4. Fruit with Seeds/Fruit with Seeds (148).jpg,Mendeley_WheatPhenology,India,wheat,Fruit with Seeds,grain_filling,RGB,,yes,,mendeley_image_metadata.csv
mendeley_grain_filling_Fruit_with_Seeds_(149),data/raw/images/auxiliary_wheat_images/WheatPhenology A Multi-Stage Field Image Dataset o/4. Fruit with Seeds/Fruit with Seeds (149).jpg,Mendeley_WheatPhenology,India,wheat,Fruit with Seeds,grain_filling,RGB,,yes,,mendeley_image_metadata.csv
mendeley_grain_filling_Fruit_with_Seeds_(15),data/raw/images/auxiliary_wheat_images/WheatPhenology A Multi-Stage Field Image Dataset o/4. Fruit with Seeds/Fruit with Seeds (15).jpg,Mendeley_WheatPhenology,India,wheat,Fruit with Seeds,grain_filling,RGB,,yes,,mendeley_image_metadata.csv
mendeley_grain_filling_Fruit_with_Seeds_(150),data/raw/images/auxiliary_wheat_images/WheatPhenology A Multi-Stage Field Image Dataset o/4. Fruit with Seeds/Fruit with Seeds (150).jpg,Mendeley_WheatPhenology,India,wheat,Fruit with Seeds,grain_filling,RGB,,yes,,mendeley_image_metadata.csv
mendeley_grain_filling_Fruit_with_Seeds_(151),data/raw/images/auxiliary_wheat_images/WheatPhenology A Multi-Stage Field Image Dataset o/4. Fruit with Seeds/Fruit with Seeds (151).jpg,Mendeley_WheatPhenology,India,wheat,Fruit with Seeds,grain_filling,RGB,,yes,,mendeley_image_metadata.csv
mendeley_grain_filling_Fruit_with_Seeds_(152),data/raw/images/auxiliary_wheat_images/WheatPhenology A Multi-Stage Field Image Dataset o/4. Fruit with Seeds/Fruit with Seeds (152).jpg,Mendeley_WheatPhenology,India,wheat,Fruit with Seeds,grain_filling,RGB,,yes,,mendeley_image_metadata.csv
mendeley_grain_filling_Fruit_with_Seeds_(153),data/raw/images/auxiliary_wheat_images/WheatPhenology A Multi-Stage Field Image Dataset o/4. Fruit with Seeds/Fruit with Seeds (153).jpg,Mendeley_WheatPhenology,India,wheat,Fruit with Seeds,grain_filling,RGB,,yes,,mendeley_image_metadata.csv
mendeley_grain_filling_Fruit_with_Seeds_(154),data/raw/images/auxiliary_wheat_images/WheatPhenology A Multi-Stage Field Image Dataset o/4. Fruit with Seeds/Fruit with Seeds (154).jpg,Mendeley_WheatPhenology,India,wheat,Fruit with Seeds,grain_filling,RGB,,yes,,mendeley_image_metadata.csv
mendeley_grain_filling_Fruit_with_Seeds_(155),data/raw/images/auxiliary_wheat_images/WheatPhenology A Multi-Stage Field Image Dataset o/4. Fruit with Seeds/Fruit with Seeds (155).jpg,Mendeley_WheatPhenology,India,wheat,Fruit with Seeds,grain_filling,RGB,,yes,,mendeley_image_metadata.csv
mendeley_grain_filling_Fruit_with_Seeds_(156),data/raw/images/auxiliary_wheat_images/WheatPhenology A Multi-Stage Field Image Dataset o/4. Fruit with Seeds/Fruit with Seeds (156).jpg,Mendeley_WheatPhenology,India,wheat,Fruit with Seeds,grain_filling,RGB,,yes,,mendeley_image_metadata.csv
mendeley_grain_filling_Fruit_with_Seeds_(157),data/raw/images/auxiliary_wheat_images/WheatPhenology A Multi-Stage Field Image Dataset o/4. Fruit with Seeds/Fruit with Seeds (157).jpg,Mendeley_WheatPhenology,India,wheat,Fruit with Seeds,grain_filling,RGB,,yes,,mendeley_image_metadata.csv
mendeley_grain_filling_Fruit_with_Seeds_(158),data/raw/images/auxiliary_wheat_images/WheatPhenology A Multi-Stage Field Image Dataset o/4. Fruit with Seeds/Fruit with Seeds (158).jpg,Mendeley_WheatPhenology,India,wheat,Fruit with Seeds,grain_filling,RGB,,yes,,mendeley_image_metadata.csv
mendeley_grain_filling_Fruit_with_Seeds_(159),data/raw/images/auxiliary_wheat_images/WheatPhenology A Multi-Stage Field Image Dataset o/4. Fruit with Seeds/Fruit with Seeds (159).jpg,Mendeley_WheatPhenology,India,wheat,Fruit with Seeds,grain_filling,RGB,,yes,,mendeley_image_metadata.csv
mendeley_grain_filling_Fruit_with_Seeds_(16),data/raw/images/auxiliary_wheat_images/WheatPhenology A Multi-Stage Field Image Dataset o/4. Fruit with Seeds/Fruit with Seeds (16).jpg,Mendeley_WheatPhenology,India,wheat,Fruit with Seeds,grain_filling,RGB,,yes,,mendeley_image_metadata.csv
mendeley_grain_filling_Fruit_with_Seeds_(160),data/raw/images/auxiliary_wheat_images/WheatPhenology A Multi-Stage Field Image Dataset o/4. Fruit with Seeds/Fruit with Seeds (160).jpg,Mendeley_WheatPhenology,India,wheat,Fruit with Seeds,grain_filling,RGB,,yes,,mendeley_image_metadata.csv
mendeley_grain_filling_Fruit_with_Seeds_(161),data/raw/images/auxiliary_wheat_images/WheatPhenology A Multi-Stage Field Image Dataset o/4. Fruit with Seeds/Fruit with Seeds (161).jpg,Mendeley_WheatPhenology,India,wheat,Fruit with Seeds,grain_filling,RGB,,yes,,mendeley_image_metadata.csv
mendeley_grain_filling_Fruit_with_Seeds_(162),data/raw/images/auxiliary_wheat_images/WheatPhenology A Multi-Stage Field Image Dataset o/4. Fruit with Seeds/Fruit with Seeds (162).jpg,Mendeley_WheatPhenology,India,wheat,Fruit with Seeds,grain_filling,RGB,,yes,,mendeley_image_metadata.csv
mendeley_grain_filling_Fruit_with_Seeds_(163),data/raw/images/auxiliary_wheat_images/WheatPhenology A Multi-Stage Field Image Dataset o/4. Fruit with Seeds/Fruit with Seeds (163).jpg,Mendeley_WheatPhenology,India,wheat,Fruit with Seeds,grain_filling,RGB,,yes,,mendeley_image_metadata.csv
mendeley_grain_filling_Fruit_with_Seeds_(164),data/raw/images/auxiliary_wheat_images/WheatPhenology A Multi-Stage Field Image Dataset o/4. Fruit with Seeds/Fruit with Seeds (164).jpg,Mendeley_WheatPhenology,India,wheat,Fruit with Seeds,grain_filling,RGB,,yes,,mendeley_image_metadata.csv
mendeley_grain_filling_Fruit_with_Seeds_(165),data/raw/images/auxiliary_wheat_images/WheatPhenology A Multi-Stage Field Image Dataset o/4. Fruit with Seeds/Fruit with Seeds (165).jpg,Mendeley_WheatPhenology,India,wheat,Fruit with Seeds,grain_filling,RGB,,yes,,mendeley_image_metadata.csv
mendeley_grain_filling_Fruit_with_Seeds_(166),data/raw/images/auxiliary_wheat_images/WheatPhenology A Multi-Stage Field Image Dataset o/4. Fruit with Seeds/Fruit with Seeds (166).jpg,Mendeley_WheatPhenology,India,wheat,Fruit with Seeds,grain_filling,RGB,,yes,,mendeley_image_metadata.csv
mendeley_grain_filling_Fruit_with_Seeds_(167),data/raw/images/auxiliary_wheat_images/WheatPhenology A Multi-Stage Field Image Dataset o/4. Fruit with Seeds/Fruit with Seeds (167).jpg,Mendeley_WheatPhenology,India,wheat,Fruit with Seeds,grain_filling,RGB,,yes,,mendeley_image_metadata.csv
mendeley_grain_filling_Fruit_with_Seeds_(168),data/raw/images/auxiliary_wheat_images/WheatPhenology A Multi-Stage Field Image Dataset o/4. Fruit with Seeds/Fruit with Seeds (168).jpg,Mendeley_WheatPhenology,India,wheat,Fruit with Seeds,grain_filling,RGB,,yes,,mendeley_image_metadata.csv
mendeley_grain_filling_Fruit_with_Seeds_(169),data/raw/images/auxiliary_wheat_images/WheatPhenology A Multi-Stage Field Image Dataset o/4. Fruit with Seeds/Fruit with Seeds (169).jpg,Mendeley_WheatPhenology,India,wheat,Fruit with Seeds,grain_filling,RGB,,yes,,mendeley_image_metadata.csv
mendeley_grain_filling_Fruit_with_Seeds_(17),data/raw/images/auxiliary_wheat_images/WheatPhenology A Multi-Stage Field Image Dataset o/4. Fruit with Seeds/Fruit with Seeds (17).jpg,Mendeley_WheatPhenology,India,wheat,Fruit with Seeds,grain_filling,RGB,,yes,,mendeley_image_metadata.csv
mendeley_grain_filling_Fruit_with_Seeds_(170),data/raw/images/auxiliary_wheat_images/WheatPhenology A Multi-Stage Field Image Dataset o/4. Fruit with Seeds/Fruit with Seeds (170).jpg,Mendeley_WheatPhenology,India,wheat,Fruit with Seeds,grain_filling,RGB,,yes,,mendeley_image_metadata.csv
mendeley_grain_filling_Fruit_with_Seeds_(171),data/raw/images/auxiliary_wheat_images/WheatPhenology A Multi-Stage Field Image Dataset o/4. Fruit with Seeds/Fruit with Seeds (171).jpg,Mendeley_WheatPhenology,India,wheat,Fruit with Seeds,grain_filling,RGB,,yes,,mendeley_image_metadata.csv
mendeley_grain_filling_Fruit_with_Seeds_(172),data/raw/images/auxiliary_wheat_images/WheatPhenology A Multi-Stage Field Image Dataset o/4. Fruit with Seeds/Fruit with Seeds (172).jpg,Mendeley_WheatPhenology,India,wheat,Fruit with Seeds,grain_filling,RGB,,yes,,mendeley_image_metadata.csv
mendeley_grain_filling_Fruit_with_Seeds_(173),data/raw/images/auxiliary_wheat_images/WheatPhenology A Multi-Stage Field Image Dataset o/4. Fruit with Seeds/Fruit with Seeds (173).jpg,Mendeley_WheatPhenology,India,wheat,Fruit with Seeds,grain_filling,RGB,,yes,,mendeley_image_metadata.csv
mendeley_grain_filling_Fruit_with_Seeds_(174),data/raw/images/auxiliary_wheat_images/WheatPhenology A Multi-Stage Field Image Dataset o/4. Fruit with Seeds/Fruit with Seeds (174).jpg,Mendeley_WheatPhenology,India,wheat,Fruit with Seeds,grain_filling,RGB,,yes,,mendeley_image_metadata.csv
mendeley_grain_filling_Fruit_with_Seeds_(175),data/raw/images/auxiliary_wheat_images/WheatPhenology A Multi-Stage Field Image Dataset o/4. Fruit with Seeds/Fruit with Seeds (175).jpg,Mendeley_WheatPhenology,India,wheat,Fruit with Seeds,grain_filling,RGB,,yes,,mendeley_image_metadata.csv
mendeley_grain_filling_Fruit_with_Seeds_(176),data/raw/images/auxiliary_wheat_images/WheatPhenology A Multi-Stage Field Image Dataset o/4. Fruit with Seeds/Fruit with Seeds (176).jpg,Mendeley_WheatPhenology,India,wheat,Fruit with Seeds,grain_filling,RGB,,yes,,mendeley_image_metadata.csv
mendeley_grain_filling_Fruit_with_Seeds_(177),data/raw/images/auxiliary_wheat_images/WheatPhenology A Multi-Stage Field Image Dataset o/4. Fruit with Seeds/Fruit with Seeds (177).jpg,Mendeley_WheatPhenology,India,wheat,Fruit with Seeds,grain_filling,RGB,,yes,,mendeley_image_metadata.csv
mendeley_grain_filling_Fruit_with_Seeds_(178),data/raw/images/auxiliary_wheat_images/WheatPhenology A Multi-Stage Field Image Dataset o/4. Fruit with Seeds/Fruit with Seeds (178).jpg,Mendeley_WheatPhenology,India,wheat,Fruit with Seeds,grain_filling,RGB,,yes,,mendeley_image_metadata.csv
mendeley_grain_filling_Fruit_with_Seeds_(179),data/raw/images/auxiliary_wheat_images/WheatPhenology A Multi-Stage Field Image Dataset o/4. Fruit with Seeds/Fruit with Seeds (179).jpg,Mendeley_WheatPhenology,India,wheat,Fruit with Seeds,grain_filling,RGB,,yes,,mendeley_image_metadata.csv
mendeley_grain_filling_Fruit_with_Seeds_(18),data/raw/images/auxiliary_wheat_images/WheatPhenology A Multi-Stage Field Image Dataset o/4. Fruit with Seeds/Fruit with Seeds (18).jpg,Mendeley_WheatPhenology,India,wheat,Fruit with Seeds,grain_filling,RGB,,yes,,mendeley_image_metadata.csv
mendeley_grain_filling_Fruit_with_Seeds_(180),data/raw/images/auxiliary_wheat_images/WheatPhenology A Multi-Stage Field Image Dataset o/4. Fruit with Seeds/Fruit with Seeds (180).jpg,Mendeley_WheatPhenology,India,wheat,Fruit with Seeds,grain_filling,RGB,,yes,,mendeley_image_metadata.csv
mendeley_grain_filling_Fruit_with_Seeds_(181),data/raw/images/auxiliary_wheat_images/WheatPhenology A Multi-Stage Field Image Dataset o/4. Fruit with Seeds/Fruit with Seeds (181).jpg,Mendeley_WheatPhenology,India,wheat,Fruit with Seeds,grain_filling,RGB,,yes,,mendeley_image_metadata.csv
mendeley_grain_filling_Fruit_with_Seeds_(182),data/raw/images/auxiliary_wheat_images/WheatPhenology A Multi-Stage Field Image Dataset o/4. Fruit with Seeds/Fruit with Seeds (182).jpg,Mendeley_WheatPhenology,India,wheat,Fruit with Seeds,grain_filling,RGB,,yes,,mendeley_image_metadata.csv
mendeley_grain_filling_Fruit_with_Seeds_(183),data/raw/images/auxiliary_wheat_images/WheatPhenology A Multi-Stage Field Image Dataset o/4. Fruit with Seeds/Fruit with Seeds (183).jpg,Mendeley_WheatPhenology,India,wheat,Fruit with Seeds,grain_filling,RGB,,yes,,mendeley_image_metadata.csv
mendeley_grain_filling_Fruit_with_Seeds_(184),data/raw/images/auxiliary_wheat_images/WheatPhenology A Multi-Stage Field Image Dataset o/4. Fruit with Seeds/Fruit with Seeds (184).jpg,Mendeley_WheatPhenology,India,wheat,Fruit with Seeds,grain_filling,RGB,,yes,,mendeley_image_metadata.csv
mendeley_grain_filling_Fruit_with_Seeds_(185),data/raw/images/auxiliary_wheat_images/WheatPhenology A Multi-Stage Field Image Dataset o/4. Fruit with Seeds/Fruit with Seeds (185).jpg,Mendeley_WheatPhenology,India,wheat,Fruit with Seeds,grain_filling,RGB,,yes,,mendeley_image_metadata.csv
mendeley_grain_filling_Fruit_with_Seeds_(186),data/raw/images/auxiliary_wheat_images/WheatPhenology A Multi-Stage Field Image Dataset o/4. Fruit with Seeds/Fruit with Seeds (186).jpg,Mendeley_WheatPhenology,India,wheat,Fruit with Seeds,grain_filling,RGB,,yes,,mendeley_image_metadata.csv
mendeley_grain_filling_Fruit_with_Seeds_(187),data/raw/images/auxiliary_wheat_images/WheatPhenology A Multi-Stage Field Image Dataset o/4. Fruit with Seeds/Fruit with Seeds (187).jpg,Mendeley_WheatPhenology,India,wheat,Fruit with Seeds,grain_filling,RGB,,yes,,mendeley_image_metadata.csv
mendeley_grain_filling_Fruit_with_Seeds_(188),data/raw/images/auxiliary_wheat_images/WheatPhenology A Multi-Stage Field Image Dataset o/4. Fruit with Seeds/Fruit with Seeds (188).jpg,Mendeley_WheatPhenology,India,wheat,Fruit with Seeds,grain_filling,RGB,,yes,,mendeley_image_metadata.csv
mendeley_grain_filling_Fruit_with_Seeds_(189),data/raw/images/auxiliary_wheat_images/WheatPhenology A Multi-Stage Field Image Dataset o/4. Fruit with Seeds/Fruit with Seeds (189).jpg,Mendeley_WheatPhenology,India,wheat,Fruit with Seeds,grain_filling,RGB,,yes,,mendeley_image_metadata.csv
mendeley_grain_filling_Fruit_with_Seeds_(19),data/raw/images/auxiliary_wheat_images/WheatPhenology A Multi-Stage Field Image Dataset o/4. Fruit with Seeds/Fruit with Seeds (19).jpg,Mendeley_WheatPhenology,India,wheat,Fruit with Seeds,grain_filling,RGB,,yes,,mendeley_image_metadata.csv
mendeley_grain_filling_Fruit_with_Seeds_(190),data/raw/images/auxiliary_wheat_images/WheatPhenology A Multi-Stage Field Image Dataset o/4. Fruit with Seeds/Fruit with Seeds (190).jpg,Mendeley_WheatPhenology,India,wheat,Fruit with Seeds,grain_filling,RGB,,yes,,mendeley_image_metadata.csv
mendeley_grain_filling_Fruit_with_Seeds_(191),data/raw/images/auxiliary_wheat_images/WheatPhenology A Multi-Stage Field Image Dataset o/4. Fruit with Seeds/Fruit with Seeds (191).jpg,Mendeley_WheatPhenology,India,wheat,Fruit with Seeds,grain_filling,RGB,,yes,,mendeley_image_metadata.csv
mendeley_grain_filling_Fruit_with_Seeds_(192),data/raw/images/auxiliary_wheat_images/WheatPhenology A Multi-Stage Field Image Dataset o/4. Fruit with Seeds/Fruit with Seeds (192).jpg,Mendeley_WheatPhenology,India,wheat,Fruit with Seeds,grain_filling,RGB,,yes,,mendeley_image_metadata.csv
mendeley_grain_filling_Fruit_with_Seeds_(193),data/raw/images/auxiliary_wheat_images/WheatPhenology A Multi-Stage Field Image Dataset o/4. Fruit with Seeds/Fruit with Seeds (193).jpg,Mendeley_WheatPhenology,India,wheat,Fruit with Seeds,grain_filling,RGB,,yes,,mendeley_image_metadata.csv
mendeley_grain_filling_Fruit_with_Seeds_(194),data/raw/images/auxiliary_wheat_images/WheatPhenology A Multi-Stage Field Image Dataset o/4. Fruit with Seeds/Fruit with Seeds (194).jpg,Mendeley_WheatPhenology,India,wheat,Fruit with Seeds,grain_filling,RGB,,yes,,mendeley_image_metadata.csv
mendeley_grain_filling_Fruit_with_Seeds_(195),data/raw/images/auxiliary_wheat_images/WheatPhenology A Multi-Stage Field Image Dataset o/4. Fruit with Seeds/Fruit with Seeds (195).jpg,Mendeley_WheatPhenology,India,wheat,Fruit with Seeds,grain_filling,RGB,,yes,,mendeley_image_metadata.csv
mendeley_grain_filling_Fruit_with_Seeds_(196),data/raw/images/auxiliary_wheat_images/WheatPhenology A Multi-Stage Field Image Dataset o/4. Fruit with Seeds/Fruit with Seeds (196).jpg,Mendeley_WheatPhenology,India,wheat,Fruit with Seeds,grain_filling,RGB,,yes,,mendeley_image_metadata.csv
mendeley_grain_filling_Fruit_with_Seeds_(197),data/raw/images/auxiliary_wheat_images/WheatPhenology A Multi-Stage Field Image Dataset o/4. Fruit with Seeds/Fruit with Seeds (197).jpg,Mendeley_WheatPhenology,India,wheat,Fruit with Seeds,grain_filling,RGB,,yes,,mendeley_image_metadata.csv
mendeley_grain_filling_Fruit_with_Seeds_(198),data/raw/images/auxiliary_wheat_images/WheatPhenology A Multi-Stage Field Image Dataset o/4. Fruit with Seeds/Fruit with Seeds (198).jpg,Mendeley_WheatPhenology,India,wheat,Fruit with Seeds,grain_filling,RGB,,yes,,mendeley_image_metadata.csv
mendeley_grain_filling_Fruit_with_Seeds_(199),data/raw/images/auxiliary_wheat_images/WheatPhenology A Multi-Stage Field Image Dataset o/4. Fruit with Seeds/Fruit with Seeds (199).jpg,Mendeley_WheatPhenology,India,wheat,Fruit with Seeds,grain_filling,RGB,,yes,,mendeley_image_metadata.csv
mendeley_grain_filling_Fruit_with_Seeds_(2),data/raw/images/auxiliary_wheat_images/WheatPhenology A Multi-Stage Field Image Dataset o/4. Fruit with Seeds/Fruit with Seeds (2).jpg,Mendeley_WheatPhenology,India,wheat,Fruit with Seeds,grain_filling,RGB,,yes,,mendeley_image_metadata.csv
mendeley_grain_filling_Fruit_with_Seeds_(20),data/raw/images/auxiliary_wheat_images/WheatPhenology A Multi-Stage Field Image Dataset o/4. Fruit with Seeds/Fruit with Seeds (20).jpg,Mendeley_WheatPhenology,India,wheat,Fruit with Seeds,grain_filling,RGB,,yes,,mendeley_image_metadata.csv
mendeley_grain_filling_Fruit_with_Seeds_(200),data/raw/images/auxiliary_wheat_images/WheatPhenology A Multi-Stage Field Image Dataset o/4. Fruit with Seeds/Fruit with Seeds (200).jpg,Mendeley_WheatPhenology,India,wheat,Fruit with Seeds,grain_filling,RGB,,yes,,mendeley_image_metadata.csv
mendeley_grain_filling_Fruit_with_Seeds_(201),data/raw/images/auxiliary_wheat_images/WheatPhenology A Multi-Stage Field Image Dataset o/4. Fruit with Seeds/Fruit with Seeds (201).jpg,Mendeley_WheatPhenology,India,wheat,Fruit with Seeds,grain_filling,RGB,,yes,,mendeley_image_metadata.csv
mendeley_grain_filling_Fruit_with_Seeds_(202),data/raw/images/auxiliary_wheat_images/WheatPhenology A Multi-Stage Field Image Dataset o/4. Fruit with Seeds/Fruit with Seeds (202).jpg,Mendeley_WheatPhenology,India,wheat,Fruit with Seeds,grain_filling,RGB,,yes,,mendeley_image_metadata.csv
mendeley_grain_filling_Fruit_with_Seeds_(203),data/raw/images/auxiliary_wheat_images/WheatPhenology A Multi-Stage Field Image Dataset o/4. Fruit with Seeds/Fruit with Seeds (203).jpg,Mendeley_WheatPhenology,India,wheat,Fruit with Seeds,grain_filling,RGB,,yes,,mendeley_image_metadata.csv
mendeley_grain_filling_Fruit_with_Seeds_(204),data/raw/images/auxiliary_wheat_images/WheatPhenology A Multi-Stage Field Image Dataset o/4. Fruit with Seeds/Fruit with Seeds (204).jpg,Mendeley_WheatPhenology,India,wheat,Fruit with Seeds,grain_filling,RGB,,yes,,mendeley_image_metadata.csv
mendeley_grain_filling_Fruit_with_Seeds_(205),data/raw/images/auxiliary_wheat_images/WheatPhenology A Multi-Stage Field Image Dataset o/4. Fruit with Seeds/Fruit with Seeds (205).jpg,Mendeley_WheatPhenology,India,wheat,Fruit with Seeds,grain_filling,RGB,,yes,,mendeley_image_metadata.csv
mendeley_grain_filling_Fruit_with_Seeds_(206),data/raw/images/auxiliary_wheat_images/WheatPhenology A Multi-Stage Field Image Dataset o/4. Fruit with Seeds/Fruit with Seeds (206).jpg,Mendeley_WheatPhenology,India,wheat,Fruit with Seeds,grain_filling,RGB,,yes,,mendeley_image_metadata.csv
mendeley_grain_filling_Fruit_with_Seeds_(207),data/raw/images/auxiliary_wheat_images/WheatPhenology A Multi-Stage Field Image Dataset o/4. Fruit with Seeds/Fruit with Seeds (207).jpg,Mendeley_WheatPhenology,India,wheat,Fruit with Seeds,grain_filling,RGB,,yes,,mendeley_image_metadata.csv
mendeley_grain_filling_Fruit_with_Seeds_(208),data/raw/images/auxiliary_wheat_images/WheatPhenology A Multi-Stage Field Image Dataset o/4. Fruit with Seeds/Fruit with Seeds (208).jpg,Mendeley_WheatPhenology,India,wheat,Fruit with Seeds,grain_filling,RGB,,yes,,mendeley_image_metadata.csv
mendeley_grain_filling_Fruit_with_Seeds_(209),data/raw/images/auxiliary_wheat_images/WheatPhenology A Multi-Stage Field Image Dataset o/4. Fruit with Seeds/Fruit with Seeds (209).jpg,Mendeley_WheatPhenology,India,wheat,Fruit with Seeds,grain_filling,RGB,,yes,,mendeley_image_metadata.csv
mendeley_grain_filling_Fruit_with_Seeds_(21),data/raw/images/auxiliary_wheat_images/WheatPhenology A Multi-Stage Field Image Dataset o/4. Fruit with Seeds/Fruit with Seeds (21).jpg,Mendeley_WheatPhenology,India,wheat,Fruit with Seeds,grain_filling,RGB,,yes,,mendeley_image_metadata.csv
mendeley_grain_filling_Fruit_with_Seeds_(210),data/raw/images/auxiliary_wheat_images/WheatPhenology A Multi-Stage Field Image Dataset o/4. Fruit with Seeds/Fruit with Seeds (210).jpg,Mendeley_WheatPhenology,India,wheat,Fruit with Seeds,grain_filling,RGB,,yes,,mendeley_image_metadata.csv
mendeley_grain_filling_Fruit_with_Seeds_(211),data/raw/images/auxiliary_wheat_images/WheatPhenology A Multi-Stage Field Image Dataset o/4. Fruit with Seeds/Fruit with Seeds (211).jpg,Mendeley_WheatPhenology,India,wheat,Fruit with Seeds,grain_filling,RGB,,yes,,mendeley_image_metadata.csv
mendeley_grain_filling_Fruit_with_Seeds_(212),data/raw/images/auxiliary_wheat_images/WheatPhenology A Multi-Stage Field Image Dataset o/4. Fruit with Seeds/Fruit with Seeds (212).jpg,Mendeley_WheatPhenology,India,wheat,Fruit with Seeds,grain_filling,RGB,,yes,,mendeley_image_metadata.csv
mendeley_grain_filling_Fruit_with_Seeds_(213),data/raw/images/auxiliary_wheat_images/WheatPhenology A Multi-Stage Field Image Dataset o/4. Fruit with Seeds/Fruit with Seeds (213).jpg,Mendeley_WheatPhenology,India,wheat,Fruit with Seeds,grain_filling,RGB,,yes,,mendeley_image_metadata.csv
mendeley_grain_filling_Fruit_with_Seeds_(214),data/raw/images/auxiliary_wheat_images/WheatPhenology A Multi-Stage Field Image Dataset o/4. Fruit with Seeds/Fruit with Seeds (214).jpg,Mendeley_WheatPhenology,India,wheat,Fruit with Seeds,grain_filling,RGB,,yes,,mendeley_image_metadata.csv
mendeley_grain_filling_Fruit_with_Seeds_(215),data/raw/images/auxiliary_wheat_images/WheatPhenology A Multi-Stage Field Image Dataset o/4. Fruit with Seeds/Fruit with Seeds (215).jpg,Mendeley_WheatPhenology,India,wheat,Fruit with Seeds,grain_filling,RGB,,yes,,mendeley_image_metadata.csv
mendeley_grain_filling_Fruit_with_Seeds_(216),data/raw/images/auxiliary_wheat_images/WheatPhenology A Multi-Stage Field Image Dataset o/4. Fruit with Seeds/Fruit with Seeds (216).jpg,Mendeley_WheatPhenology,India,wheat,Fruit with Seeds,grain_filling,RGB,,yes,,mendeley_image_metadata.csv
mendeley_grain_filling_Fruit_with_Seeds_(217),data/raw/images/auxiliary_wheat_images/WheatPhenology A Multi-Stage Field Image Dataset o/4. Fruit with Seeds/Fruit with Seeds (217).jpg,Mendeley_WheatPhenology,India,wheat,Fruit with Seeds,grain_filling,RGB,,yes,,mendeley_image_metadata.csv
mendeley_grain_filling_Fruit_with_Seeds_(218),data/raw/images/auxiliary_wheat_images/WheatPhenology A Multi-Stage Field Image Dataset o/4. Fruit with Seeds/Fruit with Seeds (218).jpg,Mendeley_WheatPhenology,India,wheat,Fruit with Seeds,grain_filling,RGB,,yes,,mendeley_image_metadata.csv
mendeley_grain_filling_Fruit_with_Seeds_(219),data/raw/images/auxiliary_wheat_images/WheatPhenology A Multi-Stage Field Image Dataset o/4. Fruit with Seeds/Fruit with Seeds (219).jpg,Mendeley_WheatPhenology,India,wheat,Fruit with Seeds,grain_filling,RGB,,yes,,mendeley_image_metadata.csv
mendeley_grain_filling_Fruit_with_Seeds_(22),data/raw/images/auxiliary_wheat_images/WheatPhenology A Multi-Stage Field Image Dataset o/4. Fruit with Seeds/Fruit with Seeds (22).jpg,Mendeley_WheatPhenology,India,wheat,Fruit with Seeds,grain_filling,RGB,,yes,,mendeley_image_metadata.csv
mendeley_grain_filling_Fruit_with_Seeds_(220),data/raw/images/auxiliary_wheat_images/WheatPhenology A Multi-Stage Field Image Dataset o/4. Fruit with Seeds/Fruit with Seeds (220).jpg,Mendeley_WheatPhenology,India,wheat,Fruit with Seeds,grain_filling,RGB,,yes,,mendeley_image_metadata.csv
mendeley_grain_filling_Fruit_with_Seeds_(221),data/raw/images/auxiliary_wheat_images/WheatPhenology A Multi-Stage Field Image Dataset o/4. Fruit with Seeds/Fruit with Seeds (221).jpg,Mendeley_WheatPhenology,India,wheat,Fruit with Seeds,grain_filling,RGB,,yes,,mendeley_image_metadata.csv
mendeley_grain_filling_Fruit_with_Seeds_(222),data/raw/images/auxiliary_wheat_images/WheatPhenology A Multi-Stage Field Image Dataset o/4. Fruit with Seeds/Fruit with Seeds (222).jpg,Mendeley_WheatPhenology,India,wheat,Fruit with Seeds,grain_filling,RGB,,yes,,mendeley_image_metadata.csv
mendeley_grain_filling_Fruit_with_Seeds_(223),data/raw/images/auxiliary_wheat_images/WheatPhenology A Multi-Stage Field Image Dataset o/4. Fruit with Seeds/Fruit with Seeds (223).jpg,Mendeley_WheatPhenology,India,wheat,Fruit with Seeds,grain_filling,RGB,,yes,,mendeley_image_metadata.csv
mendeley_grain_filling_Fruit_with_Seeds_(224),data/raw/images/auxiliary_wheat_images/WheatPhenology A Multi-Stage Field Image Dataset o/4. Fruit with Seeds/Fruit with Seeds (224).jpg,Mendeley_WheatPhenology,India,wheat,Fruit with Seeds,grain_filling,RGB,,yes,,mendeley_image_metadata.csv
mendeley_grain_filling_Fruit_with_Seeds_(225),data/raw/images/auxiliary_wheat_images/WheatPhenology A Multi-Stage Field Image Dataset o/4. Fruit with Seeds/Fruit with Seeds (225).jpg,Mendeley_WheatPhenology,India,wheat,Fruit with Seeds,grain_filling,RGB,,yes,,mendeley_image_metadata.csv
mendeley_grain_filling_Fruit_with_Seeds_(226),data/raw/images/auxiliary_wheat_images/WheatPhenology A Multi-Stage Field Image Dataset o/4. Fruit with Seeds/Fruit with Seeds (226).jpg,Mendeley_WheatPhenology,India,wheat,Fruit with Seeds,grain_filling,RGB,,yes,,mendeley_image_metadata.csv
mendeley_grain_filling_Fruit_with_Seeds_(227),data/raw/images/auxiliary_wheat_images/WheatPhenology A Multi-Stage Field Image Dataset o/4. Fruit with Seeds/Fruit with Seeds (227).jpg,Mendeley_WheatPhenology,India,wheat,Fruit with Seeds,grain_filling,RGB,,yes,,mendeley_image_metadata.csv
mendeley_grain_filling_Fruit_with_Seeds_(228),data/raw/images/auxiliary_wheat_images/WheatPhenology A Multi-Stage Field Image Dataset o/4. Fruit with Seeds/Fruit with Seeds (228).jpg,Mendeley_WheatPhenology,India,wheat,Fruit with Seeds,grain_filling,RGB,,yes,,mendeley_image_metadata.csv
mendeley_grain_filling_Fruit_with_Seeds_(229),data/raw/images/auxiliary_wheat_images/WheatPhenology A Multi-Stage Field Image Dataset o/4. Fruit with Seeds/Fruit with Seeds (229).jpg,Mendeley_WheatPhenology,India,wheat,Fruit with Seeds,grain_filling,RGB,,yes,,mendeley_image_metadata.csv
mendeley_grain_filling_Fruit_with_Seeds_(23),data/raw/images/auxiliary_wheat_images/WheatPhenology A Multi-Stage Field Image Dataset o/4. Fruit with Seeds/Fruit with Seeds (23).jpg,Mendeley_WheatPhenology,India,wheat,Fruit with Seeds,grain_filling,RGB,,yes,,mendeley_image_metadata.csv
mendeley_grain_filling_Fruit_with_Seeds_(230),data/raw/images/auxiliary_wheat_images/WheatPhenology A Multi-Stage Field Image Dataset o/4. Fruit with Seeds/Fruit with Seeds (230).jpg,Mendeley_WheatPhenology,India,wheat,Fruit with Seeds,grain_filling,RGB,,yes,,mendeley_image_metadata.csv
mendeley_grain_filling_Fruit_with_Seeds_(231),data/raw/images/auxiliary_wheat_images/WheatPhenology A Multi-Stage Field Image Dataset o/4. Fruit with Seeds/Fruit with Seeds (231).jpg,Mendeley_WheatPhenology,India,wheat,Fruit with Seeds,grain_filling,RGB,,yes,,mendeley_image_metadata.csv
mendeley_grain_filling_Fruit_with_Seeds_(232),data/raw/images/auxiliary_wheat_images/WheatPhenology A Multi-Stage Field Image Dataset o/4. Fruit with Seeds/Fruit with Seeds (232).jpg,Mendeley_WheatPhenology,India,wheat,Fruit with Seeds,grain_filling,RGB,,yes,,mendeley_image_metadata.csv
mendeley_grain_filling_Fruit_with_Seeds_(233),data/raw/images/auxiliary_wheat_images/WheatPhenology A Multi-Stage Field Image Dataset o/4. Fruit with Seeds/Fruit with Seeds (233).jpg,Mendeley_WheatPhenology,India,wheat,Fruit with Seeds,grain_filling,RGB,,yes,,mendeley_image_metadata.csv
mendeley_grain_filling_Fruit_with_Seeds_(234),data/raw/images/auxiliary_wheat_images/WheatPhenology A Multi-Stage Field Image Dataset o/4. Fruit with Seeds/Fruit with Seeds (234).jpg,Mendeley_WheatPhenology,India,wheat,Fruit with Seeds,grain_filling,RGB,,yes,,mendeley_image_metadata.csv
mendeley_grain_filling_Fruit_with_Seeds_(235),data/raw/images/auxiliary_wheat_images/WheatPhenology A Multi-Stage Field Image Dataset o/4. Fruit with Seeds/Fruit with Seeds (235).jpg,Mendeley_WheatPhenology,India,wheat,Fruit with Seeds,grain_filling,RGB,,yes,,mendeley_image_metadata.csv
mendeley_grain_filling_Fruit_with_Seeds_(236),data/raw/images/auxiliary_wheat_images/WheatPhenology A Multi-Stage Field Image Dataset o/4. Fruit with Seeds/Fruit with Seeds (236).jpg,Mendeley_WheatPhenology,India,wheat,Fruit with Seeds,grain_filling,RGB,,yes,,mendeley_image_metadata.csv
mendeley_grain_filling_Fruit_with_Seeds_(237),data/raw/images/auxiliary_wheat_images/WheatPhenology A Multi-Stage Field Image Dataset o/4. Fruit with Seeds/Fruit with Seeds (237).jpg,Mendeley_WheatPhenology,India,wheat,Fruit with Seeds,grain_filling,RGB,,yes,,mendeley_image_metadata.csv
mendeley_grain_filling_Fruit_with_Seeds_(238),data/raw/images/auxiliary_wheat_images/WheatPhenology A Multi-Stage Field Image Dataset o/4. Fruit with Seeds/Fruit with Seeds (238).jpg,Mendeley_WheatPhenology,India,wheat,Fruit with Seeds,grain_filling,RGB,,yes,,mendeley_image_metadata.csv
mendeley_grain_filling_Fruit_with_Seeds_(24),data/raw/images/auxiliary_wheat_images/WheatPhenology A Multi-Stage Field Image Dataset o/4. Fruit with Seeds/Fruit with Seeds (24).jpg,Mendeley_WheatPhenology,India,wheat,Fruit with Seeds,grain_filling,RGB,,yes,,mendeley_image_metadata.csv
mendeley_grain_filling_Fruit_with_Seeds_(25),data/raw/images/auxiliary_wheat_images/WheatPhenology A Multi-Stage Field Image Dataset o/4. Fruit with Seeds/Fruit with Seeds (25).jpg,Mendeley_WheatPhenology,India,wheat,Fruit with Seeds,grain_filling,RGB,,yes,,mendeley_image_metadata.csv
mendeley_grain_filling_Fruit_with_Seeds_(26),data/raw/images/auxiliary_wheat_images/WheatPhenology A Multi-Stage Field Image Dataset o/4. Fruit with Seeds/Fruit with Seeds (26).jpg,Mendeley_WheatPhenology,India,wheat,Fruit with Seeds,grain_filling,RGB,,yes,,mendeley_image_metadata.csv
mendeley_grain_filling_Fruit_with_Seeds_(27),data/raw/images/auxiliary_wheat_images/WheatPhenology A Multi-Stage Field Image Dataset o/4. Fruit with Seeds/Fruit with Seeds (27).jpg,Mendeley_WheatPhenology,India,wheat,Fruit with Seeds,grain_filling,RGB,,yes,,mendeley_image_metadata.csv
mendeley_grain_filling_Fruit_with_Seeds_(28),data/raw/images/auxiliary_wheat_images/WheatPhenology A Multi-Stage Field Image Dataset o/4. Fruit with Seeds/Fruit with Seeds (28).jpg,Mendeley_WheatPhenology,India,wheat,Fruit with Seeds,grain_filling,RGB,,yes,,mendeley_image_metadata.csv
mendeley_grain_filling_Fruit_with_Seeds_(29),data/raw/images/auxiliary_wheat_images/WheatPhenology A Multi-Stage Field Image Dataset o/4. Fruit with Seeds/Fruit with Seeds (29).jpg,Mendeley_WheatPhenology,India,wheat,Fruit with Seeds,grain_filling,RGB,,yes,,mendeley_image_metadata.csv
mendeley_grain_filling_Fruit_with_Seeds_(3),data/raw/images/auxiliary_wheat_images/WheatPhenology A Multi-Stage Field Image Dataset o/4. Fruit with Seeds/Fruit with Seeds (3).jpg,Mendeley_WheatPhenology,India,wheat,Fruit with Seeds,grain_filling,RGB,,yes,,mendeley_image_metadata.csv
mendeley_grain_filling_Fruit_with_Seeds_(30),data/raw/images/auxiliary_wheat_images/WheatPhenology A Multi-Stage Field Image Dataset o/4. Fruit with Seeds/Fruit with Seeds (30).jpg,Mendeley_WheatPhenology,India,wheat,Fruit with Seeds,grain_filling,RGB,,yes,,mendeley_image_metadata.csv
mendeley_grain_filling_Fruit_with_Seeds_(31),data/raw/images/auxiliary_wheat_images/WheatPhenology A Multi-Stage Field Image Dataset o/4. Fruit with Seeds/Fruit with Seeds (31).jpg,Mendeley_WheatPhenology,India,wheat,Fruit with Seeds,grain_filling,RGB,,yes,,mendeley_image_metadata.csv
mendeley_grain_filling_Fruit_with_Seeds_(32),data/raw/images/auxiliary_wheat_images/WheatPhenology A Multi-Stage Field Image Dataset o/4. Fruit with Seeds/Fruit with Seeds (32).jpg,Mendeley_WheatPhenology,India,wheat,Fruit with Seeds,grain_filling,RGB,,yes,,mendeley_image_metadata.csv
mendeley_grain_filling_Fruit_with_Seeds_(33),data/raw/images/auxiliary_wheat_images/WheatPhenology A Multi-Stage Field Image Dataset o/4. Fruit with Seeds/Fruit with Seeds (33).jpg,Mendeley_WheatPhenology,India,wheat,Fruit with Seeds,grain_filling,RGB,,yes,,mendeley_image_metadata.csv
mendeley_grain_filling_Fruit_with_Seeds_(34),data/raw/images/auxiliary_wheat_images/WheatPhenology A Multi-Stage Field Image Dataset o/4. Fruit with Seeds/Fruit with Seeds (34).jpg,Mendeley_WheatPhenology,India,wheat,Fruit with Seeds,grain_filling,RGB,,yes,,mendeley_image_metadata.csv
mendeley_grain_filling_Fruit_with_Seeds_(35),data/raw/images/auxiliary_wheat_images/WheatPhenology A Multi-Stage Field Image Dataset o/4. Fruit with Seeds/Fruit with Seeds (35).jpg,Mendeley_WheatPhenology,India,wheat,Fruit with Seeds,grain_filling,RGB,,yes,,mendeley_image_metadata.csv
mendeley_grain_filling_Fruit_with_Seeds_(36),data/raw/images/auxiliary_wheat_images/WheatPhenology A Multi-Stage Field Image Dataset o/4. Fruit with Seeds/Fruit with Seeds (36).jpg,Mendeley_WheatPhenology,India,wheat,Fruit with Seeds,grain_filling,RGB,,yes,,mendeley_image_metadata.csv
mendeley_grain_filling_Fruit_with_Seeds_(37),data/raw/images/auxiliary_wheat_images/WheatPhenology A Multi-Stage Field Image Dataset o/4. Fruit with Seeds/Fruit with Seeds (37).jpg,Mendeley_WheatPhenology,India,wheat,Fruit with Seeds,grain_filling,RGB,,yes,,mendeley_image_metadata.csv
mendeley_grain_filling_Fruit_with_Seeds_(38),data/raw/images/auxiliary_wheat_images/WheatPhenology A Multi-Stage Field Image Dataset o/4. Fruit with Seeds/Fruit with Seeds (38).jpg,Mendeley_WheatPhenology,India,wheat,Fruit with Seeds,grain_filling,RGB,,yes,,mendeley_image_metadata.csv
mendeley_grain_filling_Fruit_with_Seeds_(39),data/raw/images/auxiliary_wheat_images/WheatPhenology A Multi-Stage Field Image Dataset o/4. Fruit with Seeds/Fruit with Seeds (39).jpg,Mendeley_WheatPhenology,India,wheat,Fruit with Seeds,grain_filling,RGB,,yes,,mendeley_image_metadata.csv
mendeley_grain_filling_Fruit_with_Seeds_(4),data/raw/images/auxiliary_wheat_images/WheatPhenology A Multi-Stage Field Image Dataset o/4. Fruit with Seeds/Fruit with Seeds (4).jpg,Mendeley_WheatPhenology,India,wheat,Fruit with Seeds,grain_filling,RGB,,yes,,mendeley_image_metadata.csv
mendeley_grain_filling_Fruit_with_Seeds_(40),data/raw/images/auxiliary_wheat_images/WheatPhenology A Multi-Stage Field Image Dataset o/4. Fruit with Seeds/Fruit with Seeds (40).jpg,Mendeley_WheatPhenology,India,wheat,Fruit with Seeds,grain_filling,RGB,,yes,,mendeley_image_metadata.csv
mendeley_grain_filling_Fruit_with_Seeds_(41),data/raw/images/auxiliary_wheat_images/WheatPhenology A Multi-Stage Field Image Dataset o/4. Fruit with Seeds/Fruit with Seeds (41).jpg,Mendeley_WheatPhenology,India,wheat,Fruit with Seeds,grain_filling,RGB,,yes,,mendeley_image_metadata.csv
mendeley_grain_filling_Fruit_with_Seeds_(42),data/raw/images/auxiliary_wheat_images/WheatPhenology A Multi-Stage Field Image Dataset o/4. Fruit with Seeds/Fruit with Seeds (42).jpg,Mendeley_WheatPhenology,India,wheat,Fruit with Seeds,grain_filling,RGB,,yes,,mendeley_image_metadata.csv
mendeley_grain_filling_Fruit_with_Seeds_(43),data/raw/images/auxiliary_wheat_images/WheatPhenology A Multi-Stage Field Image Dataset o/4. Fruit with Seeds/Fruit with Seeds (43).jpg,Mendeley_WheatPhenology,India,wheat,Fruit with Seeds,grain_filling,RGB,,yes,,mendeley_image_metadata.csv
mendeley_grain_filling_Fruit_with_Seeds_(44),data/raw/images/auxiliary_wheat_images/WheatPhenology A Multi-Stage Field Image Dataset o/4. Fruit with Seeds/Fruit with Seeds (44).jpg,Mendeley_WheatPhenology,India,wheat,Fruit with Seeds,grain_filling,RGB,,yes,,mendeley_image_metadata.csv
mendeley_grain_filling_Fruit_with_Seeds_(45),data/raw/images/auxiliary_wheat_images/WheatPhenology A Multi-Stage Field Image Dataset o/4. Fruit with Seeds/Fruit with Seeds (45).jpg,Mendeley_WheatPhenology,India,wheat,Fruit with Seeds,grain_filling,RGB,,yes,,mendeley_image_metadata.csv
mendeley_grain_filling_Fruit_with_Seeds_(46),data/raw/images/auxiliary_wheat_images/WheatPhenology A Multi-Stage Field Image Dataset o/4. Fruit with Seeds/Fruit with Seeds (46).jpg,Mendeley_WheatPhenology,India,wheat,Fruit with Seeds,grain_filling,RGB,,yes,,mendeley_image_metadata.csv
mendeley_grain_filling_Fruit_with_Seeds_(47),data/raw/images/auxiliary_wheat_images/WheatPhenology A Multi-Stage Field Image Dataset o/4. Fruit with Seeds/Fruit with Seeds (47).jpg,Mendeley_WheatPhenology,India,wheat,Fruit with Seeds,grain_filling,RGB,,yes,,mendeley_image_metadata.csv
mendeley_grain_filling_Fruit_with_Seeds_(48),data/raw/images/auxiliary_wheat_images/WheatPhenology A Multi-Stage Field Image Dataset o/4. Fruit with Seeds/Fruit with Seeds (48).jpg,Mendeley_WheatPhenology,India,wheat,Fruit with Seeds,grain_filling,RGB,,yes,,mendeley_image_metadata.csv
mendeley_grain_filling_Fruit_with_Seeds_(49),data/raw/images/auxiliary_wheat_images/WheatPhenology A Multi-Stage Field Image Dataset o/4. Fruit with Seeds/Fruit with Seeds (49).jpg,Mendeley_WheatPhenology,India,wheat,Fruit with Seeds,grain_filling,RGB,,yes,,mendeley_image_metadata.csv
mendeley_grain_filling_Fruit_with_Seeds_(5),data/raw/images/auxiliary_wheat_images/WheatPhenology A Multi-Stage Field Image Dataset o/4. Fruit with Seeds/Fruit with Seeds (5).jpg,Mendeley_WheatPhenology,India,wheat,Fruit with Seeds,grain_filling,RGB,,yes,,mendeley_image_metadata.csv
mendeley_grain_filling_Fruit_with_Seeds_(50),data/raw/images/auxiliary_wheat_images/WheatPhenology A Multi-Stage Field Image Dataset o/4. Fruit with Seeds/Fruit with Seeds (50).jpg,Mendeley_WheatPhenology,India,wheat,Fruit with Seeds,grain_filling,RGB,,yes,,mendeley_image_metadata.csv
mendeley_grain_filling_Fruit_with_Seeds_(51),data/raw/images/auxiliary_wheat_images/WheatPhenology A Multi-Stage Field Image Dataset o/4. Fruit with Seeds/Fruit with Seeds (51).jpg,Mendeley_WheatPhenology,India,wheat,Fruit with Seeds,grain_filling,RGB,,yes,,mendeley_image_metadata.csv
mendeley_grain_filling_Fruit_with_Seeds_(52),data/raw/images/auxiliary_wheat_images/WheatPhenology A Multi-Stage Field Image Dataset o/4. Fruit with Seeds/Fruit with Seeds (52).jpg,Mendeley_WheatPhenology,India,wheat,Fruit with Seeds,grain_filling,RGB,,yes,,mendeley_image_metadata.csv
mendeley_grain_filling_Fruit_with_Seeds_(53),data/raw/images/auxiliary_wheat_images/WheatPhenology A Multi-Stage Field Image Dataset o/4. Fruit with Seeds/Fruit with Seeds (53).jpg,Mendeley_WheatPhenology,India,wheat,Fruit with Seeds,grain_filling,RGB,,yes,,mendeley_image_metadata.csv
mendeley_grain_filling_Fruit_with_Seeds_(54),data/raw/images/auxiliary_wheat_images/WheatPhenology A Multi-Stage Field Image Dataset o/4. Fruit with Seeds/Fruit with Seeds (54).jpg,Mendeley_WheatPhenology,India,wheat,Fruit with Seeds,grain_filling,RGB,,yes,,mendeley_image_metadata.csv
mendeley_grain_filling_Fruit_with_Seeds_(55),data/raw/images/auxiliary_wheat_images/WheatPhenology A Multi-Stage Field Image Dataset o/4. Fruit with Seeds/Fruit with Seeds (55).jpg,Mendeley_WheatPhenology,India,wheat,Fruit with Seeds,grain_filling,RGB,,yes,,mendeley_image_metadata.csv
mendeley_grain_filling_Fruit_with_Seeds_(56),data/raw/images/auxiliary_wheat_images/WheatPhenology A Multi-Stage Field Image Dataset o/4. Fruit with Seeds/Fruit with Seeds (56).jpg,Mendeley_WheatPhenology,India,wheat,Fruit with Seeds,grain_filling,RGB,,yes,,mendeley_image_metadata.csv
mendeley_grain_filling_Fruit_with_Seeds_(57),data/raw/images/auxiliary_wheat_images/WheatPhenology A Multi-Stage Field Image Dataset o/4. Fruit with Seeds/Fruit with Seeds (57).jpg,Mendeley_WheatPhenology,India,wheat,Fruit with Seeds,grain_filling,RGB,,yes,,mendeley_image_metadata.csv
mendeley_grain_filling_Fruit_with_Seeds_(58),data/raw/images/auxiliary_wheat_images/WheatPhenology A Multi-Stage Field Image Dataset o/4. Fruit with Seeds/Fruit with Seeds (58).jpg,Mendeley_WheatPhenology,India,wheat,Fruit with Seeds,grain_filling,RGB,,yes,,mendeley_image_metadata.csv
mendeley_grain_filling_Fruit_with_Seeds_(59),data/raw/images/auxiliary_wheat_images/WheatPhenology A Multi-Stage Field Image Dataset o/4. Fruit with Seeds/Fruit with Seeds (59).jpg,Mendeley_WheatPhenology,India,wheat,Fruit with Seeds,grain_filling,RGB,,yes,,mendeley_image_metadata.csv
mendeley_grain_filling_Fruit_with_Seeds_(6),data/raw/images/auxiliary_wheat_images/WheatPhenology A Multi-Stage Field Image Dataset o/4. Fruit with Seeds/Fruit with Seeds (6).jpg,Mendeley_WheatPhenology,India,wheat,Fruit with Seeds,grain_filling,RGB,,yes,,mendeley_image_metadata.csv
mendeley_grain_filling_Fruit_with_Seeds_(60),data/raw/images/auxiliary_wheat_images/WheatPhenology A Multi-Stage Field Image Dataset o/4. Fruit with Seeds/Fruit with Seeds (60).jpg,Mendeley_WheatPhenology,India,wheat,Fruit with Seeds,grain_filling,RGB,,yes,,mendeley_image_metadata.csv
mendeley_grain_filling_Fruit_with_Seeds_(61),data/raw/images/auxiliary_wheat_images/WheatPhenology A Multi-Stage Field Image Dataset o/4. Fruit with Seeds/Fruit with Seeds (61).jpg,Mendeley_WheatPhenology,India,wheat,Fruit with Seeds,grain_filling,RGB,,yes,,mendeley_image_metadata.csv
mendeley_grain_filling_Fruit_with_Seeds_(62),data/raw/images/auxiliary_wheat_images/WheatPhenology A Multi-Stage Field Image Dataset o/4. Fruit with Seeds/Fruit with Seeds (62).jpg,Mendeley_WheatPhenology,India,wheat,Fruit with Seeds,grain_filling,RGB,,yes,,mendeley_image_metadata.csv
mendeley_grain_filling_Fruit_with_Seeds_(63),data/raw/images/auxiliary_wheat_images/WheatPhenology A Multi-Stage Field Image Dataset o/4. Fruit with Seeds/Fruit with Seeds (63).jpg,Mendeley_WheatPhenology,India,wheat,Fruit with Seeds,grain_filling,RGB,,yes,,mendeley_image_metadata.csv
mendeley_grain_filling_Fruit_with_Seeds_(64),data/raw/images/auxiliary_wheat_images/WheatPhenology A Multi-Stage Field Image Dataset o/4. Fruit with Seeds/Fruit with Seeds (64).jpg,Mendeley_WheatPhenology,India,wheat,Fruit with Seeds,grain_filling,RGB,,yes,,mendeley_image_metadata.csv
mendeley_grain_filling_Fruit_with_Seeds_(65),data/raw/images/auxiliary_wheat_images/WheatPhenology A Multi-Stage Field Image Dataset o/4. Fruit with Seeds/Fruit with Seeds (65).jpg,Mendeley_WheatPhenology,India,wheat,Fruit with Seeds,grain_filling,RGB,,yes,,mendeley_image_metadata.csv
mendeley_grain_filling_Fruit_with_Seeds_(66),data/raw/images/auxiliary_wheat_images/WheatPhenology A Multi-Stage Field Image Dataset o/4. Fruit with Seeds/Fruit with Seeds (66).jpg,Mendeley_WheatPhenology,India,wheat,Fruit with Seeds,grain_filling,RGB,,yes,,mendeley_image_metadata.csv
mendeley_grain_filling_Fruit_with_Seeds_(67),data/raw/images/auxiliary_wheat_images/WheatPhenology A Multi-Stage Field Image Dataset o/4. Fruit with Seeds/Fruit with Seeds (67).jpg,Mendeley_WheatPhenology,India,wheat,Fruit with Seeds,grain_filling,RGB,,yes,,mendeley_image_metadata.csv
mendeley_grain_filling_Fruit_with_Seeds_(68),data/raw/images/auxiliary_wheat_images/WheatPhenology A Multi-Stage Field Image Dataset o/4. Fruit with Seeds/Fruit with Seeds (68).jpg,Mendeley_WheatPhenology,India,wheat,Fruit with Seeds,grain_filling,RGB,,yes,,mendeley_image_metadata.csv
mendeley_grain_filling_Fruit_with_Seeds_(69),data/raw/images/auxiliary_wheat_images/WheatPhenology A Multi-Stage Field Image Dataset o/4. Fruit with Seeds/Fruit with Seeds (69).jpg,Mendeley_WheatPhenology,India,wheat,Fruit with Seeds,grain_filling,RGB,,yes,,mendeley_image_metadata.csv
mendeley_grain_filling_Fruit_with_Seeds_(7),data/raw/images/auxiliary_wheat_images/WheatPhenology A Multi-Stage Field Image Dataset o/4. Fruit with Seeds/Fruit with Seeds (7).jpg,Mendeley_WheatPhenology,India,wheat,Fruit with Seeds,grain_filling,RGB,,yes,,mendeley_image_metadata.csv
mendeley_grain_filling_Fruit_with_Seeds_(70),data/raw/images/auxiliary_wheat_images/WheatPhenology A Multi-Stage Field Image Dataset o/4. Fruit with Seeds/Fruit with Seeds (70).jpg,Mendeley_WheatPhenology,India,wheat,Fruit with Seeds,grain_filling,RGB,,yes,,mendeley_image_metadata.csv
mendeley_grain_filling_Fruit_with_Seeds_(71),data/raw/images/auxiliary_wheat_images/WheatPhenology A Multi-Stage Field Image Dataset o/4. Fruit with Seeds/Fruit with Seeds (71).jpg,Mendeley_WheatPhenology,India,wheat,Fruit with Seeds,grain_filling,RGB,,yes,,mendeley_image_metadata.csv
mendeley_grain_filling_Fruit_with_Seeds_(72),data/raw/images/auxiliary_wheat_images/WheatPhenology A Multi-Stage Field Image Dataset o/4. Fruit with Seeds/Fruit with Seeds (72).jpg,Mendeley_WheatPhenology,India,wheat,Fruit with Seeds,grain_filling,RGB,,yes,,mendeley_image_metadata.csv
mendeley_grain_filling_Fruit_with_Seeds_(73),data/raw/images/auxiliary_wheat_images/WheatPhenology A Multi-Stage Field Image Dataset o/4. Fruit with Seeds/Fruit with Seeds (73).jpg,Mendeley_WheatPhenology,India,wheat,Fruit with Seeds,grain_filling,RGB,,yes,,mendeley_image_metadata.csv
mendeley_grain_filling_Fruit_with_Seeds_(74),data/raw/images/auxiliary_wheat_images/WheatPhenology A Multi-Stage Field Image Dataset o/4. Fruit with Seeds/Fruit with Seeds (74).jpg,Mendeley_WheatPhenology,India,wheat,Fruit with Seeds,grain_filling,RGB,,yes,,mendeley_image_metadata.csv
mendeley_grain_filling_Fruit_with_Seeds_(75),data/raw/images/auxiliary_wheat_images/WheatPhenology A Multi-Stage Field Image Dataset o/4. Fruit with Seeds/Fruit with Seeds (75).jpg,Mendeley_WheatPhenology,India,wheat,Fruit with Seeds,grain_filling,RGB,,yes,,mendeley_image_metadata.csv
mendeley_grain_filling_Fruit_with_Seeds_(76),data/raw/images/auxiliary_wheat_images/WheatPhenology A Multi-Stage Field Image Dataset o/4. Fruit with Seeds/Fruit with Seeds (76).jpg,Mendeley_WheatPhenology,India,wheat,Fruit with Seeds,grain_filling,RGB,,yes,,mendeley_image_metadata.csv
mendeley_grain_filling_Fruit_with_Seeds_(77),data/raw/images/auxiliary_wheat_images/WheatPhenology A Multi-Stage Field Image Dataset o/4. Fruit with Seeds/Fruit with Seeds (77).jpg,Mendeley_WheatPhenology,India,wheat,Fruit with Seeds,grain_filling,RGB,,yes,,mendeley_image_metadata.csv
mendeley_grain_filling_Fruit_with_Seeds_(78),data/raw/images/auxiliary_wheat_images/WheatPhenology A Multi-Stage Field Image Dataset o/4. Fruit with Seeds/Fruit with Seeds (78).jpg,Mendeley_WheatPhenology,India,wheat,Fruit with Seeds,grain_filling,RGB,,yes,,mendeley_image_metadata.csv
mendeley_grain_filling_Fruit_with_Seeds_(79),data/raw/images/auxiliary_wheat_images/WheatPhenology A Multi-Stage Field Image Dataset o/4. Fruit with Seeds/Fruit with Seeds (79).jpg,Mendeley_WheatPhenology,India,wheat,Fruit with Seeds,grain_filling,RGB,,yes,,mendeley_image_metadata.csv
mendeley_grain_filling_Fruit_with_Seeds_(8),data/raw/images/auxiliary_wheat_images/WheatPhenology A Multi-Stage Field Image Dataset o/4. Fruit with Seeds/Fruit with Seeds (8).jpg,Mendeley_WheatPhenology,India,wheat,Fruit with Seeds,grain_filling,RGB,,yes,,mendeley_image_metadata.csv
mendeley_grain_filling_Fruit_with_Seeds_(80),data/raw/images/auxiliary_wheat_images/WheatPhenology A Multi-Stage Field Image Dataset o/4. Fruit with Seeds/Fruit with Seeds (80).jpg,Mendeley_WheatPhenology,India,wheat,Fruit with Seeds,grain_filling,RGB,,yes,,mendeley_image_metadata.csv
mendeley_grain_filling_Fruit_with_Seeds_(81),data/raw/images/auxiliary_wheat_images/WheatPhenology A Multi-Stage Field Image Dataset o/4. Fruit with Seeds/Fruit with Seeds (81).jpg,Mendeley_WheatPhenology,India,wheat,Fruit with Seeds,grain_filling,RGB,,yes,,mendeley_image_metadata.csv
mendeley_grain_filling_Fruit_with_Seeds_(82),data/raw/images/auxiliary_wheat_images/WheatPhenology A Multi-Stage Field Image Dataset o/4. Fruit with Seeds/Fruit with Seeds (82).jpg,Mendeley_WheatPhenology,India,wheat,Fruit with Seeds,grain_filling,RGB,,yes,,mendeley_image_metadata.csv
mendeley_grain_filling_Fruit_with_Seeds_(83),data/raw/images/auxiliary_wheat_images/WheatPhenology A Multi-Stage Field Image Dataset o/4. Fruit with Seeds/Fruit with Seeds (83).jpg,Mendeley_WheatPhenology,India,wheat,Fruit with Seeds,grain_filling,RGB,,yes,,mendeley_image_metadata.csv
mendeley_grain_filling_Fruit_with_Seeds_(84),data/raw/images/auxiliary_wheat_images/WheatPhenology A Multi-Stage Field Image Dataset o/4. Fruit with Seeds/Fruit with Seeds (84).jpg,Mendeley_WheatPhenology,India,wheat,Fruit with Seeds,grain_filling,RGB,,yes,,mendeley_image_metadata.csv
mendeley_grain_filling_Fruit_with_Seeds_(85),data/raw/images/auxiliary_wheat_images/WheatPhenology A Multi-Stage Field Image Dataset o/4. Fruit with Seeds/Fruit with Seeds (85).jpg,Mendeley_WheatPhenology,India,wheat,Fruit with Seeds,grain_filling,RGB,,yes,,mendeley_image_metadata.csv
mendeley_grain_filling_Fruit_with_Seeds_(86),data/raw/images/auxiliary_wheat_images/WheatPhenology A Multi-Stage Field Image Dataset o/4. Fruit with Seeds/Fruit with Seeds (86).jpg,Mendeley_WheatPhenology,India,wheat,Fruit with Seeds,grain_filling,RGB,,yes,,mendeley_image_metadata.csv
mendeley_grain_filling_Fruit_with_Seeds_(87),data/raw/images/auxiliary_wheat_images/WheatPhenology A Multi-Stage Field Image Dataset o/4. Fruit with Seeds/Fruit with Seeds (87).jpg,Mendeley_WheatPhenology,India,wheat,Fruit with Seeds,grain_filling,RGB,,yes,,mendeley_image_metadata.csv
mendeley_grain_filling_Fruit_with_Seeds_(88),data/raw/images/auxiliary_wheat_images/WheatPhenology A Multi-Stage Field Image Dataset o/4. Fruit with Seeds/Fruit with Seeds (88).jpg,Mendeley_WheatPhenology,India,wheat,Fruit with Seeds,grain_filling,RGB,,yes,,mendeley_image_metadata.csv
mendeley_grain_filling_Fruit_with_Seeds_(89),data/raw/images/auxiliary_wheat_images/WheatPhenology A Multi-Stage Field Image Dataset o/4. Fruit with Seeds/Fruit with Seeds (89).jpg,Mendeley_WheatPhenology,India,wheat,Fruit with Seeds,grain_filling,RGB,,yes,,mendeley_image_metadata.csv
mendeley_grain_filling_Fruit_with_Seeds_(9),data/raw/images/auxiliary_wheat_images/WheatPhenology A Multi-Stage Field Image Dataset o/4. Fruit with Seeds/Fruit with Seeds (9).jpg,Mendeley_WheatPhenology,India,wheat,Fruit with Seeds,grain_filling,RGB,,yes,,mendeley_image_metadata.csv
mendeley_grain_filling_Fruit_with_Seeds_(90),data/raw/images/auxiliary_wheat_images/WheatPhenology A Multi-Stage Field Image Dataset o/4. Fruit with Seeds/Fruit with Seeds (90).jpg,Mendeley_WheatPhenology,India,wheat,Fruit with Seeds,grain_filling,RGB,,yes,,mendeley_image_metadata.csv
mendeley_grain_filling_Fruit_with_Seeds_(91),data/raw/images/auxiliary_wheat_images/WheatPhenology A Multi-Stage Field Image Dataset o/4. Fruit with Seeds/Fruit with Seeds (91).jpg,Mendeley_WheatPhenology,India,wheat,Fruit with Seeds,grain_filling,RGB,,yes,,mendeley_image_metadata.csv
mendeley_grain_filling_Fruit_with_Seeds_(92),data/raw/images/auxiliary_wheat_images/WheatPhenology A Multi-Stage Field Image Dataset o/4. Fruit with Seeds/Fruit with Seeds (92).jpg,Mendeley_WheatPhenology,India,wheat,Fruit with Seeds,grain_filling,RGB,,yes,,mendeley_image_metadata.csv
mendeley_grain_filling_Fruit_with_Seeds_(93),data/raw/images/auxiliary_wheat_images/WheatPhenology A Multi-Stage Field Image Dataset o/4. Fruit with Seeds/Fruit with Seeds (93).jpg,Mendeley_WheatPhenology,India,wheat,Fruit with Seeds,grain_filling,RGB,,yes,,mendeley_image_metadata.csv
mendeley_grain_filling_Fruit_with_Seeds_(94),data/raw/images/auxiliary_wheat_images/WheatPhenology A Multi-Stage Field Image Dataset o/4. Fruit with Seeds/Fruit with Seeds (94).jpg,Mendeley_WheatPhenology,India,wheat,Fruit with Seeds,grain_filling,RGB,,yes,,mendeley_image_metadata.csv
mendeley_grain_filling_Fruit_with_Seeds_(95),data/raw/images/auxiliary_wheat_images/WheatPhenology A Multi-Stage Field Image Dataset o/4. Fruit with Seeds/Fruit with Seeds (95).jpg,Mendeley_WheatPhenology,India,wheat,Fruit with Seeds,grain_filling,RGB,,yes,,mendeley_image_metadata.csv
mendeley_grain_filling_Fruit_with_Seeds_(96),data/raw/images/auxiliary_wheat_images/WheatPhenology A Multi-Stage Field Image Dataset o/4. Fruit with Seeds/Fruit with Seeds (96).jpg,Mendeley_WheatPhenology,India,wheat,Fruit with Seeds,grain_filling,RGB,,yes,,mendeley_image_metadata.csv
mendeley_grain_filling_Fruit_with_Seeds_(97),data/raw/images/auxiliary_wheat_images/WheatPhenology A Multi-Stage Field Image Dataset o/4. Fruit with Seeds/Fruit with Seeds (97).jpg,Mendeley_WheatPhenology,India,wheat,Fruit with Seeds,grain_filling,RGB,,yes,,mendeley_image_metadata.csv
mendeley_grain_filling_Fruit_with_Seeds_(98),data/raw/images/auxiliary_wheat_images/WheatPhenology A Multi-Stage Field Image Dataset o/4. Fruit with Seeds/Fruit with Seeds (98).jpg,Mendeley_WheatPhenology,India,wheat,Fruit with Seeds,grain_filling,RGB,,yes,,mendeley_image_metadata.csv
mendeley_grain_filling_Fruit_with_Seeds_(99),data/raw/images/auxiliary_wheat_images/WheatPhenology A Multi-Stage Field Image Dataset o/4. Fruit with Seeds/Fruit with Seeds (99).jpg,Mendeley_WheatPhenology,India,wheat,Fruit with Seeds,grain_filling,RGB,,yes,,mendeley_image_metadata.csv
mendeley_maturity_preharvest_Wheat_Fruits_only_(1),data/raw/images/auxiliary_wheat_images/WheatPhenology A Multi-Stage Field Image Dataset o/5. Wheat Fruits only/Wheat Fruits only (1).jpg,Mendeley_WheatPhenology,India,wheat,Wheat Fruits only,maturity_preharvest,RGB,,yes,,mendeley_image_metadata.csv
mendeley_maturity_preharvest_Wheat_Fruits_only_(10),data/raw/images/auxiliary_wheat_images/WheatPhenology A Multi-Stage Field Image Dataset o/5. Wheat Fruits only/Wheat Fruits only (10).jpg,Mendeley_WheatPhenology,India,wheat,Wheat Fruits only,maturity_preharvest,RGB,,yes,,mendeley_image_metadata.csv
mendeley_maturity_preharvest_Wheat_Fruits_only_(11),data/raw/images/auxiliary_wheat_images/WheatPhenology A Multi-Stage Field Image Dataset o/5. Wheat Fruits only/Wheat Fruits only (11).jpg,Mendeley_WheatPhenology,India,wheat,Wheat Fruits only,maturity_preharvest,RGB,,yes,,mendeley_image_metadata.csv
mendeley_maturity_preharvest_Wheat_Fruits_only_(12),data/raw/images/auxiliary_wheat_images/WheatPhenology A Multi-Stage Field Image Dataset o/5. Wheat Fruits only/Wheat Fruits only (12).jpg,Mendeley_WheatPhenology,India,wheat,Wheat Fruits only,maturity_preharvest,RGB,,yes,,mendeley_image_metadata.csv
mendeley_maturity_preharvest_Wheat_Fruits_only_(13),data/raw/images/auxiliary_wheat_images/WheatPhenology A Multi-Stage Field Image Dataset o/5. Wheat Fruits only/Wheat Fruits only (13).jpg,Mendeley_WheatPhenology,India,wheat,Wheat Fruits only,maturity_preharvest,RGB,,yes,,mendeley_image_metadata.csv
mendeley_maturity_preharvest_Wheat_Fruits_only_(14),data/raw/images/auxiliary_wheat_images/WheatPhenology A Multi-Stage Field Image Dataset o/5. Wheat Fruits only/Wheat Fruits only (14).jpg,Mendeley_WheatPhenology,India,wheat,Wheat Fruits only,maturity_preharvest,RGB,,yes,,mendeley_image_metadata.csv
mendeley_maturity_preharvest_Wheat_Fruits_only_(15),data/raw/images/auxiliary_wheat_images/WheatPhenology A Multi-Stage Field Image Dataset o/5. Wheat Fruits only/Wheat Fruits only (15).jpg,Mendeley_WheatPhenology,India,wheat,Wheat Fruits only,maturity_preharvest,RGB,,yes,,mendeley_image_metadata.csv
mendeley_maturity_preharvest_Wheat_Fruits_only_(16),data/raw/images/auxiliary_wheat_images/WheatPhenology A Multi-Stage Field Image Dataset o/5. Wheat Fruits only/Wheat Fruits only (16).jpg,Mendeley_WheatPhenology,India,wheat,Wheat Fruits only,maturity_preharvest,RGB,,yes,,mendeley_image_metadata.csv
mendeley_maturity_preharvest_Wheat_Fruits_only_(17),data/raw/images/auxiliary_wheat_images/WheatPhenology A Multi-Stage Field Image Dataset o/5. Wheat Fruits only/Wheat Fruits only (17).jpg,Mendeley_WheatPhenology,India,wheat,Wheat Fruits only,maturity_preharvest,RGB,,yes,,mendeley_image_metadata.csv
mendeley_maturity_preharvest_Wheat_Fruits_only_(18),data/raw/images/auxiliary_wheat_images/WheatPhenology A Multi-Stage Field Image Dataset o/5. Wheat Fruits only/Wheat Fruits only (18).jpg,Mendeley_WheatPhenology,India,wheat,Wheat Fruits only,maturity_preharvest,RGB,,yes,,mendeley_image_metadata.csv
mendeley_maturity_preharvest_Wheat_Fruits_only_(19),data/raw/images/auxiliary_wheat_images/WheatPhenology A Multi-Stage Field Image Dataset o/5. Wheat Fruits only/Wheat Fruits only (19).jpg,Mendeley_WheatPhenology,India,wheat,Wheat Fruits only,maturity_preharvest,RGB,,yes,,mendeley_image_metadata.csv
mendeley_maturity_preharvest_Wheat_Fruits_only_(2),data/raw/images/auxiliary_wheat_images/WheatPhenology A Multi-Stage Field Image Dataset o/5. Wheat Fruits only/Wheat Fruits only (2).jpg,Mendeley_WheatPhenology,India,wheat,Wheat Fruits only,maturity_preharvest,RGB,,yes,,mendeley_image_metadata.csv
mendeley_maturity_preharvest_Wheat_Fruits_only_(20),data/raw/images/auxiliary_wheat_images/WheatPhenology A Multi-Stage Field Image Dataset o/5. Wheat Fruits only/Wheat Fruits only (20).jpg,Mendeley_WheatPhenology,India,wheat,Wheat Fruits only,maturity_preharvest,RGB,,yes,,mendeley_image_metadata.csv
mendeley_maturity_preharvest_Wheat_Fruits_only_(21),data/raw/images/auxiliary_wheat_images/WheatPhenology A Multi-Stage Field Image Dataset o/5. Wheat Fruits only/Wheat Fruits only (21).jpg,Mendeley_WheatPhenology,India,wheat,Wheat Fruits only,maturity_preharvest,RGB,,yes,,mendeley_image_metadata.csv
mendeley_maturity_preharvest_Wheat_Fruits_only_(22),data/raw/images/auxiliary_wheat_images/WheatPhenology A Multi-Stage Field Image Dataset o/5. Wheat Fruits only/Wheat Fruits only (22).jpg,Mendeley_WheatPhenology,India,wheat,Wheat Fruits only,maturity_preharvest,RGB,,yes,,mendeley_image_metadata.csv
mendeley_maturity_preharvest_Wheat_Fruits_only_(23),data/raw/images/auxiliary_wheat_images/WheatPhenology A Multi-Stage Field Image Dataset o/5. Wheat Fruits only/Wheat Fruits only (23).jpg,Mendeley_WheatPhenology,India,wheat,Wheat Fruits only,maturity_preharvest,RGB,,yes,,mendeley_image_metadata.csv
mendeley_maturity_preharvest_Wheat_Fruits_only_(24),data/raw/images/auxiliary_wheat_images/WheatPhenology A Multi-Stage Field Image Dataset o/5. Wheat Fruits only/Wheat Fruits only (24).jpg,Mendeley_WheatPhenology,India,wheat,Wheat Fruits only,maturity_preharvest,RGB,,yes,,mendeley_image_metadata.csv
mendeley_maturity_preharvest_Wheat_Fruits_only_(25),data/raw/images/auxiliary_wheat_images/WheatPhenology A Multi-Stage Field Image Dataset o/5. Wheat Fruits only/Wheat Fruits only (25).jpg,Mendeley_WheatPhenology,India,wheat,Wheat Fruits only,maturity_preharvest,RGB,,yes,,mendeley_image_metadata.csv
mendeley_maturity_preharvest_Wheat_Fruits_only_(26),data/raw/images/auxiliary_wheat_images/WheatPhenology A Multi-Stage Field Image Dataset o/5. Wheat Fruits only/Wheat Fruits only (26).jpg,Mendeley_WheatPhenology,India,wheat,Wheat Fruits only,maturity_preharvest,RGB,,yes,,mendeley_image_metadata.csv
mendeley_maturity_preharvest_Wheat_Fruits_only_(27),data/raw/images/auxiliary_wheat_images/WheatPhenology A Multi-Stage Field Image Dataset o/5. Wheat Fruits only/Wheat Fruits only (27).jpg,Mendeley_WheatPhenology,India,wheat,Wheat Fruits only,maturity_preharvest,RGB,,yes,,mendeley_image_metadata.csv
mendeley_maturity_preharvest_Wheat_Fruits_only_(28),data/raw/images/auxiliary_wheat_images/WheatPhenology A Multi-Stage Field Image Dataset o/5. Wheat Fruits only/Wheat Fruits only (28).jpg,Mendeley_WheatPhenology,India,wheat,Wheat Fruits only,maturity_preharvest,RGB,,yes,,mendeley_image_metadata.csv
mendeley_maturity_preharvest_Wheat_Fruits_only_(29),data/raw/images/auxiliary_wheat_images/WheatPhenology A Multi-Stage Field Image Dataset o/5. Wheat Fruits only/Wheat Fruits only (29).jpg,Mendeley_WheatPhenology,India,wheat,Wheat Fruits only,maturity_preharvest,RGB,,yes,,mendeley_image_metadata.csv
mendeley_maturity_preharvest_Wheat_Fruits_only_(3),data/raw/images/auxiliary_wheat_images/WheatPhenology A Multi-Stage Field Image Dataset o/5. Wheat Fruits only/Wheat Fruits only (3).jpg,Mendeley_WheatPhenology,India,wheat,Wheat Fruits only,maturity_preharvest,RGB,,yes,,mendeley_image_metadata.csv
mendeley_maturity_preharvest_Wheat_Fruits_only_(30),data/raw/images/auxiliary_wheat_images/WheatPhenology A Multi-Stage Field Image Dataset o/5. Wheat Fruits only/Wheat Fruits only (30).jpg,Mendeley_WheatPhenology,India,wheat,Wheat Fruits only,maturity_preharvest,RGB,,yes,,mendeley_image_metadata.csv
mendeley_maturity_preharvest_Wheat_Fruits_only_(31),data/raw/images/auxiliary_wheat_images/WheatPhenology A Multi-Stage Field Image Dataset o/5. Wheat Fruits only/Wheat Fruits only (31).jpg,Mendeley_WheatPhenology,India,wheat,Wheat Fruits only,maturity_preharvest,RGB,,yes,,mendeley_image_metadata.csv
mendeley_maturity_preharvest_Wheat_Fruits_only_(32),data/raw/images/auxiliary_wheat_images/WheatPhenology A Multi-Stage Field Image Dataset o/5. Wheat Fruits only/Wheat Fruits only (32).jpg,Mendeley_WheatPhenology,India,wheat,Wheat Fruits only,maturity_preharvest,RGB,,yes,,mendeley_image_metadata.csv
mendeley_maturity_preharvest_Wheat_Fruits_only_(33),data/raw/images/auxiliary_wheat_images/WheatPhenology A Multi-Stage Field Image Dataset o/5. Wheat Fruits only/Wheat Fruits only (33).jpg,Mendeley_WheatPhenology,India,wheat,Wheat Fruits only,maturity_preharvest,RGB,,yes,,mendeley_image_metadata.csv
mendeley_maturity_preharvest_Wheat_Fruits_only_(34),data/raw/images/auxiliary_wheat_images/WheatPhenology A Multi-Stage Field Image Dataset o/5. Wheat Fruits only/Wheat Fruits only (34).jpg,Mendeley_WheatPhenology,India,wheat,Wheat Fruits only,maturity_preharvest,RGB,,yes,,mendeley_image_metadata.csv
mendeley_maturity_preharvest_Wheat_Fruits_only_(35),data/raw/images/auxiliary_wheat_images/WheatPhenology A Multi-Stage Field Image Dataset o/5. Wheat Fruits only/Wheat Fruits only (35).jpg,Mendeley_WheatPhenology,India,wheat,Wheat Fruits only,maturity_preharvest,RGB,,yes,,mendeley_image_metadata.csv
mendeley_maturity_preharvest_Wheat_Fruits_only_(36),data/raw/images/auxiliary_wheat_images/WheatPhenology A Multi-Stage Field Image Dataset o/5. Wheat Fruits only/Wheat Fruits only (36).jpg,Mendeley_WheatPhenology,India,wheat,Wheat Fruits only,maturity_preharvest,RGB,,yes,,mendeley_image_metadata.csv
mendeley_maturity_preharvest_Wheat_Fruits_only_(37),data/raw/images/auxiliary_wheat_images/WheatPhenology A Multi-Stage Field Image Dataset o/5. Wheat Fruits only/Wheat Fruits only (37).jpg,Mendeley_WheatPhenology,India,wheat,Wheat Fruits only,maturity_preharvest,RGB,,yes,,mendeley_image_metadata.csv
mendeley_maturity_preharvest_Wheat_Fruits_only_(38),data/raw/images/auxiliary_wheat_images/WheatPhenology A Multi-Stage Field Image Dataset o/5. Wheat Fruits only/Wheat Fruits only (38).jpg,Mendeley_WheatPhenology,India,wheat,Wheat Fruits only,maturity_preharvest,RGB,,yes,,mendeley_image_metadata.csv
mendeley_maturity_preharvest_Wheat_Fruits_only_(39),data/raw/images/auxiliary_wheat_images/WheatPhenology A Multi-Stage Field Image Dataset o/5. Wheat Fruits only/Wheat Fruits only (39).jpg,Mendeley_WheatPhenology,India,wheat,Wheat Fruits only,maturity_preharvest,RGB,,yes,,mendeley_image_metadata.csv
mendeley_maturity_preharvest_Wheat_Fruits_only_(4),data/raw/images/auxiliary_wheat_images/WheatPhenology A Multi-Stage Field Image Dataset o/5. Wheat Fruits only/Wheat Fruits only (4).jpg,Mendeley_WheatPhenology,India,wheat,Wheat Fruits only,maturity_preharvest,RGB,,yes,,mendeley_image_metadata.csv
mendeley_maturity_preharvest_Wheat_Fruits_only_(40),data/raw/images/auxiliary_wheat_images/WheatPhenology A Multi-Stage Field Image Dataset o/5. Wheat Fruits only/Wheat Fruits only (40).jpg,Mendeley_WheatPhenology,India,wheat,Wheat Fruits only,maturity_preharvest,RGB,,yes,,mendeley_image_metadata.csv
mendeley_maturity_preharvest_Wheat_Fruits_only_(41),data/raw/images/auxiliary_wheat_images/WheatPhenology A Multi-Stage Field Image Dataset o/5. Wheat Fruits only/Wheat Fruits only (41).jpg,Mendeley_WheatPhenology,India,wheat,Wheat Fruits only,maturity_preharvest,RGB,,yes,,mendeley_image_metadata.csv
mendeley_maturity_preharvest_Wheat_Fruits_only_(42),data/raw/images/auxiliary_wheat_images/WheatPhenology A Multi-Stage Field Image Dataset o/5. Wheat Fruits only/Wheat Fruits only (42).jpg,Mendeley_WheatPhenology,India,wheat,Wheat Fruits only,maturity_preharvest,RGB,,yes,,mendeley_image_metadata.csv
mendeley_maturity_preharvest_Wheat_Fruits_only_(43),data/raw/images/auxiliary_wheat_images/WheatPhenology A Multi-Stage Field Image Dataset o/5. Wheat Fruits only/Wheat Fruits only (43).jpg,Mendeley_WheatPhenology,India,wheat,Wheat Fruits only,maturity_preharvest,RGB,,yes,,mendeley_image_metadata.csv
mendeley_maturity_preharvest_Wheat_Fruits_only_(44),data/raw/images/auxiliary_wheat_images/WheatPhenology A Multi-Stage Field Image Dataset o/5. Wheat Fruits only/Wheat Fruits only (44).jpg,Mendeley_WheatPhenology,India,wheat,Wheat Fruits only,maturity_preharvest,RGB,,yes,,mendeley_image_metadata.csv
mendeley_maturity_preharvest_Wheat_Fruits_only_(45),data/raw/images/auxiliary_wheat_images/WheatPhenology A Multi-Stage Field Image Dataset o/5. Wheat Fruits only/Wheat Fruits only (45).jpg,Mendeley_WheatPhenology,India,wheat,Wheat Fruits only,maturity_preharvest,RGB,,yes,,mendeley_image_metadata.csv
mendeley_maturity_preharvest_Wheat_Fruits_only_(46),data/raw/images/auxiliary_wheat_images/WheatPhenology A Multi-Stage Field Image Dataset o/5. Wheat Fruits only/Wheat Fruits only (46).jpg,Mendeley_WheatPhenology,India,wheat,Wheat Fruits only,maturity_preharvest,RGB,,yes,,mendeley_image_metadata.csv
mendeley_maturity_preharvest_Wheat_Fruits_only_(47),data/raw/images/auxiliary_wheat_images/WheatPhenology A Multi-Stage Field Image Dataset o/5. Wheat Fruits only/Wheat Fruits only (47).jpg,Mendeley_WheatPhenology,India,wheat,Wheat Fruits only,maturity_preharvest,RGB,,yes,,mendeley_image_metadata.csv
mendeley_maturity_preharvest_Wheat_Fruits_only_(48),data/raw/images/auxiliary_wheat_images/WheatPhenology A Multi-Stage Field Image Dataset o/5. Wheat Fruits only/Wheat Fruits only (48).jpg,Mendeley_WheatPhenology,India,wheat,Wheat Fruits only,maturity_preharvest,RGB,,yes,,mendeley_image_metadata.csv
mendeley_maturity_preharvest_Wheat_Fruits_only_(49),data/raw/images/auxiliary_wheat_images/WheatPhenology A Multi-Stage Field Image Dataset o/5. Wheat Fruits only/Wheat Fruits only (49).jpg,Mendeley_WheatPhenology,India,wheat,Wheat Fruits only,maturity_preharvest,RGB,,yes,,mendeley_image_metadata.csv
mendeley_maturity_preharvest_Wheat_Fruits_only_(5),data/raw/images/auxiliary_wheat_images/WheatPhenology A Multi-Stage Field Image Dataset o/5. Wheat Fruits only/Wheat Fruits only (5).jpg,Mendeley_WheatPhenology,India,wheat,Wheat Fruits only,maturity_preharvest,RGB,,yes,,mendeley_image_metadata.csv
mendeley_maturity_preharvest_Wheat_Fruits_only_(50),data/raw/images/auxiliary_wheat_images/WheatPhenology A Multi-Stage Field Image Dataset o/5. Wheat Fruits only/Wheat Fruits only (50).jpg,Mendeley_WheatPhenology,India,wheat,Wheat Fruits only,maturity_preharvest,RGB,,yes,,mendeley_image_metadata.csv
mendeley_maturity_preharvest_Wheat_Fruits_only_(51),data/raw/images/auxiliary_wheat_images/WheatPhenology A Multi-Stage Field Image Dataset o/5. Wheat Fruits only/Wheat Fruits only (51).jpg,Mendeley_WheatPhenology,India,wheat,Wheat Fruits only,maturity_preharvest,RGB,,yes,,mendeley_image_metadata.csv
mendeley_maturity_preharvest_Wheat_Fruits_only_(52),data/raw/images/auxiliary_wheat_images/WheatPhenology A Multi-Stage Field Image Dataset o/5. Wheat Fruits only/Wheat Fruits only (52).jpg,Mendeley_WheatPhenology,India,wheat,Wheat Fruits only,maturity_preharvest,RGB,,yes,,mendeley_image_metadata.csv
mendeley_maturity_preharvest_Wheat_Fruits_only_(53),data/raw/images/auxiliary_wheat_images/WheatPhenology A Multi-Stage Field Image Dataset o/5. Wheat Fruits only/Wheat Fruits only (53).jpg,Mendeley_WheatPhenology,India,wheat,Wheat Fruits only,maturity_preharvest,RGB,,yes,,mendeley_image_metadata.csv
mendeley_maturity_preharvest_Wheat_Fruits_only_(54),data/raw/images/auxiliary_wheat_images/WheatPhenology A Multi-Stage Field Image Dataset o/5. Wheat Fruits only/Wheat Fruits only (54).jpg,Mendeley_WheatPhenology,India,wheat,Wheat Fruits only,maturity_preharvest,RGB,,yes,,mendeley_image_metadata.csv
mendeley_maturity_preharvest_Wheat_Fruits_only_(55),data/raw/images/auxiliary_wheat_images/WheatPhenology A Multi-Stage Field Image Dataset o/5. Wheat Fruits only/Wheat Fruits only (55).jpg,Mendeley_WheatPhenology,India,wheat,Wheat Fruits only,maturity_preharvest,RGB,,yes,,mendeley_image_metadata.csv
mendeley_maturity_preharvest_Wheat_Fruits_only_(6),data/raw/images/auxiliary_wheat_images/WheatPhenology A Multi-Stage Field Image Dataset o/5. Wheat Fruits only/Wheat Fruits only (6).jpg,Mendeley_WheatPhenology,India,wheat,Wheat Fruits only,maturity_preharvest,RGB,,yes,,mendeley_image_metadata.csv
mendeley_maturity_preharvest_Wheat_Fruits_only_(7),data/raw/images/auxiliary_wheat_images/WheatPhenology A Multi-Stage Field Image Dataset o/5. Wheat Fruits only/Wheat Fruits only (7).jpg,Mendeley_WheatPhenology,India,wheat,Wheat Fruits only,maturity_preharvest,RGB,,yes,,mendeley_image_metadata.csv
mendeley_maturity_preharvest_Wheat_Fruits_only_(8),data/raw/images/auxiliary_wheat_images/WheatPhenology A Multi-Stage Field Image Dataset o/5. Wheat Fruits only/Wheat Fruits only (8).jpg,Mendeley_WheatPhenology,India,wheat,Wheat Fruits only,maturity_preharvest,RGB,,yes,,mendeley_image_metadata.csv
mendeley_maturity_preharvest_Wheat_Fruits_only_(9),data/raw/images/auxiliary_wheat_images/WheatPhenology A Multi-Stage Field Image Dataset o/5. Wheat Fruits only/Wheat Fruits only (9).jpg,Mendeley_WheatPhenology,India,wheat,Wheat Fruits only,maturity_preharvest,RGB,,yes,,mendeley_image_metadata.csv
